AnnoScolastico,territorio,DescrizioneComune,CodiceScuola,DenominazioneScuola,IndirizzoScuola,CAPScuola,DescrizioneTipologiaGradoIstruzioneScuola
202526,,ACIREALE,CTTF033019,ITI G. FERRARIS,VIA TRAPANI N.4,95024,ISTITUTO TECNICO INDUSTRIALE
202526,,ACIREALE,CTTF03350N,GALILEO FERRARIS CORSO SERALE,Non Disponibile,Non Disponibile,ISTITUTO TECNICO INDUSTRIALE
202526,,ACIREALE,CTTN008018,I.I.S. F. BRUNELLESCHI - SEZ. TURISTICO,VIA GUICCIARDINI SN,95024,ISTITUTO TECNICO PER IL TURISMO
202526,,ACIREALE,CTTN008504,CORSO SERALE TURISMO,VIA GUICCIARDINI SN,95024,ISTITUTO TECNICO PER IL TURISMO
202526,,ADRANO,CTTD18000C,PIETRO BRANCHINA,VIA PASQUALE SIMONE NERI 11,95031,IST TEC COMMERCIALE E PER GEOMETRI
202526,,ADRANO,CTTD18050T,PIETRO BRANCHINA,VIA PASQUALE SIMONE NERI 11,95031,ISTITUTO TECNICO COMMERCIALE
202526,,AGRIGENTO,AGTD023013,I.T.E.T. LEONARDO SCIASCIA,VIA RICCARDO QUARTARARO S.N.C.,92100,ISTITUTO TECNICO COMMERCIALE
202526,,AGRIGENTO,AGTL02301D,"ITG ""BRUNELLESCHI""",CONTRADA CALCARELLE,92100,ISTITUTO TECNICO PER GEOMETRI
202526,,AGRIGENTO,AGTL02351V,BRUNELLESCHI,Non Disponibile,Non Disponibile,ISTITUTO TECNICO PER GEOMETRI
202526,,ALCAMO,TPTD02000X,"I.T.E.T. ""G. CARUSO"" ALCAMO",VIA J.F. KENNEDY N. 2,91011,IST TEC COMMERCIALE E PER GEOMETRI
202526,,ALCAMO,TPTD020509,"I.T.E.T. ""G. CARUSO"" SERALE ALCAMO",VIA J.F. KENNEDY N. 2,91011,ISTITUTO TECNICO COMMERCIALE
202526,,ALIA,PATD01101P,I.T.C. DI ALIA,C.DA CHIANCHITELLO,90021,ISTITUTO TECNICO COMMERCIALE
202526,,ARAGONA,AGTF024015,E. FERMI,VIA MINIERA TACCIA CACI PIRANDELLO,92021,ISTITUTO TECNICO INDUSTRIALE
202526,,AUGUSTA,SRTD00901A,"IST.TEC. SETT. ECONOMICO ""A. RUIZ""",VIA CATANIA 83 E VIA PIRANDELLO 21,96011,ISTITUTO TECNICO COMMERCIALE
202526,,AUGUSTA,SRTD00903C,I.T.C. RUIZ CARCERE AUGUSTA,CONTRADA PIANO IPPOLITO 1,96011,ISTITUTO TECNICO COMMERCIALE
202526,,AUGUSTA,SRTD00951Q,"IST. TEC. COMM.""RUIZ"" SERALE",VIA CATANIA 83,96011,ISTITUTO TECNICO COMMERCIALE
202526,,AUGUSTA,SRTF00901L,IST.TEC. SETT.TECNOLOGICO-LIC.SC.,VIA CATANIA 83,96011,ISTITUTO TECNICO INDUSTRIALE
202526,,AUGUSTA,SRTF009512,IST.TEC. IND.LE AUGUSTA SERALE,VIA CATANIA 83,96011,ISTITUTO TECNICO INDUSTRIALE
202526,,AUGUSTA,SRTL029023,IIS EINAUDI - ITG - CASA RECLUS. BRUCOLI,CONTRADA PIANO IPPOLITO 1,96011,ISTITUTO TECNICO PER GEOMETRI
202526,,AVOLA,SRTD02301L,MAJORANA AFM -TURISTICO,VIA LABRIOLA1,96012,ISTITUTO TECNICO COMMERCIALE
202526,,AVOLA,SRTD023501,MAJORANA- SERALE,VIA A. LABRIOLA,96012,ISTITUTO TECNICO COMMERCIALE
202526,082006,BAGHERIA,PATD043016,IS. TEC. EC. E PER IL TUR. DON L. STURZO,Non Disponibile,90011,ISTITUTO TECNICO COMMERCIALE
202526,082006,BAGHERIA,PATD04351G,IST.T.COM. DON LUIGI STURZO SERALE,VIA S. IGNAZIO DI LOYOLA 7,90011,ISTITUTO TECNICO COMMERCIALE
202526,082006,BAGHERIA,PATF04201L,IST. TECNICO D'ACQUISTO,VIA CONSOLARE,90011,ISTITUTO TECNICO INDUSTRIALE
202526,,BARCELLONA POZZO DI GOTTO,METD08000A,"ITET ""E. FERMI"" ECONOMICO E TECNOLOGICO",VIA PITAGORA 42,98051,IST TEC COMMERCIALE E PER GEOMETRI
202526,,BARCELLONA POZZO DI GOTTO,METD08001B,SEDE CARCERARIA,Non Disponibile,Non Disponibile,IST TEC COMMERCIALE E PER GEOMETRI
202526,,BARCELLONA POZZO DI GOTTO,METD08050Q,"ITET ""E. FERMI"" ECON. E TECN. (SERALE)",VIA PITAGORA N. 42,98051,IST TEC COMMERCIALE E PER GEOMETRI
202526,,BARCELLONA POZZO DI GOTTO,METF03000G,ITT-LSSA COPERNICO,VIA ROMA 250,98051,ISTITUTO TECNICO INDUSTRIALE
202526,,BARCELLONA POZZO DI GOTTO,METF030501,ITT-LSSA COPERNICO BARCELLONA P.G SERALE,VIA ROMA 250,98051,ISTITUTO TECNICO INDUSTRIALE
202526,,BELPASSO,CTTF01601G,"""GALILEO FERRARIS""",VIA LEONARDO SCIASCIA 3,95032,ISTITUTO TECNICO INDUSTRIALE
202526,,BELPASSO,CTTF01650X,GALILEO FERRARIS SERALE,VIA LEONARDO SCIASCIA 3,95032,ISTITUTO TECNICO INDUSTRIALE
202526,,BIANCAVILLA,CTTD18001D,ISTITUTO TECNICO INDUSTRIALE - IND CHIM,VIA GIAMBATTISTA VICO 12,95033,IST TECNICO ECONOMICO E TECNOLOGICO
202526,,BISACQUINO,PATD014016,DON CALOGERO DI VINCENTI,VIA SALERNO,90032,IST TEC COMMERCIALE E PER GEOMETRI
202526,,BIVONA,AGTD01701Q,LORENZO PANEPINTO,C.DA SANTA FILOMENA SNC,92010,IST TEC COMMERCIALE E PER GEOMETRI
202526,,BRONTE,CTTD011016,BENEDETTO RADICE,VIA SARAJEVO1,95034,ISTITUTO TECNICO COMMERCIALE
202526,,BRONTE,CTTD01151G,BENEDETTO RADICE - SERALE,VIA SELVAGGI S.N.,95034,ISTITUTO TECNICO COMMERCIALE
202526,,CALATAFIMI-SEGESTA,TPTD00801A,TECNICO- A.F.M.AMM. FINANZA E MARKETING,VIA LEONARDO DA VINCI 60,91014,ISTITUTO TECNICO COMMERCIALE
202526,,CALTAGIRONE,CTTA00401L,CUCUZZA-EUCLIDE - SEZ. ITA,VIA DELLE BALATAZZE32,95041,ISTITUTO TECNICO AGRARIO
202526,,CALTAGIRONE,CTTA004501,CAT- ITA- IPSSEOA SERALE,VIA MARIO SCELBA5,95041,ISTITUTO TECNICO AGRARIO
202526,,CALTAGIRONE,CTTD04901L,ITC G. ARCOLEO - CALTAGIRONE,VIALE AUTONOMIA N.6,95041,ISTITUTO TECNICO COMMERCIALE
202526,,CALTAGIRONE,CTTD049512,I.T.C. SERALE CALTAGIORNE,VIALE AUTONOMIA 6,95041,ISTITUTO TECNICO COMMERCIALE
202526,,CALTAGIRONE,CTTF004019,CUCUZZA-EUCLIDE - SEZ. ITI,VIA MARIO SCELBA N.1,95041,ISTITUTO TECNICO INDUSTRIALE
202526,,CALTAGIRONE,CTTL00401D,CUCUZZA-EUCLIDE CALTAGIRONE -SEZ. ITG,VIA MARIO SCELBA 5,95041,ISTITUTO TECNICO PER GEOMETRI
202526,,CALTANISSETTA,CLTA023011,AGRARIA - AGROALIMENTARE - AGROINDUSTRIA,VIA LEONE XIII 64,93100,ISTITUTO TECNICO AGRARIO
202526,,CALTANISSETTA,CLTD090005,"I.T.E.T. ""RAPISARDI-DA VINCI""",VIALE REGINA MARGHERITA 27,93100,IST TEC COMMERCIALE E PER GEOMETRI
202526,,CALTANISSETTA,CLTD090027,"""M. RAPISARDI"" CARCERARIO - CALTANISSETT",VIALE REGINA MARGHERITA,93100,ISTITUTO TECNICO COMMERCIALE
202526,,CALTANISSETTA,CLTD09050E,"""M. RAPISARDI"" CORSO SERALE - CALTANISS",VIALE REGINA MARGHERITA,93100,ISTITUTO TECNICO COMMERCIALE
202526,,CALTANISSETTA,CLTE013018,LUIGI RUSSO,VIA LEONE XIII 48/D,93100,ISTITUTO TECNICO PER ATTIVITA' SOCIALI (GIA' ITF)
202526,,CALTANISSETTA,CLTE01350L,CORSO SERALE BIOTEC. - CALTANISSETTA,VIA LEONE XIII 48/D,93100,ISTITUTO TECNICO PER ATTIVITA' SOCIALI (GIA' ITF)
202526,,CALTANISSETTA,CLTF012017,SETTORE TECNOLOGICO S. MOTTURA,VIALE DELLA REGIONE 71,93100,ISTITUTO TECNICO INDUSTRIALE
202526,,CALTANISSETTA,CLTF01251L,CORSO SERALE S. MOTTURA - CALTANISSETTA,VIALE DELLA REGIONE 71,93100,ISTITUTO TECNICO INDUSTRIALE
202526,,CALTANISSETTA,CLTF019012,"""A. VOLTA""",VIA MARTOGLIO,93100,ISTITUTO TECNICO INDUSTRIALE
202526,,CAMMARATA,AGTF02601R,"ITI ""ARCHIMEDE""",VIA G. BONFIGLIO44,92022,ISTITUTO TECNICO INDUSTRIALE
202526,,CAMPOBELLO DI LICATA,AGTD01801G,GINO ZAPPA,VIA ARCADIPANE 12,Non Disponibile,ISTITUTO TECNICO COMMERCIALE
202526,,CAMPOBELLO DI LICATA,AGTD01850X,GINO ZAPPA,Non Disponibile,Non Disponibile,ISTITUTO TECNICO COMMERCIALE
202526,,CAMPOBELLO DI MAZARA,TPTL021017,I.T.G. V. ACCARDI - CAMPOBELLO DI MAZARA,VIA ROMA - PROLUNGAMENTO,91021,ISTITUTO TECNICO PER GEOMETRI
202526,,CAMPOBELLO DI MAZARA,TPTL02151L,ISTITUTO TECNICO PER GEOMETRI,VIA ROMA PROLUNGAMENTO,91021,ISTITUTO TECNICO PER GEOMETRI
202526,,CANICATTI',AGTD02701A,ITCG GALILEO GALILEI,VIA PIRANDELLO 4,92024,IST TEC COMMERCIALE E PER GEOMETRI
202526,,CAPO D'ORLANDO,METD024013,ITC CAPO D'ORLANDO MERENDINO,C/DA SANTA LUCIA,98071,IST TEC COMMERCIALE E PER GEOMETRI
202526,,CARLENTINI,SRTF01101L,I.T.I. CARLENTINI,VIA CAPORALE MORELLI 4,96013,ISTITUTO TECNICO INDUSTRIALE
202526,,CARLENTINI,SRTF011512,I.T.I. CARLENTINI-SERALE-,VIA CAPORALE MORELLI 4,96013,ISTITUTO TECNICO INDUSTRIALE
202526,,CASTELLAMMARE DEL GOLFO,TPTD00802B,"TECNICO TURISMO - ITC ""P. MATTARELLA""",VIA FLEMING 19,91014,ISTITUTO TECNICO COMMERCIALE
202526,,CASTELTERMINI,AGTD02601E,"ITIA ""ARCHIMEDE""",VIALE KENNEDY N. 29,92025,ISTITUTO TECNICO COMMERCIALE
202526,,CASTELVETRANO,TPTD02101R,"I.T.C. ""G.B.FERRIGNO"" C/VETRANO",VIA G. GENTILE S.N.C.,91022,ISTITUTO TECNICO COMMERCIALE
202526,,CATANIA,CTTA03801Q,F. EREDIA,VIA DEL BOSCO 43,95125,ISTITUTO TECNICO AGRARIO
202526,,CATANIA,CTTA038504,F.EREDIA CORSO SERALE,VIA DEL BOSCO N.43,95125,ISTITUTO TECNICO AGRARIO
202526,,CATANIA,CTTB01000A,ITAER A. FERRARIN,VIA GALERMO 172,95123,ISTITUTO TECNICO AERONAUTICO
202526,,CATANIA,CTTD02301C,GEMMELLARO - AMMINISTFIN. E MKT,CORSO INDIPENDENZA229,95122,ISTITUTO TECNICO COMMERCIALE
202526,,CATANIA,CTTD02350R,CARLO GEMMELLARO SERALE,CORSO INDIPENDENZA 229,95122,ISTITUTO TECNICO COMMERCIALE
202526,,CATANIA,CTTD03401V,ITC DE FELICE GIUFFRIDA,PIAZZA ROMA 4,95125,ISTITUTO TECNICO COMMERCIALE
202526,,CATANIA,CTTD034507,DE FELICE - GIUFFRIDA SERALE,PIAZZA ROMA 4,95125,ISTITUTO TECNICO COMMERCIALE
202526,,CATANIA,CTTF01000G,ISTITUTO TECNICO ARCHIMEDE,VIALE REGINA MARGHERITA 22,95123,ISTITUTO TECNICO INDUSTRIALE
202526,,CATANIA,CTTF010501,ISTITUTO TECNICO ARCHIMEDE,VIALE REGINA MARGHERITA 22,95123,ISTITUTO TECNICO INDUSTRIALE
202526,,CATANIA,CTTF01701B,VACCARINI,VIA ORCHIDEA 9,95123,ISTITUTO TECNICO INDUSTRIALE
202526,,CATANIA,CTTF02301P,GEMMELLARO - INFORMATICA,CORSO INDIPENDENZA 229,95122,ISTITUTO TECNICO INDUSTRIALE
202526,,CATANIA,CTTF03000R,ITI CANNIZZARO,VIA CARLO PISACANE 1,95122,ISTITUTO TECNICO INDUSTRIALE
202526,,CATANIA,CTTF030517,CANNIZZARO,VIA CARLO PISACANE 1,95122,ISTITUTO TECNICO INDUSTRIALE
202526,,CATANIA,CTTF04301X,ITI G.MARCONI,VIA VESCOVO MAURIZIO82,95126,ISTITUTO TECNICO INDUSTRIALE
202526,,CATANIA,CTTF043508,CORSO SERALE ISTITUTO TECNICO INDUSTR.,VIA VESCOVO MAURIZIO 82,95126,ISTITUTO TECNICO INDUSTRIALE
202526,,CATANIA,CTTH007018,DUCA DEGLI ABRUZZI,VIALE ARTALE ALAGONA 99,95126,ISTITUTO TECNICO NAUTICO
202526,,CATANIA,CTTH00750L,SERALE IST.TEC NAUTICO ABRUZZI,VIA ARTALE ALAGONA 97,95126,ISTITUTO TECNICO NAUTICO
202526,,CATANIA,CTTL01701G,G. B. VACCARINI,VIA ORCHIDEA 9,95123,ISTITUTO TECNICO PER GEOMETRI
202526,,CATANIA,CTTL017511,G.B. VACCARINI - SERALE,VIA ORCHIDEA,95123,ISTITUTO TECNICO PER GEOMETRI
202526,,CATANIA,CTTN02301A,GEMMELLARO - TURISMO,CORSO INDIPENDENZA N. 229,95122,ISTITUTO TECNICO PER IL TURISMO
202526,,CEFALU',PATD022015,ISTITUTO TECNICO,VIA PIETRAGROSSA N. 68/70,90015,IST TEC COMMERCIALE E PER GEOMETRI
202526,,CEFALU',PATD02251E,JACOPO DEL DUCA,VIA PIETRAGROSSA 68,90015,IST TEC COMMERCIALE E PER GEOMETRI
202526,,CERDA,PATF01301L,ISTITUTO TEC.INDUS.DI CERDA,VIA ROMA N. 42,90010,ISTITUTO TECNICO INDUSTRIALE
202526,,CERDA,PATF013501,ISTSUP.IISS STENIO T.IM. SEZ.CERDA,VIA ROMA N.42,90010,ISTITUTO TECNICO INDUSTRIALE
202526,,CIMINNA,PATD03901E,ITC SEZ. ST. CIMINNA,VIA C.A. DALLA CHIESA,90023,ISTITUTO TECNICO COMMERCIALE
202526,,COMISO,RGTD00301E,IST. TECN. ECONOMICO G. CARDUCCI,VIA HO CHI MIN,97013,ISTITUTO TECNICO COMMERCIALE
202526,,CORLEONE,PATA01401Q,IST.TEC.AGRARIO DON CALOGERO DI VINCENTI,PIAZZA SANTA MARIA,90034,ISTITUTO TECNICO AGRARIO
202526,,ENNA,ENTD021014,DUCA D'AOSTA,VIA SALVATORE MAZZA 3/5,94100,ISTITUTO TECNICO COMMERCIALE
202526,,ENNA,ENTD02151D,CORSO SERALE DUCA D'AOSTA - ENNA,VIA SALVATORE MAZZA N. 3,94100,ISTITUTO TECNICO COMMERCIALE
202526,,ERICE,TPTD02201L,"I.I.S.S. ""SCIASCIA E BUFALINO"" - CARCERE",VIA SAN CUSUMANO - CASA CIRCONDARIALE,91016,ISTITUTO TECNICO COMMERCIALE
202526,,ERICE,TPTD02202N,"IST.TEC. ECONOMICO ""SCIASCIA E BUFALINO""",VIA CESARO' N.36,91016,ISTITUTO TECNICO COMMERCIALE
202526,,FLORIDIA,SRTL029034,IIS EINAUDI ITG CASA CIRCOND. CAVADONNA,STR. MONASTERI 20,96100,ISTITUTO TECNICO PER GEOMETRI
202526,,FRANCOFONTE,SRTD01102B,IST. TEC. COMM. FRANCOFONTE,C.DA S. ANTONIO S.N.,96015,ISTITUTO TECNICO COMMERCIALE
202526,,FRANCOFONTE,SRTD01152R,CORSO SERALE,Non Disponibile,Non Disponibile,ISTITUTO TECNICO COMMERCIALE
202526,,FURCI SICULO,METD03302V,FURCI SICULO,VIA MARCONI,98023,IST TEC COMMERCIALE E PER GEOMETRI
202526,,GANGI,PATD01701N,"""G. SALERNO""",VIA ROCCO CHINNICI S.N.C,90024,ISTITUTO TECNICO COMMERCIALE
202526,,GANGI,PATD017513,"""G. SALERNO"" SERALE",VIA ROCCO CHINNICI S.N.C,90024,ISTITUTO TECNICO COMMERCIALE
202526,,GELA,CLTD02201G,L. STURZO,VIA ETTORE ROMAGNOLI 78,93012,ISTITUTO TECNICO COMMERCIALE
202526,,GELA,CLTD022511,CORSO SERALE A.F.M. - GELA,Non Disponibile,Non Disponibile,ISTITUTO TECNICO COMMERCIALE
202526,,GELA,CLTF02201T,"I.T.T. ""E. MORSELLI""",VIA PITAGORA,93012,ISTITUTO TECNICO INDUSTRIALE
202526,,GELA,CLTF022517,CORSO SERALE MECC. - GELA,VIA PITAGORA,93012,ISTITUTO TECNICO INDUSTRIALE
202526,,GELA,CLTL006014,"TRASPORTI E LOGISTICA ""E. MAJORANA""",VIA PITAGORA N. 41,93012,ISTITUTO TECNICO PER GEOMETRI
202526,,GELA,CLTL00651D,SERALI CAT IPSS NAUTICO - MAJORANA GELA,VIA PITAGORA 41,93012,ISTITUTO TECNICO PER GEOMETRI
202526,,GIARRE,CTTF039018,ITI ENRICO FERMI,VIA NUNZIO MACCARRONE 4,95014,ISTITUTO TECNICO INDUSTRIALE
202526,,GIARRE,CTTF03951N,ENRICO FERMI,VIA NUNZIO MACCARRONE 4,95014,ISTITUTO TECNICO INDUSTRIALE
202526,,GRAMMICHELE,CTTD05602R,"I.T.C. ""G. ARCOLEO"" SEZ. DI GRAMMICHELE",VIA L. EINAUDI N.5,95042,ISTITUTO TECNICO COMMERCIALE
202526,,LENTINI,SRTD01101A,IST. TEC. COMM. LENTINI,VIA RICCARDO DA LENTINI 89B,96016,ISTITUTO TECNICO COMMERCIALE
202526,,LENTINI,SRTD01151Q,IST. TEC. COMM. SERALE,VIA RICCARDO DA LENTINI 89B,96016,ISTITUTO TECNICO COMMERCIALE
202526,,LENTINI,SRTL01101R,PIER LUIGI NERVI,VIA R. DA LENTINI 89,96016,ISTITUTO TECNICO PER GEOMETRI
202526,,LICATA,AGTD01101R,"ITC ""F. RE CAPRIATA""",VIA CAMPOBELLO,92027,ISTITUTO TECNICO COMMERCIALE
202526,,LICATA,AGTD011516,"I.T.C. ""F.RE CAPRIATA"" CORSO SERALE",VIA CAMPOBELLO,92027,ISTITUTO TECNICO COMMERCIALE
202526,,LICATA,AGTL011017,INES GIGANTI CURELLA,VIA FILIPPO RE GRILLO (C. DA CANNELLE),92027,ISTITUTO TECNICO PER GEOMETRI
202526,,LICATA,AGTL01151L,"I.T.G.""I.G.CURELLA"" (CORSO SERALE)",VIA PALMA N.322,92027,ISTITUTO TECNICO PER GEOMETRI
202526,,LIPARI,METD008015,ISA CONTI ELLER VAINICHER,VIA TORRENTE S.LUCIA,98055,IST TEC COMMERCIALE E PER GEOMETRI
202526,,MARINEO,PATD00901P,I.T.C. DI MARINEO,VIA ETTORE MAJORANA SN,90035,ISTITUTO TECNICO COMMERCIALE
202526,,MARSALA,TPTA01201G,"IST. TEC. AGRARIO ""A. DAMIANI"" MARSALA",VIA TRAPANI 218,91025,ISTITUTO TECNICO AGRARIO
202526,,MARSALA,TPTA01250X,"I.T.A. ""A. DAMIANI"" CORSO SERALE MARSALA",VIA TRAPANI 218,91025,ISTITUTO TECNICO AGRARIO
202526,,MARSALA,TPTD03000E,"I.T.E.T. ""G. GARIBALDI"" MARSALA",VIA FICI 23,91025,ISTITUTO TECNICO COMMERCIALE
202526,,MARSALA,TPTD03050X,"I.T.E.T. ""GARIBALDI"" CORSO SERALE",VIA DANTE ALIGHIERI 120,91025,ISTITUTO TECNICO COMMERCIALE
202526,,MASCALUCIA,CTTF026016,ITI - MASCALUCIA,VIA CASE NUOVE 37,95030,ISTITUTO TECNICO INDUSTRIALE
202526,,MAZARA DEL VALLO,TPTD02601X,"I.T.S.E. ""F. FERRARA"" MAZARA DEL VALLO",VIA SAN PIO N.4 C/DA AFFACCIATA,91026,ISTITUTO TECNICO COMMERCIALE
202526,,MAZARA DEL VALLO,TPTF01401X,"I.T.I. ""R. D'ALTAVILLA"" MAZARA DEL VALLO",C/DA AFFACCIATA - PIAZZA SANDRO PERTINI,91026,ISTITUTO TECNICO INDUSTRIALE
202526,,MAZARA DEL VALLO,TPTF014519,"I.T.I. ""R. D'ALTAVILLA"" SERALE - MAZARA",C/DA AFFACCIATA - PIAZZA SANDRO PERTINI,91026,ISTITUTO TECNICO INDUSTRIALE
202526,,MAZZARINO,CLTD00701D,C.M. CARAFA,PIAZZA CARLO MARIA CARAFA,93013,IST TEC COMMERCIALE E PER GEOMETRI
202526,,MAZZARINO,CLTD00750T,CORSO SERALE - C.A.T. - MAZZARINO,Non Disponibile,Non Disponibile,IST TEC COMMERCIALE E PER GEOMETRI
202526,,MESSINA,META00901E,PIETRO CUPPARI,SAN PLACIDO CALONERO',98139,ISTITUTO TECNICO AGRARIO
202526,,MESSINA,METD009011,"ITC ""QUASIMODO"" MESSINA",FONDO FUCILE,98147,ISTITUTO TECNICO COMMERCIALE
202526,,MESSINA,METD037015,"IST. TEC. ECONOMICO ""A.M.JACI""",VIA CESARE BATTISTI 88,98122,ISTITUTO TECNICO COMMERCIALE
202526,,MESSINA,METD03751E,"IST. TEC. ECONOMICO "" A.M. JACI""",VIA CESARE BATTISTI 88,98122,ISTITUTO TECNICO COMMERCIALE
202526,,MESSINA,METF02701R,"IST. TECN. TECNOLOGICO ""VERONA TRENTO""",VIA UGO BASSI IS 148,98122,ISTITUTO TECNICO INDUSTRIALE
202526,,MESSINA,METF027505,IST TECN. TECNOL. VERONA TRENTO SERALE,VIA UGO BASSI IS. 148,98122,ISTITUTO TECNICO INDUSTRIALE
202526,,MESSINA,METH03701V,"I.T.T.L. ""CAIO DUILIO""",VIA GIUSEPPE LA FARINA N.70,98123,ISTITUTO TECNICO NAUTICO
202526,,MESSINA,METH037518,ITTL CAIO DUILIO MESSINA CORSO SERALE,VIA GIUSEPPE LA FARINA 70,98123,ISTITUTO TECNICO NAUTICO
202526,,MESSINA,METL00901B,G. MINUTOLI,FONDO FUCILE C.DA GAZZI,98147,ISTITUTO TECNICO PER GEOMETRI
202526,,MESSINA,METL00902C,SEDE CARCERARIA GAZZI,FONDO FUCILE GAZZI,Non Disponibile,ISTITUTO TECNICO PER GEOMETRI
202526,,MESSINA,METL00951R,G. MINUTOLI (CORSO SERALE),FONDO FUCILE C.DA GAZZI,98147,ISTITUTO TECNICO PER GEOMETRI
202526,,MESSINA,METN01901D,IST. TECNICO TURISMO GRAFICA ANTONELLO,VIALE GIOSTRA 2,98121,ISTITUTO TECNICO PER IL TURISMO
202526,,MILAZZO,METD05000E,I.T. L.DA VINCI ECONOMICO TECNOLOGICO,VIA COLONNELLO MAGISTRI,98057,IST TEC COMMERCIALE E PER GEOMETRI
202526,,MILAZZO,METD05050X,L. DA VINCI,Non Disponibile,Non Disponibile,IST TEC COMMERCIALE E PER GEOMETRI
202526,,MILAZZO,METF020001,ISTITUTO TECNICO TECNOLOGICO E.MAJORANA,VIA TRE MONTI 4,98057,ISTITUTO TECNICO INDUSTRIALE
202526,,MILITELLO IN VAL DI CATANIA,CTTD054014,I.S. CARRERA AFM TECN. BIOTEC SANITARIE,VIA GRENCHEN SN,95043,IST TEC COMMERCIALE E PER GEOMETRI
202526,,MILITELLO IN VAL DI CATANIA,CTTD05450C,CORSO SERALE CARRERA MILITELLO,VIA GRENCHEN SNC,95043,ISTITUTO TECNICO COMMERCIALE
202526,,MODICA,RGTD021014,ARCHIMEDE,VIA FABRIZIO 10,97015,ISTITUTO TECNICO COMMERCIALE
202526,,MODICA,RGTD02150C,ARCHIMEDE -ALBERTI SERALE,VIA FABRIZIO 10,97015,ISTITUTO TECNICO COMMERCIALE
202526,,MODICA,RGTL02101E,IST. TECN. L.B.ALBERTI,VIA FABRIZIO 10,97015,ISTITUTO TECNICO PER GEOMETRI
202526,,MUSSOMELI,CLTD016018,G. B. HODIERNA,CONTRADA PRATO,93014,IST TEC COMMERCIALE E PER GEOMETRI
202526,,MUSSOMELI,CLTD01651N,CORSO SERALE A.F.M. - C.A.T. - MUSSOMELI,CONTRADA PRATO,93014,ISTITUTO TECNICO COMMERCIALE
202526,,NARO,AGTD02702B,"""FEDERICO II""",VIA BANDINO,92028,ISTITUTO TECNICO COMMERCIALE
202526,,NICOSIA,ENTD019014,ALESSANDRO VOLTA,VIALE VITTORIO VENETO 59,94014,IST TEC COMMERCIALE E PER GEOMETRI
202526,,NISCEMI,CLTD00201A,IST. TECN. AMM. FIN. MARK,VIA C.A. DALLA CHIESA S.N.,93015,ISTITUTO TECNICO COMMERCIALE
202526,,NOTO,SRTE016022,P.SSA G. DI SAVOIA NOTO,VIA PITAGORA,96017,ISTITUTO TECNICO PER ATTIVITA' SOCIALI (GIA' ITF)
202526,,NOTO,SRTL01601X,M. CARNILIVARI,VIA PLATONE 4,96017,ISTITUTO TECNICO PER GEOMETRI
202526,,PACHINO,SRTF014014,MICHELANGELO BARTOLO,VIA FIUME,96018,ISTITUTO TECNICO INDUSTRIALE
202526,,PACHINO,SRTF01451D,"I.T.I.""BARTOLO"" SERALE",VIA FIUME,96018,ISTITUTO TECNICO INDUSTRIALE
202526,,PALAGONIA,CTTD04201T,I.T.COMMERCIALE(SEZ.ASS.I.I.S.PALAGONIA),VIA C. BATTISTI S.N.,95046,ISTITUTO TECNICO COMMERCIALE
202526,,PALAGONIA,CTTD042506,IT COMM. SERALE PALAGONIA,VIA C. BATTISTI S.N.,95046,ISTITUTO TECNICO COMMERCIALE
202526,,PALAZZOLO ACREIDE,SRTF00301N,TECNICO INDUSTRIALE,VIA ANTONINO UCCELLO,96010,ISTITUTO TECNICO INDUSTRIALE
202526,082053,PALERMO,PATA01601B,I.T.A. AGRARIO MAJORANA,VIA G. ASTORINO 56,90146,ISTITUTO TECNICO AGRARIO
202526,082053,PALERMO,PATD023011,F. FERRARA,VIA SGARLATA 11,90133,ISTITUTO TECNICO COMMERCIALE
202526,082053,PALERMO,PATD02351A,F. FERRARA - SERALE,VIA SGARLATA 11,90133,ISTITUTO TECNICO COMMERCIALE
202526,082053,PALERMO,PATD03201Q,TD CRISPI,L.GO MARIO MINEO4,90145,ISTITUTO TECNICO COMMERCIALE
202526,082053,PALERMO,PATD032504,ALMEYDA - CRISPI,LARGO MARIO MINEO 4,Non Disponibile,ISTITUTO TECNICO COMMERCIALE
202526,082053,PALERMO,PATD03801P,"I.T. ECONOMICO E TURISMO ""PIO LA TORRE""",VIA NINA SICILIANA 22,90135,ISTITUTO TECNICO COMMERCIALE
202526,082053,PALERMO,PATD038514,ITC. PIO LA TORRE,VIA NINA SICILIANA 22,90135,ISTITUTO TECNICO COMMERCIALE
202526,082053,PALERMO,PATD044012,ITCG E TURISMO DUCA ABRUZZI - GRASSI,VIA FAZIO N. 1,90143,IST TEC COMMERCIALE E PER GEOMETRI
202526,082053,PALERMO,PATD04451B,ITC. DUCA ABRUZZI- GRASSI,VIA FAZIO 1,90146,IST TEC COMMERCIALE E PER GEOMETRI
202526,082053,PALERMO,PATF016014,ITI MAJORANA,VIA G. ASTORINO 56,90146,ISTITUTO TECNICO INDUSTRIALE
202526,082053,PALERMO,PATF024013,ENRICO MEDI,VIA LEONARDO DA VINCI 364,90135,ISTITUTO TECNICO INDUSTRIALE
202526,082053,PALERMO,PATF02701E,A. VOLTA,PASSAGGIO DEI PICCIOTTI 1,90123,ISTITUTO TECNICO INDUSTRIALE
202526,082053,PALERMO,PATF02750V,IST.TECN.IND.ALESSANDRO VOLTA,VIA PASSAGGIO DEI PICCIOTTI N.1,90123,ISTITUTO TECNICO INDUSTRIALE
202526,082053,PALERMO,PATF02801A,E. ASCIONE,VIA CENTURIPE 11,90135,ISTITUTO TECNICO INDUSTRIALE
202526,082053,PALERMO,PATF030009,I.T.S.T. VITTORIO EMANUELE III,VIA DUCA DELLA VERDURA 48,90143,ISTITUTO TECNICO INDUSTRIALE
202526,082053,PALERMO,PATF03050P,I.T.I.V.E.III SERALE,VIA DUCA DELLA VERDURA 48,90143,ISTITUTO TECNICO INDUSTRIALE
202526,082053,PALERMO,PATH03601R,"ITTL ""GIOENI - TRABIA""",VIA VITTORIO EMANUELE 27,90133,ISTITUTO TECNICO NAUTICO
202526,082053,PALERMO,PATH036505,GIOENI TRABIA,VIA VITTORIO EMANUELE 27,90133,ISTITUTO TECNICO NAUTICO
202526,082053,PALERMO,PATL02601V,IST. TECN. GEOMETRI E TURISMO M.RUTELLI,PIAZZA GIANGIACOMO CIACCIO MONTALTO 3,90131,ISTITUTO TECNICO PER GEOMETRI
202526,082053,PALERMO,PATL026518,IST. TECN. PER GEOMETRI RUTELLI - SERALE,PIAZZA GIANGIACOMO CIACCIO MONTALTO 3,90131,ISTITUTO TECNICO PER GEOMETRI
202526,082053,PALERMO,PATL033012,FILIPPO - PARLATORE,PIAZZA MONTEVERGINI8,90134,ISTITUTO TECNICO PER GEOMETRI
202526,082053,PALERMO,PATN01000Q,MARCO POLO,VIA UGO LA MALFA 113,90146,ISTITUTO TECNICO PER IL TURISMO
202526,082053,PALERMO,PATN010505,IST.T. TURISMO MARCO POLO SERALE,VIA UGO LA MALFA 113,90146,ISTITUTO TECNICO PER IL TURISMO
202526,,PALMA DI MONTECHIARO,AGTF02201D,G .B. ODIERNA,CORSO SICILIA,92020,ISTITUTO TECNICO INDUSTRIALE
202526,,PANTELLERIA,TPTD004013,ISTITUTO TECNICO ECONOMICO PANTELLERIA,VIA NAPOLI N.32,91017,ISTITUTO TECNICO COMMERCIALE
202526,,PARTANNA,TPTD00202C,IST. TECN. ECONOMICO E AGRARIO PARTANNA,VIA A.GRAMSCI N.1,91028,ISTITUTO TECNICO COMMERCIALE
202526,,PARTINICO,PATD09000P,CARLO ALBERTO DALLA CHIESA,CORSO DEI MILLE 517,90047,IST TEC COMMERCIALE E PER GEOMETRI
202526,,PARTINICO,PATD090504,ITC C.A.DALLA CHIESA SERALE,CORSO DEI MILLE,90047,ISTITUTO TECNICO COMMERCIALE
202526,,PARTINICO,PATF03401N,ISTITUTO SUPERIORE ITI O.M. CORBINO,VIA CATANZARO 3,90047,ISTITUTO TECNICO INDUSTRIALE
202526,,PATERNO',CTTD160007,"I.T.E.""GIOACCHINO RUSSO""",VIA PARINIS.N.,95047,ISTITUTO TECNICO COMMERCIALE
202526,,PATERNO',CTTD16050L,CORSO SERALE,VIA PARINI S.N.,95047,ISTITUTO TECNICO COMMERCIALE
202526,,PATTI,METD023017,ITCG PATTI BORGHESE,VIA MONSIGNORE A.FICARRA,98066,IST TEC COMMERCIALE E PER GEOMETRI
202526,,PATTI,METD02351L,IST.TECNICO COMMERCIALE BORGHESE,VIA MONSIGNORE A.FICARRA,Non Disponibile,ISTITUTO TECNICO COMMERCIALE
202526,,PETRALIA SOPRANA,PATF01801Q,"I.T.I. ""ELETTRONICA ED ELETTROTECNICA """,CORSO UMBERTO I,90026,ISTITUTO TECNICO INDUSTRIALE
202526,,PETRALIA SOPRANA,PATF018504,IST.TECN.INDUSTR.PETRALIA SOPRANA SERALE,CORSO UMBERTO I,90026,ISTITUTO TECNICO INDUSTRIALE
202526,,PETROSINO,TPTL01402L,SEZ. STACC. I.T.G. PETROSINO,C.DA TORREGGIANO - VIA R.R. SORRENTINO,91020,ISTITUTO TECNICO PER GEOMETRI
202526,,PETROSINO,TPTL01452E,ISTITUTO TECNICO PER GEOMETRI,C.DA TORREGGIANO VIA R.R. SORRENTINO,91020,ISTITUTO TECNICO PER GEOMETRI
202526,,PIAZZA ARMERINA,ENTD01701C,LEONARDO DA VINCI,VIA VITTORIO ALFIERI 6,94015,IST TEC COMMERCIALE E PER GEOMETRI
202526,,PIAZZA ARMERINA,ENTF007014,ETTORE MAJORANA,PIAZZA SENATORE MARESCALCHI 2,94015,ISTITUTO TECNICO INDUSTRIALE
202526,,PIAZZA ARMERINA,ENTF00750C,CORSO SERALE TURISMO - PIAZZA ARM.,PIAZZA SENATORE MARESCALCHI,94015,ISTITUTO TECNICO INDUSTRIALE
202526,,POLIZZI GENEROSA,PATD01801D,IST.TEC. COSTR. AMBIENTE E TERRITORIO,PIAZZA MATTEOTTI 1,90028,IST TEC COMMERCIALE E PER GEOMETRI
202526,,PORTO EMPEDOCLE,AGTD023024,LEONARDO SCIASCIA,VIA GIORGIO LA PIRA 10,92014,ISTITUTO TECNICO COMMERCIALE
202526,,PORTO EMPEDOCLE,AGTD02351C,"I.T.C. "" L. SCIASCIA "" SERALE",VIA G. LA PIRA 10,92014,ISTITUTO TECNICO COMMERCIALE
202526,,PORTO EMPEDOCLE,AGTF023019,N. GALLO,VIA G. LA PIRA,92014,ISTITUTO TECNICO INDUSTRIALE
202526,,POZZALLO,RGTD006012,IST. TECN. ECONOMICO G. LA PIRA,VIA PERTINI,97016,ISTITUTO TECNICO COMMERCIALE
202526,,POZZALLO,RGTH00601Q,IST. TECNOL. NAUTICO G.LA PIRA,VIA ENRICO GIUNTA,97016,ISTITUTO TECNICO NAUTICO
202526,,POZZALLO,RGTH006504,IST.TECNOL.NAUTICO SERALE G. LA PIRA -,VIA E. GIUNTA 5,97016,ISTITUTO TECNICO NAUTICO
202526,,PRIOLO GARGALLO,SRTF00904Q,IST.TEC. SETT.TECNOLOGICO,Non Disponibile,96010,ISTITUTO TECNICO INDUSTRIALE
202526,,PRIZZI,PATD01102Q,I.T.C.G. PRIZZI,C.DA CATUSIS.N.,90038,IST TEC COMMERCIALE E PER GEOMETRI
202526,,PRIZZI,PATD011503,M.PICONE,C.DA CATUSI,90038,ISTITUTO TECNICO COMMERCIALE
202526,,RAGUSA,RGTD03000T,F. BESTA,VIA ALDO MORO N. 2,97100,ISTITUTO TECNICO COMMERCIALE
202526,,RAGUSA,RGTD030518,ISTITUTO TECNICO COMMERCIALE SERALE,VIA ALDO MORO N. 2,97100,IST TECNICO ECONOMICO E TECNOLOGICO
202526,,RAGUSA,RGTF01301B,IST. TECNOL. ETTORE MAJORANA,VIA PIETRO NENNI,97100,ISTITUTO TECNICO INDUSTRIALE
202526,,RAGUSA,RGTL01801P,I.T.G. GAGLIARDI,VIALE DEI PLATANI 180,97100,ISTITUTO TECNICO PER GEOMETRI
202526,,RAMACCA,CTTD04202V,IGEA RAMACCA,VIA FASTUCHERIA 48,95040,ISTITUTO TECNICO COMMERCIALE
202526,,RAMACCA,CTTF042014,ITI RAMACCA,VIA FASTUCHERIA 48,95040,ISTITUTO TECNICO INDUSTRIALE
202526,,RANDAZZO,CTTD00601P,ENRICO MEDI,VIA PAPA GIOVANNI PAOLO II,95036,ISTITUTO TECNICO COMMERCIALE
202526,,REGALBUTO,ENTD00801N,SALVATORE CITELLI,VIA PALERMO 78,94017,ISTITUTO TECNICO COMMERCIALE
202526,,RIBERA,AGTD02101B,ITCG GIOVANNI XXIII,VIA PRESTI N. 2,92016,IST TEC COMMERCIALE E PER GEOMETRI
202526,,RIBERA,AGTD02151R,"I.T.C.G.""GIOVANNI XXIII""(CORSO SERALE)",VIA PRESTI N.2,92016,IST TEC COMMERCIALE E PER GEOMETRI
202526,,RIPOSTO,CTTD00101G,E. PANTANO,VIA ROMA 66,95018,ISTITUTO TECNICO COMMERCIALE
202526,,RIPOSTO,CTTD001511,SERALE ISTITUTO TECNICO COMMERCIALE,VIA ROMA 66,95018,ISTITUTO TECNICO COMMERCIALE
202526,,RIPOSTO,CTTH001019,LUIGI RIZZO - NAPOLEONE COLAJANNI,VIA FEDERICO CAFIERO N. 2,95018,ISTITUTO TECNICO NAUTICO
202526,,RIPOSTO,CTTL001012,ISTITUTO TECNICO L. RIZZO - N.COLAJANNI,Non Disponibile,95018,ISTITUTO TECNICO PER GEOMETRI
202526,,ROSOLINI,SRTF01701G,ISTITUTO TECNICO INDUSTRIALE STATALE,SANTA ALESSANDRA KM1,96019,ISTITUTO TECNICO INDUSTRIALE
202526,,ROSOLINI,SRTF017533,IST.TEC.IND. ROSOLINI - CORSO SERALE,VIA SANTA ALESSANDRA KM1,96019,ISTITUTO TECNICO INDUSTRIALE
202526,,SALEMI,TPTD00201B,IST. TECNICO ECONOMICO - SALEMI,VIA SAN LEONARDO S.N.C.,91018,ISTITUTO TECNICO COMMERCIALE
202526,,SALEMI,TPTD00251R,IST.TEC. ECON. -PERC. II LIVELLO -SALEMI,VIA SAN LEONARDO S.N.C.,91018,ISTITUTO TECNICO COMMERCIALE
202526,,SAN CATALDO,CLTD090016,"""M. RAPISARDI"" CARCERARIO - SAN CATALDO",PIAZZA MARCONI 1,93017,ISTITUTO TECNICO COMMERCIALE
202526,,SAN CIPIRELLO,PATA00801C,E. BASILE,VIA TRAPPETO,90040,ISTITUTO TECNICO AGRARIO
202526,,SAN GIOVANNI LA PUNTA,CTTD22000N,"I.T.E.T. ""ENRICO DE NICOLA""",VIA G. MOTTA 85,95037,IST TEC COMMERCIALE E PER GEOMETRI
202526,,SAN GIOVANNI LA PUNTA,CTTD220503,"IIS ""ENRICO DE NICOLA"" - CORSO SIRIO",VIA G. MOTTA N.87,95037,ISTITUTO TECNICO COMMERCIALE
202526,,SAN GIOVANNI LA PUNTA,CTTF140008,"ITIS ""G. FERRARIS""",VIA G. MOTTA N.85,95037,ISTITUTO TECNICO INDUSTRIALE
202526,,SAN GIOVANNI LA PUNTA,CTTF14050N,ITIS FERRARIS CORSO SERALE,VIA G. MOTTA 85,95037,ISTITUTO TECNICO INDUSTRIALE
202526,,SANT'AGATA DI MILITELLO,METF040006,I.T.I.TORRICELLI - G.TOMASI DI LAMPEDUSA,VIA VALLONE POSTA SNC,98076,ISTITUTO TECNICO INDUSTRIALE
202526,,SANT'AGATA DI MILITELLO,METF04050G,I.T.I.TORRICELLI-LAMPEDUSA CORSO SERALE,VIA VALLONE POSTA SNC,98076,ISTITUTO TECNICO INDUSTRIALE
202526,,SANTA CROCE CAMERINA,RGTD03002X,SEZ.STACCATA ITC BESTA RAGUSA,PIAZZA DEGLI STUDI,97017,ISTITUTO TECNICO COMMERCIALE
202526,,SANTO STEFANO DI CAMASTRA,METD00101A,"""ARCANGELO FLORENA""",VIA MARINA,98077,ISTITUTO TECNICO COMMERCIALE
202526,,SANTO STEFANO DI CAMASTRA,METD00150P,IST PROF ALB A. FLORENA CORSO SERALE,VIA MARINA,98077,ISTITUTO TECNICO COMMERCIALE
202526,,SCIACCA,AGTA012016,"IST. TECNICO AGRARIO ""C. AMATO VETRANO""",C/DA MARCHESA,92019,ISTITUTO TECNICO AGRARIO
202526,,SCIACCA,AGTD01601X,"ITC ""DON MICHELE ARENA""",VIA GIOTTO,92019,ISTITUTO TECNICO COMMERCIALE
202526,,SCIACCA,AGTD016519,"""DON MICHELE ARENA"" - CORSO SERALE",VIA GIOTTO 20,92019,ISTITUTO TECNICO COMMERCIALE
202526,,SCICLI,RGTA008017,I.T.A. SCICLI,C/DA BOMMACCHIELLA S.N.C.,97018,ISTITUTO TECNICO AGRARIO
202526,,SCICLI,RGTD00801N,"I.T.C. "" Q.CATAUDELLA """,VIA PRIMULA,97018,ISTITUTO TECNICO COMMERCIALE
202526,,SCICLI,RGTD008502,"I.T.C. ""Q. CATAUDELLA"" - SERALE",VIA PRIMULA,97018,ISTITUTO TECNICO COMMERCIALE
202526,,SIRACUSA,SRTD02401C,"I.S. ""RIZZA-INSOLERA""",VIALE A. DIAZ 12,96100,ISTITUTO TECNICO COMMERCIALE
202526,,SIRACUSA,SRTD02451T,"IST.TEC.COMM.""RIZZA"" SERALE",VIALE DIAZ 12,96100,ISTITUTO TECNICO COMMERCIALE
202526,,SIRACUSA,SRTE022018,P.SSA GIOVANNA DI SAVOIA SIRACUSA,VIA PIAZZA ARMERINA 1,96100,ISTITUTO TECNICO PER ATTIVITA' SOCIALI (GIA' ITF)
202526,,SIRACUSA,SRTF01000Q,E.FERMI,VIA TORINO N: 137,96100,ISTITUTO TECNICO INDUSTRIALE
202526,,SIRACUSA,SRTF010505,"IST. TEC. IND. E.""FERMI"" SERALE",VIA TORINO N. 137,96100,ISTITUTO TECNICO INDUSTRIALE
202526,,SIRACUSA,SRTH024016,G.A.DELLA TARGIA,PIAZZA DEI MATILA N. 9,96100,ISTITUTO TECNICO NAUTICO
202526,,SIRACUSA,SRTH02451G,IST.TEC.NAUTICO-CORSO SERALE,Non Disponibile,96100,ISTITUTO TECNICO NAUTICO
202526,,SIRACUSA,SRTL029012,"IIS ""LUIGI EINAUDI"" - IST.TECN.GEOM.CAT",VIALE SANTA PANAGIA 131,96100,ISTITUTO TECNICO PER GEOMETRI
202526,,SIRACUSA,SRTL02951B,"IIS ""L.EINAUDI""-ITG C. SERALE",VIA C.N.AGNELLO 17,96100,ISTITUTO TECNICO PER GEOMETRI
202526,,TAORMINA,METD03301T,"I.I.S.S. ""PUGLIATTI "" TAORMINA",CONTRADA ARANCIO SNC,98039,ISTITUTO TECNICO COMMERCIALE
202526,,TAORMINA,METD033506,IST TEC. COMM.LE PUGLIATTI SERALE,CONTRADA ARANCIO SNC,98039,ISTITUTO TECNICO COMMERCIALE
202526,,TERMINI IMERESE,PATD01301A,STENIO TERMINI IMERESE,VIA E.FERMI,90018,IST TEC COMMERCIALE E PER GEOMETRI
202526,,TERMINI IMERESE,PATD01350P,ITC. STENIO,VIA E. FERMI,90018,ISTITUTO TECNICO COMMERCIALE
202526,,TORTORICI,METF040017,I.T.I. TORRICELLI-G. TOMASI DI LAMPEDUSA,VIA MISERICORDIA,98078,ISTITUTO TECNICO INDUSTRIALE
202526,,TRAPANI,TPTD02801G,"I.T.C. I.T.E. ""S.CALVINO"" TRAPANI",VIA S. MICHELE N.2,91100,ISTITUTO TECNICO COMMERCIALE
202526,,TRAPANI,TPTD028511,"I.T.C. I.T.E. ""S.CALVINO"" CORSO SERALE",VIA S. MICHELE N.2,91100,ISTITUTO TECNICO COMMERCIALE
202526,,TRAPANI,TPTF018017,"I.T.I. ""L.DA VINCI"" TRAPANI",PIAZZA XXI APRILE S.N.C.,91100,ISTITUTO TECNICO INDUSTRIALE
202526,,TRAPANI,TPTF01850G,"I.T.I. ""L.DA VINCI"" SERALE -TRAPANI",PIAZZA XXI APRILE S.N.C.,91100,ISTITUTO TECNICO INDUSTRIALE
202526,,TRAPANI,TPTH01801P,"I.T.N. ""MARINO TORRE"" TRAPANI",VIALE REGINA ELENA N.94,91100,ISTITUTO TECNICO NAUTICO
202526,,TRAPANI,TPTL028012,"I.T.G. I.T.T. ""G.B. AMICO"" TRAPANI",VIA SALEMI N.49,91100,ISTITUTO TECNICO PER GEOMETRI
202526,,TROINA,ENTD013015,ETTORE MAJORANA,VIA ALDO MORO N.147,94018,IST TEC COMMERCIALE E PER GEOMETRI
202526,,VALDERICE,TPTD02203P,"IST.TEC. ECONOMICO ""SCIASCIA E BUFALINO""",VIA SIMONE CATALANO N. 203,91019,ISTITUTO TECNICO COMMERCIALE
202526,,VALLEDOLMO,PATF011011,M. PICONE,C.SO VITTORIO EMANUELE III,90029,ISTITUTO TECNICO INDUSTRIALE
202526,,VICARI,PATL011015,I.T.G. DI VICARI,VIA SOPRA LE AIE,90020,ISTITUTO TECNICO PER GEOMETRI
202526,,VICARI,PATL01150D,ITG. VICARI,VIA SOPRA LE AIE,90020,ISTITUTO TECNICO PER GEOMETRI
202526,,VITTORIA,RGTA017012,I.T.A. - VITTORIA,VIA SAN MARTINO,97019,ISTITUTO TECNICO AGRARIO
202526,,VITTORIA,RGTA01750A,I.T.A. - I.T.C. SERALE E. FERMI,VIA COMO N. 435,97019,ISTITUTO TECNICO AGRARIO
202526,,VITTORIA,RGTD01701C,I.T.C.G. ENRICO FERMI,VIA COMO N.435,97019,IST TEC COMMERCIALE E PER GEOMETRI
202526,,VIZZINI,CTTD05601Q,I.S. MAJORANA AFM - TURISTICO VIZZINI,VIA BUCCHERI,95049,ISTITUTO TECNICO COMMERCIALE
202526,,VIZZINI,CTTD056515,I.S. MAJORANA PROFESS. PER L'AGRICOLTURA,VIA BUCCHERI,95049,ISTITUTO TECNICO COMMERCIALE
