territorio,territorio_nome,anno,eta,ALL,almeno_diploma,quota_almeno_diploma,compatibilita
082006,Bagheria,2018,Y25-49,18175.0,10210.0,56.17606602475929,"Stessa fascia del lavoro 25-49, ma tavola aggregata separata."
082006,Bagheria,2019,Y25-49,17762.0,10115.0,56.9474158315505,"Stessa fascia del lavoro 25-49, ma tavola aggregata separata."
082006,Bagheria,2020,Y25-49,17148.0,10091.0,58.846512712852814,"Stessa fascia del lavoro 25-49, ma tavola aggregata separata."
082006,Bagheria,2021,Y25-49,17081.0,10241.0,59.95550611790879,"Stessa fascia del lavoro 25-49, ma tavola aggregata separata."
082006,Bagheria,2022,Y25-49,16870.0,10327.0,61.21517486662715,"Stessa fascia del lavoro 25-49, ma tavola aggregata separata."
082006,Bagheria,2023,Y25-49,16627.0,10223.0,61.484332711854215,"Stessa fascia del lavoro 25-49, ma tavola aggregata separata."
082006,Bagheria,2024,Y25-49,16456.0,10265.0,62.3784637822071,"Stessa fascia del lavoro 25-49, ma tavola aggregata separata."
082006,Bagheria,2018,Y9-24,9682.0,2772.0,28.630448254492872,Proxy educativo: fascia diversa dal lavoro 15-24.
082006,Bagheria,2019,Y9-24,9512.0,2685.0,28.227502102607232,Proxy educativo: fascia diversa dal lavoro 15-24.
082006,Bagheria,2020,Y9-24,9373.0,2708.0,28.891496852661902,Proxy educativo: fascia diversa dal lavoro 15-24.
082006,Bagheria,2021,Y9-24,9340.0,2768.0,29.635974304068522,Proxy educativo: fascia diversa dal lavoro 15-24.
082006,Bagheria,2022,Y9-24,9213.0,2805.0,30.44610875936177,Proxy educativo: fascia diversa dal lavoro 15-24.
082006,Bagheria,2023,Y9-24,9158.0,2799.0,30.563441799519545,Proxy educativo: fascia diversa dal lavoro 15-24.
082006,Bagheria,2024,Y9-24,9163.0,2864.0,31.25613881916403,Proxy educativo: fascia diversa dal lavoro 15-24.
082053,Palermo,2018,Y25-49,213663.0,130024.0,60.854710455249624,"Stessa fascia del lavoro 25-49, ma tavola aggregata separata."
082053,Palermo,2019,Y25-49,208126.0,127837.0,61.42288805819552,"Stessa fascia del lavoro 25-49, ma tavola aggregata separata."
082053,Palermo,2020,Y25-49,200132.0,125854.0,62.88549557292187,"Stessa fascia del lavoro 25-49, ma tavola aggregata separata."
082053,Palermo,2021,Y25-49,196762.0,125218.0,63.63932060052246,"Stessa fascia del lavoro 25-49, ma tavola aggregata separata."
082053,Palermo,2022,Y25-49,193079.0,125464.0,64.98065558657338,"Stessa fascia del lavoro 25-49, ma tavola aggregata separata."
082053,Palermo,2023,Y25-49,190079.0,123650.0,65.05189947337686,"Stessa fascia del lavoro 25-49, ma tavola aggregata separata."
082053,Palermo,2024,Y25-49,187007.0,122735.0,65.63123305544713,"Stessa fascia del lavoro 25-49, ma tavola aggregata separata."
082053,Palermo,2018,Y9-24,110787.0,31246.0,28.203670105698322,Proxy educativo: fascia diversa dal lavoro 15-24.
082053,Palermo,2019,Y9-24,109080.0,30357.0,27.83003300330033,Proxy educativo: fascia diversa dal lavoro 15-24.
082053,Palermo,2020,Y9-24,106621.0,30445.0,28.554412357790678,Proxy educativo: fascia diversa dal lavoro 15-24.
082053,Palermo,2021,Y9-24,105358.0,31025.0,29.447218056531067,Proxy educativo: fascia diversa dal lavoro 15-24.
082053,Palermo,2022,Y9-24,104826.0,31259.0,29.81989201152386,Proxy educativo: fascia diversa dal lavoro 15-24.
082053,Palermo,2023,Y9-24,104418.0,30225.0,28.94615870826869,Proxy educativo: fascia diversa dal lavoro 15-24.
082053,Palermo,2024,Y9-24,103938.0,30740.0,29.57532375069753,Proxy educativo: fascia diversa dal lavoro 15-24.
IT,Italia,2018,Y25-49,19308143.0,13581841.0,70.34255443415765,"Stessa fascia del lavoro 25-49, ma tavola aggregata separata."
IT,Italia,2019,Y25-49,18920355.0,13510022.0,71.40469615924225,"Stessa fascia del lavoro 25-49, ma tavola aggregata separata."
IT,Italia,2020,Y25-49,18456048.0,13408737.0,72.65226553376975,"Stessa fascia del lavoro 25-49, ma tavola aggregata separata."
IT,Italia,2021,Y25-49,18103820.0,13326290.0,73.61037615265728,"Stessa fascia del lavoro 25-49, ma tavola aggregata separata."
IT,Italia,2022,Y25-49,17873997.0,13379632.0,74.85528838345446,"Stessa fascia del lavoro 25-49, ma tavola aggregata separata."
IT,Italia,2023,Y25-49,17644346.0,13284617.0,75.29107057864316,"Stessa fascia del lavoro 25-49, ma tavola aggregata separata."
IT,Italia,2024,Y25-49,17403311.0,13205679.0,75.88026784098727,"Stessa fascia del lavoro 25-49, ma tavola aggregata separata."
IT,Italia,2018,Y9-24,9240891.0,2902142.0,31.4054348222482,Proxy educativo: fascia diversa dal lavoro 15-24.
IT,Italia,2019,Y9-24,9216150.0,2912426.0,31.601330273487303,Proxy educativo: fascia diversa dal lavoro 15-24.
IT,Italia,2020,Y9-24,9197543.0,2931707.0,31.874893110040365,Proxy educativo: fascia diversa dal lavoro 15-24.
IT,Italia,2021,Y9-24,9148361.0,3002426.0,32.81927768263627,Proxy educativo: fascia diversa dal lavoro 15-24.
IT,Italia,2022,Y9-24,9142969.0,3045504.0,33.309792475507685,Proxy educativo: fascia diversa dal lavoro 15-24.
IT,Italia,2023,Y9-24,9127126.0,3002127.0,32.892358448869885,Proxy educativo: fascia diversa dal lavoro 15-24.
IT,Italia,2024,Y9-24,9103807.0,3037954.0,33.37014943308882,Proxy educativo: fascia diversa dal lavoro 15-24.
ITG1,Sicilia,2018,Y25-49,1612902.0,990108.0,61.386742653924415,"Stessa fascia del lavoro 25-49, ma tavola aggregata separata."
ITG1,Sicilia,2019,Y25-49,1576695.0,979780.0,62.14137800906326,"Stessa fascia del lavoro 25-49, ma tavola aggregata separata."
ITG1,Sicilia,2020,Y25-49,1525230.0,975493.0,63.95710810828531,"Stessa fascia del lavoro 25-49, ma tavola aggregata separata."
ITG1,Sicilia,2021,Y25-49,1509750.0,978549.0,64.81530054644809,"Stessa fascia del lavoro 25-49, ma tavola aggregata separata."
ITG1,Sicilia,2022,Y25-49,1484971.0,980802.0,66.04856256452146,"Stessa fascia del lavoro 25-49, ma tavola aggregata separata."
ITG1,Sicilia,2023,Y25-49,1460409.0,960478.0,65.76774040696819,"Stessa fascia del lavoro 25-49, ma tavola aggregata separata."
ITG1,Sicilia,2024,Y25-49,1438254.0,956525.0,66.50598572991974,"Stessa fascia del lavoro 25-49, ma tavola aggregata separata."
ITG1,Sicilia,2018,Y9-24,830814.0,244957.0,29.483975956110513,Proxy educativo: fascia diversa dal lavoro 15-24.
ITG1,Sicilia,2019,Y9-24,816841.0,239780.0,29.354550028708157,Proxy educativo: fascia diversa dal lavoro 15-24.
ITG1,Sicilia,2020,Y9-24,802682.0,240661.0,29.98210997630444,Proxy educativo: fascia diversa dal lavoro 15-24.
ITG1,Sicilia,2021,Y9-24,796609.0,247748.0,31.10032650898998,Proxy educativo: fascia diversa dal lavoro 15-24.
ITG1,Sicilia,2022,Y9-24,790294.0,249965.0,31.629368311033616,Proxy educativo: fascia diversa dal lavoro 15-24.
ITG1,Sicilia,2023,Y9-24,784277.0,243730.0,31.07703018193827,Proxy educativo: fascia diversa dal lavoro 15-24.
ITG1,Sicilia,2024,Y9-24,778394.0,246623.0,31.683568989483476,Proxy educativo: fascia diversa dal lavoro 15-24.
