territorio,anno,eta,genere,popolazione,almeno_diploma_%,solo_diploma_%,terziario_%,nome_territorio,ruolo
082006,2018,Y25-49,F,9250.0,58.0216,38.4216,19.6,Bagheria,confronto
082006,2018,Y25-49,M,8925.0,54.2633,40.8403,13.423,Bagheria,confronto
082006,2018,Y25-49,T,18175.0,56.1761,39.6094,16.5667,Bagheria,confronto
082006,2018,Y50-64,F,5794.0,37.0901,26.8208,10.2692,Bagheria,confronto
082006,2018,Y50-64,M,5231.0,38.9027,28.4649,10.4378,Bagheria,confronto
082006,2018,Y50-64,T,11025.0,37.9501,27.6009,10.3492,Bagheria,confronto
082006,2018,Y9-24,F,4699.0,30.2405,28.0698,2.1707,Bagheria,confronto
082006,2018,Y9-24,M,4983.0,27.1122,25.0652,2.047,Bagheria,confronto
082006,2018,Y9-24,T,9682.0,28.6304,26.5234,2.107,Bagheria,confronto
082006,2018,Y_GE65,F,5616.0,17.2721,11.6631,5.609,Bagheria,confronto
082006,2018,Y_GE65,M,4490.0,22.6058,15.5234,7.0824,Bagheria,confronto
082006,2018,Y_GE65,T,10106.0,19.6418,13.3782,6.2636,Bagheria,confronto
082006,2019,Y25-49,F,9059.0,59.256,39.894,19.362,Bagheria,confronto
082006,2019,Y25-49,M,8703.0,54.5444,41.1812,13.3632,Bagheria,confronto
082006,2019,Y25-49,T,17762.0,56.9474,40.5247,16.4227,Bagheria,confronto
082006,2019,Y50-64,F,5880.0,37.415,27.1769,10.2381,Bagheria,confronto
082006,2019,Y50-64,M,5338.0,39.3218,28.6437,10.6782,Bagheria,confronto
082006,2019,Y50-64,T,11218.0,38.3223,27.8748,10.4475,Bagheria,confronto
082006,2019,Y9-24,F,4592.0,29.7474,27.4608,2.2866,Bagheria,confronto
082006,2019,Y9-24,M,4920.0,26.8089,25.2033,1.6057,Bagheria,confronto
082006,2019,Y9-24,T,9512.0,28.2275,26.2931,1.9344,Bagheria,confronto
082006,2019,Y_GE65,F,5710.0,18.021,11.979,6.042,Bagheria,confronto
082006,2019,Y_GE65,M,4596.0,22.7589,15.3612,7.3977,Bagheria,confronto
082006,2019,Y_GE65,T,10306.0,20.1339,13.4873,6.6466,Bagheria,confronto
082006,2020,Y25-49,F,8782.0,60.7606,39.376,21.3847,Bagheria,confronto
082006,2020,Y25-49,M,8366.0,56.8372,42.4815,14.3557,Bagheria,confronto
082006,2020,Y25-49,T,17148.0,58.8465,40.8911,17.9554,Bagheria,confronto
082006,2020,Y50-64,F,5883.0,39.5716,28.6418,10.9298,Bagheria,confronto
082006,2020,Y50-64,M,5369.0,40.1937,29.3537,10.84,Bagheria,confronto
082006,2020,Y50-64,T,11252.0,39.8685,28.9815,10.887,Bagheria,confronto
082006,2020,Y9-24,F,4536.0,30.4233,27.6014,2.8219,Bagheria,confronto
082006,2020,Y9-24,M,4837.0,27.455,25.2222,2.2328,Bagheria,confronto
082006,2020,Y9-24,T,9373.0,28.8915,26.3736,2.5179,Bagheria,confronto
082006,2020,Y_GE65,F,5898.0,19.6338,12.9535,6.6802,Bagheria,confronto
082006,2020,Y_GE65,M,4710.0,24.5011,17.0701,7.431,Bagheria,confronto
082006,2020,Y_GE65,T,10608.0,21.7949,14.7813,7.0136,Bagheria,confronto
082006,2021,Y25-49,F,8679.0,62.0348,39.9355,22.0993,Bagheria,confronto
082006,2021,Y25-49,M,8402.0,57.8077,42.716,15.0916,Bagheria,confronto
082006,2021,Y25-49,T,17081.0,59.9555,41.3032,18.6523,Bagheria,confronto
082006,2021,Y50-64,F,5981.0,39.893,28.8915,11.0015,Bagheria,confronto
082006,2021,Y50-64,M,5467.0,40.2049,29.7787,10.4262,Bagheria,confronto
082006,2021,Y50-64,T,11448.0,40.0419,29.3152,10.7268,Bagheria,confronto
082006,2021,Y9-24,F,4478.0,31.063,27.4676,3.5954,Bagheria,confronto
082006,2021,Y9-24,M,4862.0,28.3217,25.7713,2.5504,Bagheria,confronto
082006,2021,Y9-24,T,9340.0,29.636,26.5846,3.0514,Bagheria,confronto
082006,2021,Y_GE65,F,6053.0,20.717,13.6296,7.0874,Bagheria,confronto
082006,2021,Y_GE65,M,4825.0,26.2591,18.0104,8.2487,Bagheria,confronto
082006,2021,Y_GE65,T,10878.0,23.1752,15.5727,7.6025,Bagheria,confronto
082006,2022,Y25-49,F,8550.0,63.6257,40.1988,23.4269,Bagheria,confronto
082006,2022,Y25-49,M,8320.0,58.738,42.6683,16.0697,Bagheria,confronto
082006,2022,Y25-49,T,16870.0,61.2152,41.4167,19.7985,Bagheria,confronto
082006,2022,Y50-64,F,6082.0,41.1707,29.5791,11.5916,Bagheria,confronto
082006,2022,Y50-64,M,5498.0,41.506,30.5384,10.9676,Bagheria,confronto
082006,2022,Y50-64,T,11580.0,41.3299,30.0345,11.2953,Bagheria,confronto
082006,2022,Y9-24,F,4413.0,32.1777,29.0959,3.0818,Bagheria,confronto
082006,2022,Y9-24,M,4800.0,28.8542,26.6042,2.25,Bagheria,confronto
082006,2022,Y9-24,T,9213.0,30.4461,27.7977,2.6484,Bagheria,confronto
082006,2022,Y_GE65,F,6103.0,21.3665,14.1242,7.2423,Bagheria,confronto
082006,2022,Y_GE65,M,4874.0,27.1851,18.7526,8.4325,Bagheria,confronto
082006,2022,Y_GE65,T,10977.0,23.9501,16.1793,7.7708,Bagheria,confronto
082006,2023,Y25-49,F,8383.0,64.1656,40.2958,23.8697,Bagheria,confronto
082006,2023,Y25-49,M,8244.0,58.7579,42.819,15.9389,Bagheria,confronto
082006,2023,Y25-49,T,16627.0,61.4843,41.5469,19.9375,Bagheria,confronto
082006,2023,Y50-64,F,6154.0,41.3065,29.5255,11.781,Bagheria,confronto
082006,2023,Y50-64,M,5515.0,40.4533,29.175,11.2783,Bagheria,confronto
082006,2023,Y50-64,T,11669.0,40.9032,29.3598,11.5434,Bagheria,confronto
082006,2023,Y9-24,F,4402.0,32.5988,29.0777,3.5211,Bagheria,confronto
082006,2023,Y9-24,M,4756.0,28.6796,26.4087,2.2708,Bagheria,confronto
082006,2023,Y9-24,T,9158.0,30.5634,27.6916,2.8718,Bagheria,confronto
082006,2023,Y_GE65,F,6176.0,22.3931,14.7992,7.5939,Bagheria,confronto
082006,2023,Y_GE65,M,4983.0,27.4333,18.7036,8.7297,Bagheria,confronto
082006,2023,Y_GE65,T,11159.0,24.6438,16.5427,8.1011,Bagheria,confronto
082006,2024,Y25-49,F,8267.0,65.1506,40.4863,24.6643,Bagheria,confronto
082006,2024,Y25-49,M,8189.000000000001,59.5799,43.2654,16.3146,Bagheria,confronto
082006,2024,Y25-49,T,16456.0,62.3785,41.8692,20.5092,Bagheria,confronto
082006,2024,Y50-64,F,6211.0,42.3442,30.1884,12.1559,Bagheria,confronto
082006,2024,Y50-64,M,5532.000000000001,41.3051,29.9892,11.316,Bagheria,confronto
082006,2024,Y50-64,T,11743.0,41.8547,30.0945,11.7602,Bagheria,confronto
082006,2024,Y9-24,F,4393.0,33.4396,29.9795,3.4601,Bagheria,confronto
082006,2024,Y9-24,M,4770.0,29.2453,27.0231,2.2222,Bagheria,confronto
082006,2024,Y9-24,T,9163.0,31.2561,28.4405,2.8157,Bagheria,confronto
082006,2024,Y_GE65,F,6305.000000000002,23.4576,15.4956,7.9619,Bagheria,confronto
082006,2024,Y_GE65,M,5127.0,28.4377,19.5046,8.9331,Bagheria,confronto
082006,2024,Y_GE65,T,11432.000000000002,25.691,17.2936,8.3975,Bagheria,confronto
082053,2018,Y25-49,F,108290.0,62.8341,37.3322,25.5019,Palermo,confronto
082053,2018,Y25-49,M,105373.0,58.8206,40.0131,18.8075,Palermo,confronto
082053,2018,Y25-49,T,213663.0,60.8547,38.6543,22.2004,Palermo,confronto
082053,2018,Y50-64,F,74360.0,47.153,29.9408,17.2122,Palermo,confronto
082053,2018,Y50-64,M,65614.0,48.0568,31.0513,17.0055,Palermo,confronto
082053,2018,Y50-64,T,139974.0,47.5767,30.4614,17.1153,Palermo,confronto
082053,2018,Y9-24,F,53926.0,29.5294,26.7125,2.8168,Palermo,confronto
082053,2018,Y9-24,M,56861.0,26.9464,24.7832,2.1632,Palermo,confronto
082053,2018,Y9-24,T,110787.0,28.2037,25.7223,2.4813,Palermo,confronto
082053,2018,Y_GE65,F,78351.0,28.865,18.5588,10.3062,Palermo,confronto
082053,2018,Y_GE65,M,56599.0,37.8717,21.806,16.0657,Palermo,confronto
082053,2018,Y_GE65,T,134950.0,32.6425,19.9207,12.7217,Palermo,confronto
082053,2019,Y25-49,F,105668.0,63.5178,37.9595,25.5584,Palermo,confronto
082053,2019,Y25-49,M,102458.0,59.2623,40.6654,18.5969,Palermo,confronto
082053,2019,Y25-49,T,208126.0,61.4229,39.2916,22.1313,Palermo,confronto
082053,2019,Y50-64,F,74614.0,48.0379,30.4407,17.5972,Palermo,confronto
082053,2019,Y50-64,M,65987.0,48.6429,31.7032,16.9397,Palermo,confronto
082053,2019,Y50-64,T,140601.0,48.3218,31.0332,17.2886,Palermo,confronto
082053,2019,Y9-24,F,53159.0,28.9057,26.5035,2.4022,Palermo,confronto
082053,2019,Y9-24,M,55921.0,26.8075,24.6973,2.1101,Palermo,confronto
082053,2019,Y9-24,T,109080.0,27.83,25.5776,2.2525,Palermo,confronto
082053,2019,Y_GE65,F,79535.0,29.9705,19.0004,10.97,Palermo,confronto
082053,2019,Y_GE65,M,57912.0,38.7329,22.7155,16.0174,Palermo,confronto
082053,2019,Y_GE65,T,137447.0,33.6624,20.5657,13.0967,Palermo,confronto
082053,2020,Y25-49,F,102167.0,64.8869,37.7088,27.1781,Palermo,confronto
082053,2020,Y25-49,M,97965.0,60.7982,40.6635,20.1347,Palermo,confronto
082053,2020,Y25-49,T,200132.0,62.8855,39.1552,23.7303,Palermo,confronto
082053,2020,Y50-64,F,73635.0,49.6666,31.246,18.4206,Palermo,confronto
082053,2020,Y50-64,M,65437.0,49.8281,32.4556,17.3724,Palermo,confronto
082053,2020,Y50-64,T,139072.0,49.7426,31.8152,17.9274,Palermo,confronto
082053,2020,Y9-24,F,51944.0,29.4567,26.4015,3.0552,Palermo,confronto
082053,2020,Y9-24,M,54677.0,27.6972,24.9319,2.7653,Palermo,confronto
082053,2020,Y9-24,T,106621.0,28.5544,25.6479,2.9066,Palermo,confronto
082053,2020,Y_GE65,F,81154.0,31.2505,19.723,11.5275,Palermo,confronto
082053,2020,Y_GE65,M,59267.0,39.8198,23.3941,16.4257,Palermo,confronto
082053,2020,Y_GE65,T,140421.0,34.8673,21.2725,13.5948,Palermo,confronto
082053,2021,Y25-49,F,99685.0,65.5796,37.2614,28.3182,Palermo,confronto
082053,2021,Y25-49,M,97077.0,61.6469,40.6595,20.9875,Palermo,confronto
082053,2021,Y25-49,T,196762.0,63.6393,38.9379,24.7014,Palermo,confronto
082053,2021,Y50-64,F,74402.0,50.5376,31.5139,19.0237,Palermo,confronto
082053,2021,Y50-64,M,66745.0,49.6981,32.4609,17.2372,Palermo,confronto
082053,2021,Y50-64,T,141147.0,50.1406,31.9617,18.1789,Palermo,confronto
082053,2021,Y9-24,F,51248.0,30.2373,26.6469,3.5904,Palermo,confronto
082053,2021,Y9-24,M,54110.0,28.6989,25.7032,2.9957,Palermo,confronto
082053,2021,Y9-24,T,105358.0,29.4472,26.1622,3.285,Palermo,confronto
082053,2021,Y_GE65,F,81743.0,32.6474,20.6794,11.968,Palermo,confronto
082053,2021,Y_GE65,M,60036.0,40.6656,24.1289,16.5367,Palermo,confronto
082053,2021,Y_GE65,T,141779.0,36.0427,22.1401,13.9026,Palermo,confronto
082053,2022,Y25-49,F,97908.0,67.2356,37.952,29.2836,Palermo,confronto
082053,2022,Y25-49,M,95171.0,62.6609,41.0051,21.6558,Palermo,confronto
082053,2022,Y25-49,T,193079.0,64.9807,39.4569,25.5237,Palermo,confronto
082053,2022,Y50-64,F,74636.0,51.3653,32.3276,19.0377,Palermo,confronto
082053,2022,Y50-64,M,67038.0,50.7533,33.3915,17.3618,Palermo,confronto
082053,2022,Y50-64,T,141674.0,51.0757,32.831,18.2447,Palermo,confronto
082053,2022,Y9-24,F,51143.0,30.6572,26.7779,3.8793,Palermo,confronto
082053,2022,Y9-24,M,53683.0,29.0222,25.8555,3.1667,Palermo,confronto
082053,2022,Y9-24,T,104826.0,29.8199,26.3055,3.5144,Palermo,confronto
082053,2022,Y_GE65,F,82527.0,34.0119,21.4451,12.5668,Palermo,confronto
082053,2022,Y_GE65,M,60886.0,42.0524,25.1848,16.8676,Palermo,confronto
082053,2022,Y_GE65,T,143413.0,37.4255,23.0328,14.3927,Palermo,confronto
082053,2023,Y25-49,F,96311.0,67.2083,37.5814,29.6269,Palermo,confronto
082053,2023,Y25-49,M,93768.0,62.837,40.8754,21.9617,Palermo,confronto
082053,2023,Y25-49,T,190079.0,65.0519,39.2063,25.8456,Palermo,confronto
082053,2023,Y50-64,F,74884.0,52.4505,32.3207,20.1298,Palermo,confronto
082053,2023,Y50-64,M,67239.0,51.1995,33.3348,17.8646,Palermo,confronto
082053,2023,Y50-64,T,142123.0,51.8586,32.8005,19.0581,Palermo,confronto
082053,2023,Y9-24,F,50868.0,29.8046,26.152,3.6526,Palermo,confronto
082053,2023,Y9-24,M,53550.0,28.1307,25.2101,2.9206,Palermo,confronto
082053,2023,Y9-24,T,104418.0,28.9462,25.6689,3.2772,Palermo,confronto
082053,2023,Y_GE65,F,83416.0,35.5915,22.2727,13.3188,Palermo,confronto
082053,2023,Y_GE65,M,61965.0,43.2115,25.4224,17.7891,Palermo,confronto
082053,2023,Y_GE65,T,145381.0,38.8393,23.6152,15.2241,Palermo,confronto
082053,2024,Y25-49,F,94681.0,67.8288,37.4162,30.4126,Palermo,confronto
082053,2024,Y25-49,M,92326.0,63.3776,40.592,22.7856,Palermo,confronto
082053,2024,Y25-49,T,187007.0,65.6312,38.9841,26.6471,Palermo,confronto
082053,2024,Y50-64,F,75252.0,53.0405,32.4377,20.6028,Palermo,confronto
082053,2024,Y50-64,M,67703.0,51.5413,33.5879,17.9534,Palermo,confronto
082053,2024,Y50-64,T,142955.0,52.3305,32.9824,19.348,Palermo,confronto
082053,2024,Y9-24,F,50712.0,30.4721,26.7057,3.7664,Palermo,confronto
082053,2024,Y9-24,M,53226.0,28.7209,25.8915,2.8294,Palermo,confronto
082053,2024,Y9-24,T,103938.0,29.5753,26.2887,3.2866,Palermo,confronto
082053,2024,Y_GE65,F,84682.0,36.6678,22.9565,13.7113,Palermo,confronto
082053,2024,Y_GE65,M,63117.0,44.1197,26.0374,18.0823,Palermo,confronto
082053,2024,Y_GE65,T,147799.0,39.8501,24.2722,15.5779,Palermo,confronto
IT,2018,Y25-49,F,9615362.0,73.7325,45.0996,28.6329,Italia,confronto
IT,2018,Y25-49,M,9692781.0,66.9797,47.1597,19.82,Italia,confronto
IT,2018,Y25-49,T,19308143.0,70.3426,46.1338,24.2088,Italia,confronto
IT,2018,Y50-64,F,6717970.0,53.8086,39.8271,13.9815,Italia,confronto
IT,2018,Y50-64,M,6389475.0,51.7817,38.7688,13.0129,Italia,confronto
IT,2018,Y50-64,T,13107445.0,52.8206,39.3112,13.5094,Italia,confronto
IT,2018,Y9-24,F,4444114.0,32.6452,28.7134,3.9317,Italia,confronto
IT,2018,Y9-24,M,4796777.0,30.2569,27.4104,2.8464,Italia,confronto
IT,2018,Y9-24,T,9240891.0,31.4054,28.0371,3.3684,Italia,confronto
IT,2018,Y_GE65,F,7738144.0,23.5473,17.4378,6.1095,Italia,confronto
IT,2018,Y_GE65,M,5955071.0,33.1166,23.542,9.5746,Italia,confronto
IT,2018,Y_GE65,T,13693215.0,27.7089,20.0925,7.6164,Italia,confronto
IT,2019,Y25-49,F,9417183.0,74.764,45.5647,29.1993,Italia,confronto
IT,2019,Y25-49,M,9503172.0,68.0757,47.9662,20.1095,Italia,confronto
IT,2019,Y25-49,T,18920355.0,71.4047,46.7709,24.6338,Italia,confronto
IT,2019,Y50-64,F,6815471.0,54.881,40.4584,14.4225,Italia,confronto
IT,2019,Y50-64,M,6492074.0,52.2875,39.1538,13.1337,Italia,confronto
IT,2019,Y50-64,T,13307545.0,53.6158,39.822,13.7938,Italia,confronto
IT,2019,Y9-24,F,4435679.0,32.8053,29.1477,3.6576,Italia,confronto
IT,2019,Y9-24,M,4780471.0,30.4842,27.6974,2.7868,Italia,confronto
IT,2019,Y9-24,T,9216150.0,31.6013,28.3954,3.2059,Italia,confronto
IT,2019,Y_GE65,F,7814612.0,24.9052,18.4143,6.4908,Italia,confronto
IT,2019,Y_GE65,M,6044478.0,34.4696,24.6319,9.8377,Italia,confronto
IT,2019,Y_GE65,T,13859090.0,29.0766,21.126,7.9506,Italia,confronto
IT,2020,Y25-49,F,9177408.0,75.9422,45.2523,30.6898,Italia,confronto
IT,2020,Y25-49,M,9278640.0,69.3983,48.2046,21.1937,Italia,confronto
IT,2020,Y25-49,T,18456048.0,72.6523,46.7366,25.9157,Italia,confronto
IT,2020,Y50-64,F,6848378.0,56.4293,41.3345,15.0948,Italia,confronto
IT,2020,Y50-64,M,6539358.0,53.2512,39.757,13.4942,Italia,confronto
IT,2020,Y50-64,T,13387736.0,54.8769,40.564,14.313,Italia,confronto
IT,2020,Y9-24,F,4428706.0,32.9626,28.9231,4.0395,Italia,confronto
IT,2020,Y9-24,M,4768837.0,30.8648,27.7649,3.0999,Italia,confronto
IT,2020,Y9-24,T,9197543.0,31.8749,28.3226,3.5523,Italia,confronto
IT,2020,Y_GE65,F,7848397.0,26.5772,19.6193,6.9579,Italia,confronto
IT,2020,Y_GE65,M,6093134.0,36.193,25.9317,10.2613,Italia,confronto
IT,2020,Y_GE65,T,13941531.0,30.7798,22.3781,8.4016,Italia,confronto
IT,2021,Y25-49,F,8974915.0,76.9712,44.9064,32.0647,Italia,confronto
IT,2021,Y25-49,M,9128905.0,70.3063,48.3052,22.0011,Italia,confronto
IT,2021,Y25-49,T,18103820.0,73.6104,46.6203,26.9901,Italia,confronto
IT,2021,Y50-64,F,6935237.0,57.4337,41.7462,15.6875,Italia,confronto
IT,2021,Y50-64,M,6660419.0,53.7059,39.992,13.7138,Italia,confronto
IT,2021,Y50-64,T,13595656.0,55.6075,40.8868,14.7206,Italia,confronto
IT,2021,Y9-24,F,4404849.0,33.814,29.1716,4.6425,Italia,confronto
IT,2021,Y9-24,M,4743512.0,31.8955,28.3791,3.5164,Italia,confronto
IT,2021,Y9-24,T,9148361.0,32.8193,28.7607,4.0586,Italia,confronto
IT,2021,Y_GE65,F,7888179.0,27.8894,20.5184,7.371,Italia,confronto
IT,2021,Y_GE65,M,6163225.0,37.5255,26.9146,10.6109,Italia,confronto
IT,2021,Y_GE65,T,14051404.0,32.116,23.3239,8.7921,Italia,confronto
IT,2022,Y25-49,F,8851166.0,78.1032,45.0081,33.0951,Italia,confronto
IT,2022,Y25-49,M,9022831.0,71.6692,48.815,22.8542,Italia,confronto
IT,2022,Y25-49,T,17873997.0,74.8553,46.9299,27.9254,Italia,confronto
IT,2022,Y50-64,F,7022824.0,59.1506,42.6485,16.5021,Italia,confronto
IT,2022,Y50-64,M,6741532.0,55.0216,40.7942,14.2274,Italia,confronto
IT,2022,Y50-64,T,13764356.0,57.1283,41.7403,15.388,Italia,confronto
IT,2022,Y9-24,F,4402407.0,34.349,29.5304,4.8186,Italia,confronto
IT,2022,Y9-24,M,4740562.0,32.3447,28.7149,3.6298,Italia,confronto
IT,2022,Y9-24,T,9142969.0,33.3098,29.1076,4.2022,Italia,confronto
IT,2022,Y_GE65,F,7945324.0,29.9611,22.0676,7.8934,Italia,confronto
IT,2022,Y_GE65,M,6235973.0,39.4531,28.3741,11.079,Italia,confronto
IT,2022,Y_GE65,T,14181297.0,34.135,24.8408,9.2942,Italia,confronto
IT,2023,Y25-49,F,8706662.0,78.5265,44.7879,33.7386,Italia,confronto
IT,2023,Y25-49,M,8937684.0,72.1393,48.8959,23.2434,Italia,confronto
IT,2023,Y25-49,T,17644346.0,75.2911,46.8688,28.4223,Italia,confronto
IT,2023,Y50-64,F,7092672.0,60.0778,42.6612,17.4165,Italia,confronto
IT,2023,Y50-64,M,6819589.0,55.662,40.9899,14.6721,Italia,confronto
IT,2023,Y50-64,T,13912261.0,57.9132,41.842,16.0713,Italia,confronto
IT,2023,Y9-24,F,4391057.0,33.9815,29.5049,4.4766,Italia,confronto
IT,2023,Y9-24,M,4736069.0,31.8826,28.4153,3.4673,Italia,confronto
IT,2023,Y9-24,T,9127126.0,32.8924,28.9395,3.9529,Italia,confronto
IT,2023,Y_GE65,F,8024112.0,31.474,22.9332,8.5407,Italia,confronto
IT,2023,Y_GE65,M,6332624.0,40.8453,29.307,11.5383,Italia,confronto
IT,2023,Y_GE65,T,14356736.0,35.6076,25.7446,9.8629,Italia,confronto
IT,2024,Y25-49,F,8559987.0,79.1445,44.4063,34.7383,Italia,confronto
IT,2024,Y25-49,M,8843324.0,72.7206,48.7612,23.9594,Italia,confronto
IT,2024,Y25-49,T,17403311.0,75.8803,46.6192,29.2611,Italia,confronto
IT,2024,Y50-64,F,7151485.0,61.1683,42.9797,18.1885,Italia,confronto
IT,2024,Y50-64,M,6877044.0,56.4028,41.3642,15.0386,Italia,confronto
IT,2024,Y50-64,T,14028529.0,58.8321,42.1878,16.6444,Italia,confronto
IT,2024,Y9-24,F,4371642.0,34.4848,29.9291,4.5557,Italia,confronto
IT,2024,Y9-24,M,4732165.0,32.3404,28.8881,3.4524,Italia,confronto
IT,2024,Y9-24,T,9103807.0,33.3701,29.388,3.9822,Italia,confronto
IT,2024,Y_GE65,F,8128665.0,33.1389,24.1631,8.9759,Italia,confronto
IT,2024,Y_GE65,M,6451202.0,42.1754,30.3555,11.82,Italia,confronto
IT,2024,Y_GE65,T,14579867.0,37.1373,26.9031,10.2343,Italia,confronto
ITG1,2018,Y25-49,F,807985.0,64.0615,41.2898,22.7717,Sicilia,confronto
ITG1,2018,Y25-49,M,804917.0,58.7018,42.975,15.7268,Sicilia,confronto
ITG1,2018,Y25-49,T,1612902.0,61.3867,42.1308,19.256,Sicilia,confronto
ITG1,2018,Y50-64,F,540698.0,43.4964,31.0441,12.4522,Sicilia,confronto
ITG1,2018,Y50-64,M,499758.0,44.0765,31.6625,12.414,Sicilia,confronto
ITG1,2018,Y50-64,T,1040456.0,43.775,31.3412,12.4339,Sicilia,confronto
ITG1,2018,Y9-24,F,400082.0,31.3378,28.3682,2.9696,Sicilia,confronto
ITG1,2018,Y9-24,M,430732.0,27.762,25.6761,2.086,Sicilia,confronto
ITG1,2018,Y9-24,T,830814.0,29.484,26.9725,2.5115,Sicilia,confronto
ITG1,2018,Y_GE65,F,584899.0,20.9785,14.4225,6.556,Sicilia,confronto
ITG1,2018,Y_GE65,M,455649.0,28.1214,18.6791,9.4424,Sicilia,confronto
ITG1,2018,Y_GE65,T,1040548.0,24.1063,16.2864,7.8199,Sicilia,confronto
ITG1,2019,Y25-49,F,789516.0,64.9873,42.0867,22.9006,Sicilia,confronto
ITG1,2019,Y25-49,M,787179.0,59.287,43.672,15.615,Sicilia,confronto
ITG1,2019,Y25-49,T,1576695.0,62.1414,42.8782,19.2632,Sicilia,confronto
ITG1,2019,Y50-64,F,545678.0,44.3672,31.7609,12.6063,Sicilia,confronto
ITG1,2019,Y50-64,M,505158.0,44.7159,32.3596,12.3563,Sicilia,confronto
ITG1,2019,Y50-64,T,1050836.0,44.5348,32.0487,12.4862,Sicilia,confronto
ITG1,2019,Y9-24,F,394025.0,31.1577,28.5756,2.5821,Sicilia,confronto
ITG1,2019,Y9-24,M,422816.0,27.6742,25.7393,1.9349,Sicilia,confronto
ITG1,2019,Y9-24,T,816841.0,29.3546,27.1075,2.2471,Sicilia,confronto
ITG1,2019,Y_GE65,F,592650.0,22.2912,15.2817,7.0095,Sicilia,confronto
ITG1,2019,Y_GE65,M,463560.0,29.5429,19.8067,9.7362,Sicilia,confronto
ITG1,2019,Y_GE65,T,1056210.0,25.4739,17.2677,8.2062,Sicilia,confronto
ITG1,2020,Y25-49,F,766619.0,66.7467,42.1445,24.6022,Sicilia,confronto
ITG1,2020,Y25-49,M,758611.0,61.1381,44.1985,16.9395,Sicilia,confronto
ITG1,2020,Y25-49,T,1525230.0,63.9571,43.1661,20.791,Sicilia,confronto
ITG1,2020,Y50-64,F,546169.0,46.0021,32.8169,13.1851,Sicilia,confronto
ITG1,2020,Y50-64,M,506239.0,45.775,33.0555,12.7195,Sicilia,confronto
ITG1,2020,Y50-64,T,1052408.0,45.8928,32.9317,12.9611,Sicilia,confronto
ITG1,2020,Y9-24,F,387313.0,31.5383,28.2676,3.2707,Sicilia,confronto
ITG1,2020,Y9-24,M,415369.0,28.531,26.0409,2.4901,Sicilia,confronto
ITG1,2020,Y9-24,T,802682.0,29.9821,27.1153,2.8668,Sicilia,confronto
ITG1,2020,Y_GE65,F,604940.0,23.7073,16.2152,7.4921,Sicilia,confronto
ITG1,2020,Y_GE65,M,474507.0,31.0539,20.8393,10.2146,Sicilia,confronto
ITG1,2020,Y_GE65,T,1079447.0,26.9368,18.2479,8.6889,Sicilia,confronto
ITG1,2021,Y25-49,F,754026.0,67.6672,41.913,25.7542,Sicilia,confronto
ITG1,2021,Y25-49,M,755724.0,61.9698,44.281,17.6889,Sicilia,confronto
ITG1,2021,Y25-49,T,1509750.0,64.8153,43.0983,21.717,Sicilia,confronto
ITG1,2021,Y50-64,F,553456.0,46.966,33.3363,13.6296,Sicilia,confronto
ITG1,2021,Y50-64,M,516848.0,45.975,33.3286,12.6465,Sicilia,confronto
ITG1,2021,Y50-64,T,1070304.0,46.4874,33.3326,13.1549,Sicilia,confronto
ITG1,2021,Y9-24,F,384393.0,32.4756,28.6345,3.8411,Sicilia,confronto
ITG1,2021,Y9-24,M,412216.0,29.8179,27.0278,2.79,Sicilia,confronto
ITG1,2021,Y9-24,T,796609.0,31.1003,27.8031,3.2972,Sicilia,confronto
ITG1,2021,Y_GE65,F,609337.0,25.0213,17.167,7.8543,Sicilia,confronto
ITG1,2021,Y_GE65,M,480632.0,32.2983,21.731,10.5673,Sicilia,confronto
ITG1,2021,Y_GE65,T,1089969.0,28.2302,19.1795,9.0506,Sicilia,confronto
ITG1,2022,Y25-49,F,740631.0,69.1009,42.4372,26.6638,Sicilia,confronto
ITG1,2022,Y25-49,M,744340.0,63.0114,44.6056,18.4058,Sicilia,confronto
ITG1,2022,Y25-49,T,1484971.0,66.0486,43.5241,22.5245,Sicilia,confronto
ITG1,2022,Y50-64,F,556996.0,48.3964,34.4484,13.948,Sicilia,confronto
ITG1,2022,Y50-64,M,520304.0,47.1859,34.2344,12.9515,Sicilia,confronto
ITG1,2022,Y50-64,T,1077300.0,47.8118,34.345,13.4667,Sicilia,confronto
ITG1,2022,Y9-24,F,381533.0,33.0745,29.0638,4.0107,Sicilia,confronto
ITG1,2022,Y9-24,M,408761.0,30.2805,27.4172,2.8633,Sicilia,confronto
ITG1,2022,Y9-24,T,790294.0,31.6294,28.2122,3.4172,Sicilia,confronto
ITG1,2022,Y_GE65,F,614036.0,26.6017,18.2525,8.3492,Sicilia,confronto
ITG1,2022,Y_GE65,M,486234.0,34.0883,23.1082,10.9801,Sicilia,confronto
ITG1,2022,Y_GE65,T,1100270.0,29.9102,20.3984,9.5118,Sicilia,confronto
ITG1,2023,Y25-49,F,726772.0,68.9537,42.0869,26.8667,Sicilia,confronto
ITG1,2023,Y25-49,M,733637.0,62.6116,44.4338,18.1778,Sicilia,confronto
ITG1,2023,Y25-49,T,1460409.0,65.7677,43.2659,22.5018,Sicilia,confronto
ITG1,2023,Y50-64,F,560218.0,48.5579,34.0459,14.512,Sicilia,confronto
ITG1,2023,Y50-64,M,523898.0,46.7146,33.6749,13.0398,Sicilia,confronto
ITG1,2023,Y50-64,T,1084116.0,47.6671,33.8666,13.8006,Sicilia,confronto
ITG1,2023,Y9-24,F,378270.0,32.4956,28.7387,3.7568,Sicilia,confronto
ITG1,2023,Y9-24,M,406007.0,29.7554,27.1111,2.6443,Sicilia,confronto
ITG1,2023,Y9-24,T,784277.0,31.077,27.8961,3.1809,Sicilia,confronto
ITG1,2023,Y_GE65,F,620678.0,27.4353,18.6072,8.8281,Sicilia,confronto
ITG1,2023,Y_GE65,M,493917.0,34.4773,23.0148,11.4625,Sicilia,confronto
ITG1,2023,Y_GE65,T,1114595.0,30.5559,20.5604,9.9955,Sicilia,confronto
ITG1,2024,Y25-49,F,714135.0,69.8063,41.9681,27.8382,Sicilia,confronto
ITG1,2024,Y25-49,M,724119.0,63.2512,44.4166,18.8346,Sicilia,confronto
ITG1,2024,Y25-49,T,1438254.0,66.506,43.2009,23.3051,Sicilia,confronto
ITG1,2024,Y50-64,F,563944.0,49.4663,34.4905,14.9758,Sicilia,confronto
ITG1,2024,Y50-64,M,526910.0,47.3884,34.195,13.1933,Sicilia,confronto
ITG1,2024,Y50-64,T,1090854.0,48.4626,34.3478,14.1148,Sicilia,confronto
ITG1,2024,Y9-24,F,374652.0,33.0605,29.0678,3.9928,Sicilia,confronto
ITG1,2024,Y9-24,M,403742.0,30.4058,27.6189,2.7869,Sicilia,confronto
ITG1,2024,Y9-24,T,778394.0,31.6836,28.3163,3.3673,Sicilia,confronto
ITG1,2024,Y_GE65,F,630325.0,28.7188,19.5277,9.1911,Sicilia,confronto
ITG1,2024,Y_GE65,M,503521.0,35.6446,23.885,11.7596,Sicilia,confronto
ITG1,2024,Y_GE65,T,1133846.0,31.7944,21.4627,10.3317,Sicilia,confronto
082023,2018,Y25-49,F,2026.0,61.0563,42.3001,18.7562,Casteldaccia,vicino
082023,2018,Y25-49,M,1971.0,56.7225,43.2775,13.445,Casteldaccia,vicino
082023,2018,Y25-49,T,3997.0,58.9192,42.7821,16.1371,Casteldaccia,vicino
082023,2018,Y50-64,F,1081.0,36.6327,27.7521,8.8807,Casteldaccia,vicino
082023,2018,Y50-64,M,1060.0,40.4717,29.9057,10.566,Casteldaccia,vicino
082023,2018,Y50-64,T,2141.0,38.5334,28.8183,9.7151,Casteldaccia,vicino
082023,2018,Y9-24,F,962.0,30.7692,28.2744,2.4948,Casteldaccia,vicino
082023,2018,Y9-24,M,1024.0,25.0,24.1211,0.8789,Casteldaccia,vicino
082023,2018,Y9-24,T,1986.0,27.7946,26.1329,1.6616,Casteldaccia,vicino
082023,2018,Y_GE65,F,1183.0,13.3559,9.9746,3.3812,Casteldaccia,vicino
082023,2018,Y_GE65,M,997.0,20.7623,13.34,7.4223,Casteldaccia,vicino
082023,2018,Y_GE65,T,2180.0,16.7431,11.5138,5.2294,Casteldaccia,vicino
082023,2019,Y25-49,F,2015.0,60.6948,42.1836,18.5112,Casteldaccia,vicino
082023,2019,Y25-49,M,1930.0,56.3731,43.3161,13.057,Casteldaccia,vicino
082023,2019,Y25-49,T,3945.0,58.5805,42.7376,15.8428,Casteldaccia,vicino
082023,2019,Y50-64,F,1121.0,35.058,25.959,9.099,Casteldaccia,vicino
082023,2019,Y50-64,M,1121.0,42.2837,31.6682,10.6155,Casteldaccia,vicino
082023,2019,Y50-64,T,2242.0,38.6708,28.8136,9.8573,Casteldaccia,vicino
082023,2019,Y9-24,F,963.0,29.595,27.3105,2.2845,Casteldaccia,vicino
082023,2019,Y9-24,M,1044.0,23.659,22.4138,1.2452,Casteldaccia,vicino
082023,2019,Y9-24,T,2007.0,26.5072,24.7633,1.7439,Casteldaccia,vicino
082023,2019,Y_GE65,F,1205.0,15.6017,11.1203,4.4813,Casteldaccia,vicino
082023,2019,Y_GE65,M,1013.0,23.4946,15.7947,7.6999,Casteldaccia,vicino
082023,2019,Y_GE65,T,2218.0,19.2065,13.2552,5.9513,Casteldaccia,vicino
082023,2020,Y25-49,F,1980.0,62.9293,42.2222,20.7071,Casteldaccia,vicino
082023,2020,Y25-49,M,1877.0,59.1369,45.0719,14.065,Casteldaccia,vicino
082023,2020,Y25-49,T,3857.0,61.0837,43.609,17.4747,Casteldaccia,vicino
082023,2020,Y50-64,F,1167.0,38.4747,29.2202,9.2545,Casteldaccia,vicino
082023,2020,Y50-64,M,1154.0,41.9411,31.5425,10.3986,Casteldaccia,vicino
082023,2020,Y50-64,T,2321.0,40.1982,30.3748,9.8234,Casteldaccia,vicino
082023,2020,Y9-24,F,961.0,28.9282,25.4943,3.4339,Casteldaccia,vicino
082023,2020,Y9-24,M,1052.0,26.1407,24.4297,1.711,Casteldaccia,vicino
082023,2020,Y9-24,T,2013.0,27.4714,24.9379,2.5335,Casteldaccia,vicino
082023,2020,Y_GE65,F,1234.0,16.1264,11.3452,4.7812,Casteldaccia,vicino
082023,2020,Y_GE65,M,1053.0,24.4065,17.189,7.2175,Casteldaccia,vicino
082023,2020,Y_GE65,T,2287.0,19.9388,14.0359,5.9029,Casteldaccia,vicino
082023,2021,Y25-49,F,1957.0,64.9974,43.2294,21.768,Casteldaccia,vicino
082023,2021,Y25-49,M,1853.0,58.4997,43.8208,14.6789,Casteldaccia,vicino
082023,2021,Y25-49,T,3810.0,61.8373,43.5171,18.3202,Casteldaccia,vicino
082023,2021,Y50-64,F,1182.0,39.8477,30.7107,9.1371,Casteldaccia,vicino
082023,2021,Y50-64,M,1206.0,42.4544,32.3383,10.1161,Casteldaccia,vicino
082023,2021,Y50-64,T,2388.0,41.1642,31.5327,9.6315,Casteldaccia,vicino
082023,2021,Y9-24,F,960.0,28.4375,25.3125,3.125,Casteldaccia,vicino
082023,2021,Y9-24,M,1093.0,27.9963,25.7091,2.2873,Casteldaccia,vicino
082023,2021,Y9-24,T,2053.0,28.2026,25.5236,2.679,Casteldaccia,vicino
082023,2021,Y_GE65,F,1262.0,17.4326,12.1236,5.309,Casteldaccia,vicino
082023,2021,Y_GE65,M,1062.0,25.7062,18.1733,7.533,Casteldaccia,vicino
082023,2021,Y_GE65,T,2324.0,21.2134,14.8881,6.3253,Casteldaccia,vicino
082023,2022,Y25-49,F,1916.0,65.3967,41.858,23.5386,Casteldaccia,vicino
082023,2022,Y25-49,M,1835.0,61.9074,47.4659,14.4414,Casteldaccia,vicino
082023,2022,Y25-49,T,3751.0,63.6897,44.6014,19.0882,Casteldaccia,vicino
082023,2022,Y50-64,F,1240.0,42.6613,33.3065,9.3548,Casteldaccia,vicino
082023,2022,Y50-64,M,1227.0,45.2323,34.4743,10.7579,Casteldaccia,vicino
082023,2022,Y50-64,T,2467.0,43.94,33.8873,10.0527,Casteldaccia,vicino
082023,2022,Y9-24,F,986.0,29.4118,26.2677,3.144,Casteldaccia,vicino
082023,2022,Y9-24,M,1076.0,30.2045,28.5316,1.6729,Casteldaccia,vicino
082023,2022,Y9-24,T,2062.0,29.8254,27.4491,2.3763,Casteldaccia,vicino
082023,2022,Y_GE65,F,1283.0,19.5635,13.562,6.0016,Casteldaccia,vicino
082023,2022,Y_GE65,M,1075.0,26.8837,18.9767,7.907,Casteldaccia,vicino
082023,2022,Y_GE65,T,2358.0,22.9008,16.0305,6.8702,Casteldaccia,vicino
082023,2023,Y25-49,F,1881.0,65.4439,42.5306,22.9133,Casteldaccia,vicino
082023,2023,Y25-49,M,1819.0,61.7372,46.564,15.1732,Casteldaccia,vicino
082023,2023,Y25-49,T,3700.0,63.6216,44.5135,19.1081,Casteldaccia,vicino
082023,2023,Y50-64,F,1257.0,42.7208,33.2538,9.467,Casteldaccia,vicino
082023,2023,Y50-64,M,1256.0,45.1433,35.0318,10.1115,Casteldaccia,vicino
082023,2023,Y50-64,T,2513.0,43.9316,34.1425,9.7891,Casteldaccia,vicino
082023,2023,Y9-24,F,1013.0,29.3189,25.8638,3.4551,Casteldaccia,vicino
082023,2023,Y9-24,M,1082.0,32.5323,29.5749,2.9575,Casteldaccia,vicino
082023,2023,Y9-24,T,2095.0,30.9785,27.7804,3.1981,Casteldaccia,vicino
082023,2023,Y_GE65,F,1296.0,20.9877,14.3519,6.6358,Casteldaccia,vicino
082023,2023,Y_GE65,M,1080.0,28.4259,20.1852,8.2407,Casteldaccia,vicino
082023,2023,Y_GE65,T,2376.0,24.3687,17.0034,7.3653,Casteldaccia,vicino
082023,2024,Y25-49,F,1868.0,66.7024,42.8266,23.8758,Casteldaccia,vicino
082023,2024,Y25-49,M,1812.0,62.9139,46.1921,16.7219,Casteldaccia,vicino
082023,2024,Y25-49,T,3680.0,64.837,44.4837,20.3533,Casteldaccia,vicino
082023,2024,Y50-64,F,1298.0,43.9908,33.8983,10.0924,Casteldaccia,vicino
082023,2024,Y50-64,M,1301.0,46.8101,36.5104,10.2998,Casteldaccia,vicino
082023,2024,Y50-64,T,2599.0,45.4021,35.2058,10.1962,Casteldaccia,vicino
082023,2024,Y9-24,F,1014.0,31.2623,28.2051,3.0572,Casteldaccia,vicino
082023,2024,Y9-24,M,1102.0,31.8512,29.4011,2.4501,Casteldaccia,vicino
082023,2024,Y9-24,T,2116.0,31.569,28.828,2.741,Casteldaccia,vicino
082023,2024,Y_GE65,F,1316.0,21.7325,15.0456,6.6869,Casteldaccia,vicino
082023,2024,Y_GE65,M,1098.0000000000002,28.5974,20.4007,8.1967,Casteldaccia,vicino
082023,2024,Y_GE65,T,2414.0,24.855,17.4814,7.3737,Casteldaccia,vicino
082035,2018,Y25-49,F,2373.0,55.2044,40.8344,14.37,Ficarazzi,vicino
082035,2018,Y25-49,M,2279.0,53.0057,42.3431,10.6626,Ficarazzi,vicino
082035,2018,Y25-49,T,4652.0,54.1273,41.5735,12.5537,Ficarazzi,vicino
082035,2018,Y50-64,F,1181.0,32.0068,24.3861,7.6207,Ficarazzi,vicino
082035,2018,Y50-64,M,1145.0,33.7991,27.1616,6.6376,Ficarazzi,vicino
082035,2018,Y50-64,T,2326.0,32.8891,25.7524,7.1367,Ficarazzi,vicino
082035,2018,Y9-24,F,1202.0,25.4576,24.0433,1.4143,Ficarazzi,vicino
082035,2018,Y9-24,M,1288.0,24.4565,23.059,1.3975,Ficarazzi,vicino
082035,2018,Y9-24,T,2490.0,24.9398,23.5341,1.4056,Ficarazzi,vicino
082035,2018,Y_GE65,F,963.0,14.6417,11.0073,3.6345,Ficarazzi,vicino
082035,2018,Y_GE65,M,787.0,17.7891,13.0877,4.7014,Ficarazzi,vicino
082035,2018,Y_GE65,T,1750.0,16.0571,11.9429,4.1143,Ficarazzi,vicino
082035,2019,Y25-49,F,2362.0,56.9856,42.0406,14.945,Ficarazzi,vicino
082035,2019,Y25-49,M,2276.0,52.9877,42.1793,10.8084,Ficarazzi,vicino
082035,2019,Y25-49,T,4638.0,55.0237,42.1087,12.915,Ficarazzi,vicino
082035,2019,Y50-64,F,1224.0,34.1503,25.7353,8.415,Ficarazzi,vicino
082035,2019,Y50-64,M,1184.0,33.5304,27.5338,5.9966,Ficarazzi,vicino
082035,2019,Y50-64,T,2408.0,33.8455,26.6196,7.2259,Ficarazzi,vicino
082035,2019,Y9-24,F,1214.0,25.1236,23.8056,1.318,Ficarazzi,vicino
082035,2019,Y9-24,M,1296.0,24.6142,23.3796,1.2346,Ficarazzi,vicino
082035,2019,Y9-24,T,2510.0,24.8606,23.5857,1.2749,Ficarazzi,vicino
082035,2019,Y_GE65,F,998.0,13.7275,10.2204,3.507,Ficarazzi,vicino
082035,2019,Y_GE65,M,814.0,21.0074,15.8477,5.1597,Ficarazzi,vicino
082035,2019,Y_GE65,T,1812.0,16.9978,12.7483,4.2494,Ficarazzi,vicino
082035,2020,Y25-49,F,2312.0,58.3478,41.955,16.3927,Ficarazzi,vicino
082035,2020,Y25-49,M,2206.0,54.6691,43.7897,10.8794,Ficarazzi,vicino
082035,2020,Y25-49,T,4518.0,56.5516,42.8508,13.7008,Ficarazzi,vicino
082035,2020,Y50-64,F,1254.0,32.6156,25.1196,7.496,Ficarazzi,vicino
082035,2020,Y50-64,M,1214.0,35.2554,28.8303,6.425,Ficarazzi,vicino
082035,2020,Y50-64,T,2468.0,33.9141,26.9449,6.9692,Ficarazzi,vicino
082035,2020,Y9-24,F,1192.0,26.9295,24.9161,2.0134,Ficarazzi,vicino
082035,2020,Y9-24,M,1273.0,26.2372,24.3519,1.8853,Ficarazzi,vicino
082035,2020,Y9-24,T,2465.0,26.572,24.6247,1.9473,Ficarazzi,vicino
082035,2020,Y_GE65,F,1061.0,15.4571,11.7813,3.6758,Ficarazzi,vicino
082035,2020,Y_GE65,M,868.0,21.659,15.6682,5.9908,Ficarazzi,vicino
082035,2020,Y_GE65,T,1929.0,18.2478,13.5303,4.7175,Ficarazzi,vicino
082035,2021,Y25-49,F,2308.0,60.0953,43.3709,16.7244,Ficarazzi,vicino
082035,2021,Y25-49,M,2204.0,56.1252,44.9637,11.1615,Ficarazzi,vicino
082035,2021,Y25-49,T,4512.0,58.156,44.1489,14.0071,Ficarazzi,vicino
082035,2021,Y50-64,F,1310.0,34.0458,25.9542,8.0916,Ficarazzi,vicino
082035,2021,Y50-64,M,1276.0,36.2853,29.1536,7.1317,Ficarazzi,vicino
082035,2021,Y50-64,T,2586.0,35.1508,27.5329,7.6179,Ficarazzi,vicino
082035,2021,Y9-24,F,1219.0,25.9229,22.9696,2.9532,Ficarazzi,vicino
082035,2021,Y9-24,M,1277.0,27.8778,25.7635,2.1143,Ficarazzi,vicino
082035,2021,Y9-24,T,2496.0,26.9231,24.399,2.524,Ficarazzi,vicino
082035,2021,Y_GE65,F,1070.0,15.514,11.5888,3.9252,Ficarazzi,vicino
082035,2021,Y_GE65,M,903.0,22.2591,17.3865,4.8726,Ficarazzi,vicino
082035,2021,Y_GE65,T,1973.0,18.6011,14.2423,4.3588,Ficarazzi,vicino
082035,2022,Y25-49,F,2309.0,58.6401,42.3993,16.2408,Ficarazzi,vicino
082035,2022,Y25-49,M,2184.0,56.5934,44.2766,12.3168,Ficarazzi,vicino
082035,2022,Y25-49,T,4493.0,57.6452,43.3118,14.3334,Ficarazzi,vicino
082035,2022,Y50-64,F,1324.0,33.8369,25.6798,8.1571,Ficarazzi,vicino
082035,2022,Y50-64,M,1313.0,35.5674,28.4082,7.1592,Ficarazzi,vicino
082035,2022,Y50-64,T,2637.0,34.6985,27.0383,7.6602,Ficarazzi,vicino
082035,2022,Y9-24,F,1239.0,28.0065,25.343,2.6634,Ficarazzi,vicino
082035,2022,Y9-24,M,1265.0,29.249,27.0356,2.2134,Ficarazzi,vicino
082035,2022,Y9-24,T,2504.0,28.6342,26.1981,2.4361,Ficarazzi,vicino
082035,2022,Y_GE65,F,1100.0,15.8182,11.8182,4.0,Ficarazzi,vicino
082035,2022,Y_GE65,M,928.0,23.7069,18.8578,4.8491,Ficarazzi,vicino
082035,2022,Y_GE65,T,2028.0,19.428,15.0394,4.3886,Ficarazzi,vicino
082035,2023,Y25-49,F,2237.0,61.5557,44.3898,17.1658,Ficarazzi,vicino
082035,2023,Y25-49,M,2097.0,59.1798,47.4487,11.731,Ficarazzi,vicino
082035,2023,Y25-49,T,4334.0,60.4061,45.8699,14.5362,Ficarazzi,vicino
082035,2023,Y50-64,F,1360.0,35.5147,27.2794,8.2353,Ficarazzi,vicino
082035,2023,Y50-64,M,1335.0,35.9551,28.9139,7.0412,Ficarazzi,vicino
082035,2023,Y50-64,T,2695.0,35.7328,28.0891,7.6438,Ficarazzi,vicino
082035,2023,Y9-24,F,1233.0,27.4128,24.7364,2.6764,Ficarazzi,vicino
082035,2023,Y9-24,M,1234.0,27.6337,25.7699,1.8639,Ficarazzi,vicino
082035,2023,Y9-24,T,2467.0,27.5233,25.2533,2.27,Ficarazzi,vicino
082035,2023,Y_GE65,F,1091.0,17.1402,13.4739,3.6664,Ficarazzi,vicino
082035,2023,Y_GE65,M,934.0,22.6981,18.0942,4.6039,Ficarazzi,vicino
082035,2023,Y_GE65,T,2025.0,19.7037,15.6049,4.0988,Ficarazzi,vicino
082035,2024,Y25-49,F,2212.0000000000005,62.7034,44.7107,17.9928,Ficarazzi,vicino
082035,2024,Y25-49,M,2086.0,60.4027,47.4593,12.9434,Ficarazzi,vicino
082035,2024,Y25-49,T,4298.0,61.5868,46.0447,15.5421,Ficarazzi,vicino
082035,2024,Y50-64,F,1418.0,37.024,28.9845,8.0395,Ficarazzi,vicino
082035,2024,Y50-64,M,1379.9999999999998,37.1739,29.7826,7.3913,Ficarazzi,vicino
082035,2024,Y50-64,T,2798.0,37.0979,29.3781,7.7198,Ficarazzi,vicino
082035,2024,Y9-24,F,1230.0,28.2114,24.6341,3.5772,Ficarazzi,vicino
082035,2024,Y9-24,M,1222.0,28.8871,27.1686,1.7185,Ficarazzi,vicino
082035,2024,Y9-24,T,2452.0,28.5481,25.8972,2.6509,Ficarazzi,vicino
082035,2024,Y_GE65,F,1106.0000000000002,17.9024,13.9241,3.9783,Ficarazzi,vicino
082035,2024,Y_GE65,M,954.0,24.4235,19.4969,4.9266,Ficarazzi,vicino
082035,2024,Y_GE65,T,2060.0,20.9223,16.5049,4.4175,Ficarazzi,vicino
082048,2018,Y25-49,F,5045.0,53.8949,37.7007,16.1943,Misilmeri,vicino
082048,2018,Y25-49,M,4901.0,54.1522,43.3789,10.7733,Misilmeri,vicino
082048,2018,Y25-49,T,9946.0,54.0217,40.4987,13.523,Misilmeri,vicino
082048,2018,Y50-64,F,2837.0,26.8241,20.7614,6.0627,Misilmeri,vicino
082048,2018,Y50-64,M,2774.0,30.8219,24.297,6.5249,Misilmeri,vicino
082048,2018,Y50-64,T,5611.0,28.8006,22.5094,6.2912,Misilmeri,vicino
082048,2018,Y9-24,F,2575.0,27.9612,26.0583,1.9029,Misilmeri,vicino
082048,2018,Y9-24,M,2748.0,25.3639,23.4716,1.8923,Misilmeri,vicino
082048,2018,Y9-24,T,5323.0,26.6203,24.7229,1.8974,Misilmeri,vicino
082048,2018,Y_GE65,F,2636.0,8.4219,6.2215,2.2003,Misilmeri,vicino
082048,2018,Y_GE65,M,2287.0,14.2108,10.7564,3.4543,Misilmeri,vicino
082048,2018,Y_GE65,T,4923.0,11.1111,8.3283,2.7829,Misilmeri,vicino
082048,2019,Y25-49,F,4994.0,55.2663,38.9868,16.2795,Misilmeri,vicino
082048,2019,Y25-49,M,4832.0,54.2219,43.75,10.4719,Misilmeri,vicino
082048,2019,Y25-49,T,9826.0,54.7527,41.3291,13.4236,Misilmeri,vicino
082048,2019,Y50-64,F,2951.0,27.5161,21.552,5.9641,Misilmeri,vicino
082048,2019,Y50-64,M,2843.0,30.9884,24.3757,6.6127,Misilmeri,vicino
082048,2019,Y50-64,T,5794.0,29.2199,22.9375,6.2824,Misilmeri,vicino
082048,2019,Y9-24,F,2534.0,28.2163,25.8879,2.3283,Misilmeri,vicino
082048,2019,Y9-24,M,2736.0,25.6213,24.3787,1.2427,Misilmeri,vicino
082048,2019,Y9-24,T,5270.0,26.8691,25.1044,1.7647,Misilmeri,vicino
082048,2019,Y_GE65,F,2695.0,9.6475,6.8275,2.82,Misilmeri,vicino
082048,2019,Y_GE65,M,2339.0,15.947,11.8854,4.0616,Misilmeri,vicino
082048,2019,Y_GE65,T,5034.0,12.5745,9.1776,3.3969,Misilmeri,vicino
082048,2020,Y25-49,F,4907.0,57.6116,40.432,17.1795,Misilmeri,vicino
082048,2020,Y25-49,M,4709.0,56.4876,45.2325,11.255,Misilmeri,vicino
082048,2020,Y25-49,T,9616.0,57.0611,42.7829,14.2783,Misilmeri,vicino
082048,2020,Y50-64,F,2986.0,29.002,22.5385,6.4635,Misilmeri,vicino
082048,2020,Y50-64,M,2911.0,32.1883,25.4895,6.6987,Misilmeri,vicino
082048,2020,Y50-64,T,5897.0,30.5749,23.9953,6.5796,Misilmeri,vicino
082048,2020,Y9-24,F,2458.0,27.6241,25.4679,2.1562,Misilmeri,vicino
082048,2020,Y9-24,M,2656.0,26.3931,24.3599,2.0331,Misilmeri,vicino
082048,2020,Y9-24,T,5114.0,26.9847,24.8925,2.0923,Misilmeri,vicino
082048,2020,Y_GE65,F,2756.0,9.5065,6.8215,2.6851,Misilmeri,vicino
082048,2020,Y_GE65,M,2424.0,17.3267,13.2838,4.0429,Misilmeri,vicino
082048,2020,Y_GE65,T,5180.0,13.166,9.8456,3.3205,Misilmeri,vicino
082048,2021,Y25-49,F,4845.0,58.1837,40.3922,17.7915,Misilmeri,vicino
082048,2021,Y25-49,M,4760.0,56.8277,44.6218,12.2059,Misilmeri,vicino
082048,2021,Y25-49,T,9605.0,57.5117,42.4883,15.0234,Misilmeri,vicino
082048,2021,Y50-64,F,3090.0,29.2233,23.0097,6.2136,Misilmeri,vicino
082048,2021,Y50-64,M,3004.0,32.8895,25.7324,7.1571,Misilmeri,vicino
082048,2021,Y50-64,T,6094.0,31.0305,24.3518,6.6787,Misilmeri,vicino
082048,2021,Y9-24,F,2496.0,28.2853,25.8013,2.484,Misilmeri,vicino
082048,2021,Y9-24,M,2668.0,27.4363,25.2249,2.2114,Misilmeri,vicino
082048,2021,Y9-24,T,5164.0,27.8466,25.5035,2.3431,Misilmeri,vicino
082048,2021,Y_GE65,F,2824.0,10.4108,7.4717,2.9391,Misilmeri,vicino
082048,2021,Y_GE65,M,2496.0,19.1506,14.2228,4.9279,Misilmeri,vicino
082048,2021,Y_GE65,T,5320.0,14.5113,10.6391,3.8722,Misilmeri,vicino
082048,2022,Y25-49,F,4748.0,60.6361,42.2072,18.4288,Misilmeri,vicino
082048,2022,Y25-49,M,4696.0,57.9216,45.3152,12.6065,Misilmeri,vicino
082048,2022,Y25-49,T,9444.0,59.2863,43.7526,15.5337,Misilmeri,vicino
082048,2022,Y50-64,F,3143.0,31.1486,24.7852,6.3633,Misilmeri,vicino
082048,2022,Y50-64,M,3053.0,34.0649,26.9243,7.1405,Misilmeri,vicino
082048,2022,Y50-64,T,6196.0,32.5855,25.8393,6.7463,Misilmeri,vicino
082048,2022,Y9-24,F,2468.0,29.6596,26.9044,2.7553,Misilmeri,vicino
082048,2022,Y9-24,M,2623.0,27.6782,26.0389,1.6393,Misilmeri,vicino
082048,2022,Y9-24,T,5091.0,28.6388,26.4585,2.1803,Misilmeri,vicino
082048,2022,Y_GE65,F,2862.0,11.6702,8.7002,2.97,Misilmeri,vicino
082048,2022,Y_GE65,M,2518.0,19.5393,14.8928,4.6465,Misilmeri,vicino
082048,2022,Y_GE65,T,5380.0,15.3532,11.5985,3.7546,Misilmeri,vicino
082048,2023,Y25-49,F,4712.0,60.5475,41.9355,18.6121,Misilmeri,vicino
082048,2023,Y25-49,M,4631.0,57.9572,45.9296,12.0276,Misilmeri,vicino
082048,2023,Y25-49,T,9343.0,59.2636,43.9152,15.3484,Misilmeri,vicino
082048,2023,Y50-64,F,3187.0,30.3106,23.69,6.6206,Misilmeri,vicino
082048,2023,Y50-64,M,3106.0,33.2904,26.1751,7.1153,Misilmeri,vicino
082048,2023,Y50-64,T,6293.0,31.7813,24.9166,6.8648,Misilmeri,vicino
082048,2023,Y9-24,F,2483.0,27.4668,25.0503,2.4164,Misilmeri,vicino
082048,2023,Y9-24,M,2668.0,26.1619,24.5502,1.6117,Misilmeri,vicino
082048,2023,Y9-24,T,5151.0,26.7909,24.7913,1.9996,Misilmeri,vicino
082048,2023,Y_GE65,F,2911.0,11.2676,8.3476,2.92,Misilmeri,vicino
082048,2023,Y_GE65,M,2586.0,19.1415,14.7332,4.4084,Misilmeri,vicino
082048,2023,Y_GE65,T,5497.0,14.9718,11.3516,3.6202,Misilmeri,vicino
082048,2024,Y25-49,F,4684.0,61.8275,42.0154,19.8121,Misilmeri,vicino
082048,2024,Y25-49,M,4552.0,58.8313,46.0677,12.7636,Misilmeri,vicino
082048,2024,Y25-49,T,9236.0,60.3508,44.0126,16.3382,Misilmeri,vicino
082048,2024,Y50-64,F,3249.0000000000005,31.5789,24.6845,6.8944,Misilmeri,vicino
082048,2024,Y50-64,M,3120.0,34.4551,27.1474,7.3077,Misilmeri,vicino
082048,2024,Y50-64,T,6369.0,32.9879,25.891,7.0969,Misilmeri,vicino
082048,2024,Y9-24,F,2487.0,28.9103,25.7338,3.1765,Misilmeri,vicino
082048,2024,Y9-24,M,2686.0,28.5555,26.4334,2.1221,Misilmeri,vicino
082048,2024,Y9-24,T,5173.0,28.7261,26.097,2.629,Misilmeri,vicino
082048,2024,Y_GE65,F,3000.0,12.5,9.2667,3.2333,Misilmeri,vicino
082048,2024,Y_GE65,M,2668.0000000000005,20.1274,15.3298,4.7976,Misilmeri,vicino
082048,2024,Y_GE65,T,5668.0,16.0903,12.1207,3.9697,Misilmeri,vicino
082067,2018,Y25-49,F,1833.0,62.2477,38.9525,23.2951,Santa Flavia,vicino
082067,2018,Y25-49,M,1827.0,55.2819,40.3941,14.8878,Santa Flavia,vicino
082067,2018,Y25-49,T,3660.0,58.7705,39.6721,19.0984,Santa Flavia,vicino
082067,2018,Y50-64,F,1190.0,40.6723,27.8151,12.8571,Santa Flavia,vicino
082067,2018,Y50-64,M,1118.0,39.6243,28.4436,11.1807,Santa Flavia,vicino
082067,2018,Y50-64,T,2308.0,40.1646,28.1196,12.0451,Santa Flavia,vicino
082067,2018,Y9-24,F,920.0,31.6304,28.3696,3.2609,Santa Flavia,vicino
082067,2018,Y9-24,M,982.0,28.2077,26.5784,1.6293,Santa Flavia,vicino
082067,2018,Y9-24,T,1902.0,29.8633,27.4448,2.4185,Santa Flavia,vicino
082067,2018,Y_GE65,F,1226.0,19.168,11.7455,7.4225,Santa Flavia,vicino
082067,2018,Y_GE65,M,1006.0,24.5527,16.1034,8.4493,Santa Flavia,vicino
082067,2018,Y_GE65,T,2232.0,21.595,13.7097,7.8853,Santa Flavia,vicino
082067,2019,Y25-49,F,1803.0,62.8397,39.3788,23.4609,Santa Flavia,vicino
082067,2019,Y25-49,M,1817.0,57.3473,43.3682,13.9791,Santa Flavia,vicino
082067,2019,Y25-49,T,3620.0,60.0829,41.3812,18.7017,Santa Flavia,vicino
082067,2019,Y50-64,F,1210.0,40.7438,27.686,13.0579,Santa Flavia,vicino
082067,2019,Y50-64,M,1131.0,40.9372,29.6198,11.3174,Santa Flavia,vicino
082067,2019,Y50-64,T,2341.0,40.8372,28.6202,12.217,Santa Flavia,vicino
082067,2019,Y9-24,F,934.0,29.7645,27.3019,2.4625,Santa Flavia,vicino
082067,2019,Y9-24,M,956.0,27.6151,26.6736,0.9414,Santa Flavia,vicino
082067,2019,Y9-24,T,1890.0,28.6772,26.9841,1.6931,Santa Flavia,vicino
082067,2019,Y_GE65,F,1248.0,20.4327,12.5801,7.8526,Santa Flavia,vicino
082067,2019,Y_GE65,M,1017.0,25.6637,17.6991,7.9646,Santa Flavia,vicino
082067,2019,Y_GE65,T,2265.0,22.7815,14.8786,7.9029,Santa Flavia,vicino
082067,2020,Y25-49,F,1748.0,64.5881,38.4439,26.1442,Santa Flavia,vicino
082067,2020,Y25-49,M,1751.0,58.1382,41.7476,16.3906,Santa Flavia,vicino
082067,2020,Y25-49,T,3499.0,61.3604,40.0972,21.2632,Santa Flavia,vicino
082067,2020,Y50-64,F,1207.0,41.5079,26.7606,14.7473,Santa Flavia,vicino
082067,2020,Y50-64,M,1118.0,42.0394,30.8587,11.1807,Santa Flavia,vicino
082067,2020,Y50-64,T,2325.0,41.7634,28.7312,13.0323,Santa Flavia,vicino
082067,2020,Y9-24,F,915.0,32.2404,28.5246,3.7158,Santa Flavia,vicino
082067,2020,Y9-24,M,935.0,29.3048,27.3797,1.9251,Santa Flavia,vicino
082067,2020,Y9-24,T,1850.0,30.7568,27.9459,2.8108,Santa Flavia,vicino
082067,2020,Y_GE65,F,1257.0,20.7637,13.5243,7.2395,Santa Flavia,vicino
082067,2020,Y_GE65,M,1049.0,26.2154,17.9218,8.2936,Santa Flavia,vicino
082067,2020,Y_GE65,T,2306.0,23.2437,15.5247,7.719,Santa Flavia,vicino
082067,2021,Y25-49,F,1754.0,64.3672,37.5713,26.7959,Santa Flavia,vicino
082067,2021,Y25-49,M,1748.0,60.4691,43.1922,17.2769,Santa Flavia,vicino
082067,2021,Y25-49,T,3502.0,62.4215,40.3769,22.0445,Santa Flavia,vicino
082067,2021,Y50-64,F,1249.0,40.5925,26.9015,13.691,Santa Flavia,vicino
082067,2021,Y50-64,M,1163.0,43.1642,31.1264,12.0378,Santa Flavia,vicino
082067,2021,Y50-64,T,2412.0,41.8325,28.9386,12.8939,Santa Flavia,vicino
082067,2021,Y9-24,F,928.0,32.5431,29.0948,3.4483,Santa Flavia,vicino
082067,2021,Y9-24,M,959.0,28.6757,25.756,2.9197,Santa Flavia,vicino
082067,2021,Y9-24,T,1887.0,30.5776,27.398,3.1797,Santa Flavia,vicino
082067,2021,Y_GE65,F,1277.0,21.3782,13.3125,8.0658,Santa Flavia,vicino
082067,2021,Y_GE65,M,1068.0,27.2472,18.9139,8.3333,Santa Flavia,vicino
082067,2021,Y_GE65,T,2345.0,24.0512,15.8635,8.1876,Santa Flavia,vicino
082067,2022,Y25-49,F,1764.0,67.517,39.6259,27.8912,Santa Flavia,vicino
082067,2022,Y25-49,M,1735.0,59.2507,42.0173,17.2334,Santa Flavia,vicino
082067,2022,Y25-49,T,3499.0,63.4181,40.8117,22.6065,Santa Flavia,vicino
082067,2022,Y50-64,F,1239.0,42.615,27.7643,14.8507,Santa Flavia,vicino
082067,2022,Y50-64,M,1161.0,44.0138,31.2661,12.7476,Santa Flavia,vicino
082067,2022,Y50-64,T,2400.0,43.2917,29.4583,13.8333,Santa Flavia,vicino
082067,2022,Y9-24,F,937.0,32.0171,28.7086,3.3084,Santa Flavia,vicino
082067,2022,Y9-24,M,965.0,28.3938,26.0104,2.3834,Santa Flavia,vicino
082067,2022,Y9-24,T,1902.0,30.1788,27.3396,2.8391,Santa Flavia,vicino
082067,2022,Y_GE65,F,1306.0,22.8178,14.9311,7.8867,Santa Flavia,vicino
082067,2022,Y_GE65,M,1100.0,29.5455,20.9091,8.6364,Santa Flavia,vicino
082067,2022,Y_GE65,T,2406.0,25.8936,17.6642,8.2294,Santa Flavia,vicino
082067,2023,Y25-49,F,1741.0,67.4325,39.2878,28.1447,Santa Flavia,vicino
082067,2023,Y25-49,M,1689.0,61.3381,43.8129,17.5252,Santa Flavia,vicino
082067,2023,Y25-49,T,3430.0,64.4315,41.516,22.9155,Santa Flavia,vicino
082067,2023,Y50-64,F,1242.0,42.9952,27.8583,15.1369,Santa Flavia,vicino
082067,2023,Y50-64,M,1222.0,44.4354,31.5876,12.8478,Santa Flavia,vicino
082067,2023,Y50-64,T,2464.0,43.7094,29.7078,14.0016,Santa Flavia,vicino
082067,2023,Y9-24,F,930.0,33.1183,29.1398,3.9785,Santa Flavia,vicino
082067,2023,Y9-24,M,967.0,28.8521,25.6463,3.2058,Santa Flavia,vicino
082067,2023,Y9-24,T,1897.0,30.9436,27.359,3.5846,Santa Flavia,vicino
082067,2023,Y_GE65,F,1340.0,24.2537,15.0,9.2537,Santa Flavia,vicino
082067,2023,Y_GE65,M,1110.0,29.2793,19.8198,9.4595,Santa Flavia,vicino
082067,2023,Y_GE65,T,2450.0,26.5306,17.1837,9.3469,Santa Flavia,vicino
082067,2024,Y25-49,F,1737.9999999999998,68.6997,39.7583,28.9413,Santa Flavia,vicino
082067,2024,Y25-49,M,1678.0,61.7998,44.1597,17.64,Santa Flavia,vicino
082067,2024,Y25-49,T,3416.0,65.3103,41.9204,23.3899,Santa Flavia,vicino
082067,2024,Y50-64,F,1247.0,44.6672,28.3881,16.2791,Santa Flavia,vicino
082067,2024,Y50-64,M,1238.0,45.3958,31.9871,13.4087,Santa Flavia,vicino
082067,2024,Y50-64,T,2485.0,45.0302,30.1811,14.8491,Santa Flavia,vicino
082067,2024,Y9-24,F,919.0,34.3852,29.5974,4.7878,Santa Flavia,vicino
082067,2024,Y9-24,M,945.0,29.418,26.455,2.963,Santa Flavia,vicino
082067,2024,Y9-24,T,1864.0,31.867,28.0043,3.8627,Santa Flavia,vicino
082067,2024,Y_GE65,F,1368.0,25.2193,15.6433,9.576,Santa Flavia,vicino
082067,2024,Y_GE65,M,1148.0,30.4878,20.4704,10.0174,Santa Flavia,vicino
082067,2024,Y_GE65,T,2516.0,27.6232,17.8458,9.7774,Santa Flavia,vicino
082079,2018,Y25-49,F,3584.0,50.0279,37.2768,12.7511,Villabate,vicino
082079,2018,Y25-49,M,3397.0,46.6588,38.534,8.1248,Villabate,vicino
082079,2018,Y25-49,T,6981.0,48.3885,37.8886,10.4999,Villabate,vicino
082079,2018,Y50-64,F,1922.0,25.9625,21.0198,4.9428,Villabate,vicino
082079,2018,Y50-64,M,1860.0,30.1075,24.7312,5.3763,Villabate,vicino
082079,2018,Y50-64,T,3782.0,28.0011,22.8451,5.156,Villabate,vicino
082079,2018,Y9-24,F,1902.0,25.8149,24.0799,1.735,Villabate,vicino
082079,2018,Y9-24,M,1916.0,23.0689,21.3987,1.6701,Villabate,vicino
082079,2018,Y9-24,T,3818.0,24.4369,22.7344,1.7025,Villabate,vicino
082079,2018,Y_GE65,F,1585.0,8.959,7.571,1.388,Villabate,vicino
082079,2018,Y_GE65,M,1293.0,14.8492,11.2916,3.5576,Villabate,vicino
082079,2018,Y_GE65,T,2878.0,11.6053,9.2425,2.3628,Villabate,vicino
082079,2019,Y25-49,F,3526.0,49.8015,36.8406,12.9609,Villabate,vicino
082079,2019,Y25-49,M,3341.0,47.9796,39.2996,8.68,Villabate,vicino
082079,2019,Y25-49,T,6867.0,48.9151,38.037,10.8781,Villabate,vicino
082079,2019,Y50-64,F,1955.0,26.7519,21.9949,4.757,Villabate,vicino
082079,2019,Y50-64,M,1908.0,31.0797,25.4717,5.608,Villabate,vicino
082079,2019,Y50-64,T,3863.0,28.8895,23.7121,5.1773,Villabate,vicino
082079,2019,Y9-24,F,1851.0,25.6078,23.7169,1.8909,Villabate,vicino
082079,2019,Y9-24,M,1933.0,21.8831,20.745,1.1381,Villabate,vicino
082079,2019,Y9-24,T,3784.0,23.7051,22.1987,1.5063,Villabate,vicino
082079,2019,Y_GE65,F,1652.0,9.9274,8.1719,1.7554,Villabate,vicino
082079,2019,Y_GE65,M,1333.0,16.8792,12.9032,3.976,Villabate,vicino
082079,2019,Y_GE65,T,2985.0,13.0318,10.2848,2.7471,Villabate,vicino
082079,2020,Y25-49,F,3490.0,51.8052,37.8223,13.9828,Villabate,vicino
082079,2020,Y25-49,M,3259.0,50.6904,40.626,10.0644,Villabate,vicino
082079,2020,Y25-49,T,6749.0,51.2669,39.1762,12.0907,Villabate,vicino
082079,2020,Y50-64,F,1937.0,28.1363,23.0769,5.0594,Villabate,vicino
082079,2020,Y50-64,M,1960.0,32.0918,26.0714,6.0204,Villabate,vicino
082079,2020,Y50-64,T,3897.0,30.1257,24.583,5.5427,Villabate,vicino
082079,2020,Y9-24,F,1835.0,27.4114,25.4496,1.9619,Villabate,vicino
082079,2020,Y9-24,M,1909.0,22.8392,21.3724,1.4667,Villabate,vicino
082079,2020,Y9-24,T,3744.0,25.0801,23.3707,1.7094,Villabate,vicino
082079,2020,Y_GE65,F,1721.0,10.7496,8.5415,2.208,Villabate,vicino
082079,2020,Y_GE65,M,1381.0,17.8132,13.4685,4.3447,Villabate,vicino
082079,2020,Y_GE65,T,3102.0,13.8943,10.735,3.1593,Villabate,vicino
082079,2021,Y25-49,F,3476.0,53.7112,38.7802,14.931,Villabate,vicino
082079,2021,Y25-49,M,3264.0,52.0833,41.8199,10.2635,Villabate,vicino
082079,2021,Y25-49,T,6740.0,52.9228,40.2522,12.6706,Villabate,vicino
082079,2021,Y50-64,F,1994.0,26.7803,21.9157,4.8646,Villabate,vicino
082079,2021,Y50-64,M,2035.0,32.5307,26.8796,5.6511,Villabate,vicino
082079,2021,Y50-64,T,4029.0,29.6848,24.4229,5.2619,Villabate,vicino
082079,2021,Y9-24,F,1853.0,27.5769,25.0944,2.4825,Villabate,vicino
082079,2021,Y9-24,M,1928.0,24.7407,23.2884,1.4523,Villabate,vicino
082079,2021,Y9-24,T,3781.0,26.1307,24.1735,1.9572,Villabate,vicino
082079,2021,Y_GE65,F,1722.0,11.2079,8.8269,2.381,Villabate,vicino
082079,2021,Y_GE65,M,1394.0,19.0818,14.4189,4.6628,Villabate,vicino
082079,2021,Y_GE65,T,3116.0,14.7304,11.3286,3.4018,Villabate,vicino
082079,2022,Y25-49,F,3395.0,55.1105,39.5582,15.5523,Villabate,vicino
082079,2022,Y25-49,M,3160.0,53.1013,42.3734,10.7278,Villabate,vicino
082079,2022,Y25-49,T,6555.0,54.1419,40.9153,13.2265,Villabate,vicino
082079,2022,Y50-64,F,2069.0,29.7245,23.8279,5.8966,Villabate,vicino
082079,2022,Y50-64,M,2034.0,32.3992,26.4503,5.9489,Villabate,vicino
082079,2022,Y50-64,T,4103.0,31.0505,25.128,5.9225,Villabate,vicino
082079,2022,Y9-24,F,1815.0,27.3278,24.8485,2.4793,Villabate,vicino
082079,2022,Y9-24,M,1917.0,25.5086,24.1002,1.4085,Villabate,vicino
082079,2022,Y9-24,T,3732.0,26.3934,24.4641,1.9293,Villabate,vicino
082079,2022,Y_GE65,F,1757.0,13.3182,10.9277,2.3904,Villabate,vicino
082079,2022,Y_GE65,M,1451.0,20.9511,15.989,4.9621,Villabate,vicino
082079,2022,Y_GE65,T,3208.0,16.7706,13.217,3.5536,Villabate,vicino
082079,2023,Y25-49,F,3302.0,54.361,39.3095,15.0515,Villabate,vicino
082079,2023,Y25-49,M,3052.0,53.3093,42.8571,10.4522,Villabate,vicino
082079,2023,Y25-49,T,6354.0,53.8558,41.0135,12.8423,Villabate,vicino
082079,2023,Y50-64,F,2117.0,28.342,22.6736,5.6684,Villabate,vicino
082079,2023,Y50-64,M,2031.0,31.807,25.5539,6.2531,Villabate,vicino
082079,2023,Y50-64,T,4148.0,30.0386,24.0839,5.9547,Villabate,vicino
082079,2023,Y9-24,F,1805.0,25.7618,22.9363,2.8255,Villabate,vicino
082079,2023,Y9-24,M,1928.0,25.9336,24.1701,1.7635,Villabate,vicino
082079,2023,Y9-24,T,3733.0,25.8505,23.5735,2.277,Villabate,vicino
082079,2023,Y_GE65,F,1797.0,13.0217,10.6288,2.3929,Villabate,vicino
082079,2023,Y_GE65,M,1485.0,21.0101,15.6902,5.3199,Villabate,vicino
082079,2023,Y_GE65,T,3282.0,16.6362,12.919,3.7172,Villabate,vicino
082079,2024,Y25-49,F,3221.0,55.2934,39.4598,15.8336,Villabate,vicino
082079,2024,Y25-49,M,2990.0,53.9799,43.2107,10.7692,Villabate,vicino
082079,2024,Y25-49,T,6211.0,54.6611,41.2655,13.3956,Villabate,vicino
082079,2024,Y50-64,F,2163.0,29.2649,23.6708,5.5941,Villabate,vicino
082079,2024,Y50-64,M,2032.0,32.628,26.3287,6.2992,Villabate,vicino
082079,2024,Y50-64,T,4195.0,30.8939,24.9583,5.9356,Villabate,vicino
082079,2024,Y9-24,F,1791.0,26.354,23.2831,3.0709,Villabate,vicino
082079,2024,Y9-24,M,1885.0,26.4191,24.6154,1.8037,Villabate,vicino
082079,2024,Y9-24,T,3676.0,26.3874,23.9663,2.4211,Villabate,vicino
082079,2024,Y_GE65,F,1878.0,14.2173,11.5548,2.6624,Villabate,vicino
082079,2024,Y_GE65,M,1565.0000000000002,21.6613,16.4856,5.1757,Villabate,vicino
082079,2024,Y_GE65,T,3443.0,17.6009,13.7961,3.8048,Villabate,vicino
VICINI5,2018,Y25-49,F,14861.0,55.178,38.8803,16.2977,vicinato (5 comuni),vicinato
VICINI5,2018,Y25-49,M,14375.0,52.6957,41.6765,11.0191,vicinato (5 comuni),vicinato
VICINI5,2018,Y25-49,T,29236.0,53.9574,40.2552,13.7023,vicinato (5 comuni),vicinato
VICINI5,2018,Y50-64,F,8211.0,30.6662,23.2858,7.3803,vicinato (5 comuni),vicinato
VICINI5,2018,Y50-64,M,7957.0,33.6056,26.1405,7.4651,vicinato (5 comuni),vicinato
VICINI5,2018,Y50-64,T,16168.0,32.1128,24.6907,7.4221,vicinato (5 comuni),vicinato
VICINI5,2018,Y9-24,F,7561.0,27.827,25.8035,2.0235,vicinato (5 comuni),vicinato
VICINI5,2018,Y9-24,M,7958.0,24.9686,23.3727,1.5959,vicinato (5 comuni),vicinato
VICINI5,2018,Y9-24,T,15519.0,26.3612,24.557,1.8042,vicinato (5 comuni),vicinato
VICINI5,2018,Y_GE65,F,7593.0,11.8267,8.5869,3.2398,vicinato (5 comuni),vicinato
VICINI5,2018,Y_GE65,M,6370.0,17.4411,12.4019,5.0392,vicinato (5 comuni),vicinato
VICINI5,2018,Y_GE65,T,13963.0,14.388,10.3273,4.0607,vicinato (5 comuni),vicinato
VICINI5,2019,Y25-49,F,14700.0,55.9048,39.449,16.4558,vicinato (5 comuni),vicinato
VICINI5,2019,Y25-49,M,14196.0,53.2474,42.3429,10.9045,vicinato (5 comuni),vicinato
VICINI5,2019,Y25-49,T,28896.0,54.5993,40.8707,13.7285,vicinato (5 comuni),vicinato
VICINI5,2019,Y50-64,F,8461.0,31.1902,23.7206,7.4696,vicinato (5 comuni),vicinato
VICINI5,2019,Y50-64,M,8187.0,34.2983,26.8108,7.4875,vicinato (5 comuni),vicinato
VICINI5,2019,Y50-64,T,16648.0,32.7186,25.2403,7.4784,vicinato (5 comuni),vicinato
VICINI5,2019,Y9-24,F,7496.0,27.4413,25.3735,2.0678,vicinato (5 comuni),vicinato
VICINI5,2019,Y9-24,M,7965.0,24.5323,23.3522,1.1802,vicinato (5 comuni),vicinato
VICINI5,2019,Y9-24,T,15461.0,25.9427,24.3322,1.6105,vicinato (5 comuni),vicinato
VICINI5,2019,Y_GE65,F,7798.0,12.8751,9.1305,3.7445,vicinato (5 comuni),vicinato
VICINI5,2019,Y_GE65,M,6516.0,19.4598,14.1037,5.356,vicinato (5 comuni),vicinato
VICINI5,2019,Y_GE65,T,14314.0,15.8726,11.3944,4.4781,vicinato (5 comuni),vicinato
VICINI5,2020,Y25-49,F,14437.0,57.8998,40.0499,17.85,vicinato (5 comuni),vicinato
VICINI5,2020,Y25-49,M,13802.0,55.3978,43.4502,11.9475,vicinato (5 comuni),vicinato
VICINI5,2020,Y25-49,T,28239.0,56.6769,41.7118,14.9651,vicinato (5 comuni),vicinato
VICINI5,2020,Y50-64,F,8551.0,32.3939,24.5468,7.847,vicinato (5 comuni),vicinato
VICINI5,2020,Y50-64,M,8357.0,35.2758,27.6654,7.6104,vicinato (5 comuni),vicinato
VICINI5,2020,Y50-64,T,16908.0,33.8183,26.0882,7.7301,vicinato (5 comuni),vicinato
VICINI5,2020,Y9-24,F,7361.0,28.2027,25.7574,2.4453,vicinato (5 comuni),vicinato
VICINI5,2020,Y9-24,M,7825.0,25.8147,24.0,1.8147,vicinato (5 comuni),vicinato
VICINI5,2020,Y9-24,T,15186.0,26.9722,24.8518,2.1204,vicinato (5 comuni),vicinato
VICINI5,2020,Y_GE65,F,8029.0,13.3391,9.5902,3.7489,vicinato (5 comuni),vicinato
VICINI5,2020,Y_GE65,M,6775.0,20.4576,14.952,5.5055,vicinato (5 comuni),vicinato
VICINI5,2020,Y_GE65,T,14804.0,16.5969,12.044,4.5528,vicinato (5 comuni),vicinato
VICINI5,2021,Y25-49,F,14340.0,59.0934,40.523,18.5704,vicinato (5 comuni),vicinato
VICINI5,2021,Y25-49,M,13829.0,56.2803,43.727,12.5533,vicinato (5 comuni),vicinato
VICINI5,2021,Y25-49,T,28169.0,57.7124,42.0959,15.6165,vicinato (5 comuni),vicinato
VICINI5,2021,Y50-64,F,8825.0,32.4193,24.7819,7.6374,vicinato (5 comuni),vicinato
VICINI5,2021,Y50-64,M,8684.0,36.0088,28.1437,7.865,vicinato (5 comuni),vicinato
VICINI5,2021,Y50-64,T,17509.0,34.1996,26.4493,7.7503,vicinato (5 comuni),vicinato
VICINI5,2021,Y9-24,F,7456.0,28.2725,25.5097,2.7629,vicinato (5 comuni),vicinato
VICINI5,2021,Y9-24,M,7925.0,27.0789,24.9716,2.1073,vicinato (5 comuni),vicinato
VICINI5,2021,Y9-24,T,15381.0,27.6575,25.2324,2.4251,vicinato (5 comuni),vicinato
VICINI5,2021,Y_GE65,F,8155.0,14.0527,9.9326,4.1202,vicinato (5 comuni),vicinato
VICINI5,2021,Y_GE65,M,6923.0,21.7969,16.0046,5.7923,vicinato (5 comuni),vicinato
VICINI5,2021,Y_GE65,T,15078.0,17.6084,12.7205,4.8879,vicinato (5 comuni),vicinato
VICINI5,2022,Y25-49,F,14132.0,60.4868,41.2327,19.2542,vicinato (5 comuni),vicinato
VICINI5,2022,Y25-49,M,13610.0,57.2961,44.335,12.9611,vicinato (5 comuni),vicinato
VICINI5,2022,Y25-49,T,27742.0,58.9215,42.7547,16.1668,vicinato (5 comuni),vicinato
VICINI5,2022,Y50-64,F,9015.0,34.376,26.2784,8.0976,vicinato (5 comuni),vicinato
VICINI5,2022,Y50-64,M,8788.0,36.7774,28.6641,8.1133,vicinato (5 comuni),vicinato
VICINI5,2022,Y50-64,T,17803.0,35.5614,27.456,8.1054,vicinato (5 comuni),vicinato
VICINI5,2022,Y9-24,F,7445.0,29.0799,26.2861,2.7938,vicinato (5 comuni),vicinato
VICINI5,2022,Y9-24,M,7846.0,27.8358,26.0642,1.7716,vicinato (5 comuni),vicinato
VICINI5,2022,Y9-24,T,15291.0,28.4416,26.1723,2.2693,vicinato (5 comuni),vicinato
VICINI5,2022,Y_GE65,F,8308.0,15.5392,11.3144,4.2248,vicinato (5 comuni),vicinato
VICINI5,2022,Y_GE65,M,7072.0,23.0486,17.1946,5.8541,vicinato (5 comuni),vicinato
VICINI5,2022,Y_GE65,T,15380.0,18.9922,14.0182,4.974,vicinato (5 comuni),vicinato
VICINI5,2023,Y25-49,F,13873.0,60.7655,41.4546,19.3109,vicinato (5 comuni),vicinato
VICINI5,2023,Y25-49,M,13288.0,58.0298,45.2815,12.7483,vicinato (5 comuni),vicinato
VICINI5,2023,Y25-49,T,27161.0,59.4271,43.3268,16.1003,vicinato (5 comuni),vicinato
VICINI5,2023,Y50-64,F,9163.0,34.05,25.8649,8.1851,vicinato (5 comuni),vicinato
VICINI5,2023,Y50-64,M,8950.0,36.5363,28.4246,8.1117,vicinato (5 comuni),vicinato
VICINI5,2023,Y50-64,T,18113.0,35.2785,27.1297,8.1488,vicinato (5 comuni),vicinato
VICINI5,2023,Y9-24,F,7464.0,28.0011,25.1072,2.8939,vicinato (5 comuni),vicinato
VICINI5,2023,Y9-24,M,7879.0,27.5416,25.4728,2.0688,vicinato (5 comuni),vicinato
VICINI5,2023,Y9-24,T,15343.0,27.7651,25.2949,2.4702,vicinato (5 comuni),vicinato
VICINI5,2023,Y_GE65,F,8435.0,15.9573,11.476,4.4813,vicinato (5 comuni),vicinato
VICINI5,2023,Y_GE65,M,7195.0,22.9465,16.9701,5.9764,vicinato (5 comuni),vicinato
VICINI5,2023,Y_GE65,T,15630.0,19.1747,14.0051,5.1695,vicinato (5 comuni),vicinato
VICINI5,2024,Y25-49,F,13723.0,61.969,41.6746,20.2944,vicinato (5 comuni),vicinato
VICINI5,2024,Y25-49,M,13118.0,58.919,45.4109,13.5082,vicinato (5 comuni),vicinato
VICINI5,2024,Y25-49,T,26841.0,60.4784,43.5006,16.9778,vicinato (5 comuni),vicinato
VICINI5,2024,Y50-64,F,9375.0,35.328,26.8693,8.4587,vicinato (5 comuni),vicinato
VICINI5,2024,Y50-64,M,9071.0,37.7246,29.3683,8.3563,vicinato (5 comuni),vicinato
VICINI5,2024,Y50-64,T,18446.0,36.5066,28.0982,8.4083,vicinato (5 comuni),vicinato
VICINI5,2024,Y9-24,F,7441.0,29.1762,25.7761,3.4001,vicinato (5 comuni),vicinato
VICINI5,2024,Y9-24,M,7840.0,28.6607,26.5306,2.1301,vicinato (5 comuni),vicinato
VICINI5,2024,Y9-24,T,15281.0,28.9117,26.1632,2.7485,vicinato (5 comuni),vicinato
VICINI5,2024,Y_GE65,F,8668.0,16.9705,12.2404,4.73,vicinato (5 comuni),vicinato
VICINI5,2024,Y_GE65,M,7433.000000000001,23.8531,17.651,6.2021,vicinato (5 comuni),vicinato
VICINI5,2024,Y_GE65,T,16101.0,20.1478,14.7382,5.4096,vicinato (5 comuni),vicinato
