anno,condizione,celle_intere_pct,etichetta
2018,1,100.0,occupato
2018,12,100.0,in cerca di occupazione
2018,22,100.0,forze di lavoro
2018,23,100.0,non forze di lavoro
2018,24,100.0,percettore/rice di una o più pensioni per effetto di attività lavorativa precedente o di redditi da capitale
2018,4,100.0,casalinga/o
2018,5,100.0,studente/ssa
2018,7,100.0,in altra condizione
2018,99,100.0,totale
2019,1,100.0,occupato
2019,12,100.0,in cerca di occupazione
2019,22,100.0,forze di lavoro
2019,23,100.0,non forze di lavoro
2019,24,100.0,percettore/rice di una o più pensioni per effetto di attività lavorativa precedente o di redditi da capitale
2019,4,100.0,casalinga/o
2019,5,100.0,studente/ssa
2019,7,100.0,in altra condizione
2019,99,100.0,totale
2021,1,100.0,occupato
2021,12,0.1,in cerca di occupazione
2021,22,0.4,forze di lavoro
2021,23,1.0,non forze di lavoro
2021,24,0.0,percettore/rice di una o più pensioni per effetto di attività lavorativa precedente o di redditi da capitale
2021,4,0.4,casalinga/o
2021,5,0.5,studente/ssa
2021,7,0.0,in altra condizione
2021,99,100.0,totale
2022,1,100.0,occupato
2022,12,0.1,in cerca di occupazione
2022,22,0.4,forze di lavoro
2022,23,1.3,non forze di lavoro
2022,24,0.0,percettore/rice di una o più pensioni per effetto di attività lavorativa precedente o di redditi da capitale
2022,4,0.1,casalinga/o
2022,5,0.8,studente/ssa
2022,7,0.0,in altra condizione
2022,99,100.0,totale
2023,1,100.0,occupato
2023,12,0.0,in cerca di occupazione
2023,22,0.4,forze di lavoro
2023,23,1.4,non forze di lavoro
2023,24,0.0,percettore/rice di una o più pensioni per effetto di attività lavorativa precedente o di redditi da capitale
2023,4,0.1,casalinga/o
2023,5,0.5,studente/ssa
2023,7,0.1,in altra condizione
2023,99,100.0,totale
2024,1,100.0,occupato
2024,12,0.4,in cerca di occupazione
2024,22,0.5,forze di lavoro
2024,23,1.3,non forze di lavoro
2024,24,0.0,percettore/rice di una o più pensioni per effetto di attività lavorativa precedente o di redditi da capitale
2024,4,0.0,casalinga/o
2024,5,0.3,studente/ssa
2024,7,0.3,in altra condizione
2024,99,100.0,totale
