territorio,nome,gap_studio_F_M,gap_lavoro_F_M,ribaltamento,pendolari,km_capoluogo
081001,Alcamo,-0.5638295758188967,-9.15255246216319,8.588722886344293,12011.0,24.18189953250158
081002,Buseto Palizzolo,2.008052008052008,-2.8589029205051446,4.866954928557153,787.0,10.618598448006214
081003,Calatafimi-Segesta,-2.4382929389347865,-10.200064415328107,7.761771476393321,1617.0,14.003650738289641
081004,Campobello di Mazara,8.26245407614795,0.8838383838383805,7.37861569230957,2268.0,32.20981642294784
081005,Castellammare del Golfo,-2.9081437759853213,-4.282727931559254,1.3745841555739329,3591.0,16.77916595066632
081006,Castelvetrano,-1.6808789842117537,-2.0819067045482136,0.40102772033645984,7408.0,28.1345978112359
081007,Custonaci,5.901797013414324,9.195508525484033,-3.2937115120697094,1438.0,19.527140010764505
081008,Erice,4.435142393960653,-5.577039920559876,10.01218231452053,6995.0,15.950183760696927
081009,Favignana,-1.5160884003206263,2.9589037251173522,-4.4749921254379785,824.0,34.94074755926095
081010,Gibellina,6.877893022458423,-2.8648233486943155,9.742716371152738,1040.0,24.0410080695465
081011,Marsala,-0.9721877628659112,-5.251161140211741,4.27897337734583,17638.0,14.404719504384666
081012,Mazara del Vallo,0.08615456258319742,-2.7754553657558763,2.8616099283390737,9662.0,24.506788814530555
081013,Paceco,3.3780092679802607,1.9494832156792725,1.4285260523009882,2943.0,10.25169068983258
081014,Pantelleria,-0.20324802178503065,-0.4742422141062981,0.2709941923212674,1833.0,138.68162133822923
081015,Partanna,-0.7591051996674807,14.421265629222443,-15.180370828889924,2503.0,26.216153569888927
081016,Poggioreale,0.7589556769884638,-4.800880088008796,5.55983576499726,326.0,32.136624744985276
081017,Salaparuta,1.567849168940711,-6.666666666666668,8.234515835607379,405.0,28.844727854497084
081018,Salemi,-4.627701890688739,-0.11063497336973782,-4.517066917319001,2555.0,10.660303185181931
081019,Santa Ninfa,-2.525699503029479,12.24276908487435,-14.768468587903829,1196.0,19.287707173223055
081020,San Vito Lo Capo,0.6288226299694202,-2.1917612622260307,2.820583892195451,992.0,25.1098433487746
081021,Trapani,-1.7423159399571126,0.0151154025081226,-1.7574313424652352,16503.0,0.0
081022,Valderice,-2.086406743940991,-7.413151204154865,5.326744460213874,3148.0,15.603136767970728
081023,Vita,5.180831826401452,-1.8535371920883392,7.034369018489791,529.0,13.036548661359724
081024,Petrosino,3.899085052244061,-0.4011942526590815,4.3002793049031425,1616.0,27.989205651464996
082001,Alia,3.5106205978592406,-2.992592592592594,6.503213190451834,790.0,56.0713743812295
082002,Alimena,0.005633802816898736,1.4532627865961203,-1.4476289837792216,499.0,86.38913207689959
082003,Aliminusa,3.2967032967032956,-18.495297805642636,21.79200110234593,240.0,50.86714564431544
082004,Altavilla Milicia,-1.7234281437125745,5.674044748005876,-7.397472891718451,1722.0,26.915017741030752
082005,Altofonte,4.217396712081033,0.7660697617029513,3.451326950378082,2544.0,12.217896422870837
082006,Bagheria,2.621171977168105,-12.051836957324241,14.673008934492346,11153.0,17.54280211368754
082007,Balestrate,0.9020739123655055,-13.688446765353241,14.590520677718747,1263.0,27.84995850984342
082008,Baucina,3.2894736842105274,-1.3747145719744651,4.6641882561849926,449.0,29.69456120234815
082009,Belmonte Mezzagno,4.170991427363241,-14.535720830388229,18.70671225775147,2381.0,13.274595436396547
082010,Bisacquino,7.976080765526369,-3.8044026474855883,11.780483413011957,1079.0,41.24331951965069
082011,Bolognetta,3.012206572769948,-4.041161237563038,7.053367810332986,833.0,22.24112859096858
082012,Bompietro,8.598639455782312,9.142270159219315,-0.5436307034370031,309.0,82.41367888888348
082013,Borgetto,4.141067970632896,-1.510959778676316,5.652027749309212,1460.0,17.249773012999327
082014,Caccamo,0.8537728479925022,-11.208712424023247,12.06248527201575,2031.0,43.21896495752761
082015,Caltavuturo,3.0588235294117645,-8.421052631578949,11.479876160990713,964.0,66.96474178252313
082016,Campofelice di Fitalia,2.173913043478265,-2.9824561403508767,5.156369183829142,113.0,39.8811728137476
082017,Campofelice di Roccella,1.1447733580018493,-6.898424405858286,8.043197763860135,1792.0,52.91556309820391
082018,Campofiorito,-3.80952380952381,-7.366034396947413,3.5565105874236025,276.0,42.78946433410916
082019,Camporeale,4.020539713755053,-4.3501835168501835,8.370723230605236,782.0,33.46976362330633
082020,Capaci,-0.5460678146635942,-3.392209243158348,2.8461414284947537,2498.0,7.351361846624066
082021,Carini,3.3158180307242198,0.495022369390675,2.8207956613335448,8186.0,11.562077538228154
082022,Castelbuono,3.331385154880188,-5.416613505119752,8.74799865999994,2358.0,72.84197480162108
082023,Casteldaccia,8.341069678683787,2.1484855056748344,6.192584173008953,2373.0,23.216499068550366
082024,Castellana Sicula,7.056277056277054,-6.134112268224541,13.190389324501595,880.0,77.62016093773575
082025,Castronovo di Sicilia,7.180146635445858,6.469029379064562,0.7111172563812964,771.0,55.300656867708184
082026,Cefalà Diana,-1.7052767052767024,2.3670306445931715,-4.072307349869874,252.0,28.145078237588894
082027,Cefalù,-0.7370149376747381,-2.3761845604624767,1.6391696227877386,3866.0,66.01599961373
082028,Cerda,9.894482966536028,-10.171624713958813,20.06610768049484,1254.0,52.31039098496588
082029,Chiusa Sclafani,11.33806473948416,0.05378573109375395,11.284279008390406,636.0,52.68425808531425
082030,Ciminna,-2.675178079697776,-4.433776022971998,1.7585979432742214,759.0,36.16025511525051
082031,Cinisi,3.4833704862131185,7.976833424171858,-4.493462937958739,2861.0,17.361353403464836
082032,Collesano,-5.630630630630634,0.7370653540008405,-6.3676959846314745,1013.0,57.532487561377
082033,Contessa Entellina,9.788602941176471,-1.8115942028985508,11.600197144075022,420.0,47.78140747194456
082034,Corleone,-4.4407186590091445,-6.033782724937195,1.5930640659280506,2734.0,38.379833311258665
082035,Ficarazzi,4.152317478324285,-2.325595250507149,6.477912728831434,2472.0,14.376102009933012
082036,Gangi,-4.408410480516742,-0.767522609819121,-3.640887870697621,1801.0,91.12415743369043
082037,Geraci Siculo,3.459256042842668,-3.784722222222225,7.243978265064893,507.0,84.5521336454616
082038,Giardinello,9.44653723558389,-8.882404618473899,18.32894185405779,550.0,14.207997219875853
082039,Giuliana,2.925547445255475,-1.8832533013205293,4.808800746576004,419.0,53.84834115365115
082040,Godrano,9.093205354887601,-3.2505990325059884,12.34380438739359,320.0,32.14943895311394
082041,Gratteri,0.0,-3.668639053254438,3.668639053254438,234.0,61.41008067898951
082042,Isnello,25.141840026699303,-4.6762589928057565,29.81809901950506,417.0,65.9450434983555
082043,Isola delle Femmine,-2.2367324256738,5.238138298982335,-7.474870724656135,1782.0,7.897684787328498
082044,Lascari,5.902232376600509,0.974576271186443,4.927656105414066,902.0,56.78562157800159
082045,Lercara Friddi,-5.530303030303031,-10.584552442350606,5.054249412047575,1324.0,51.55505008241191
082046,Marineo,11.503241049825515,-8.777165844547675,20.28040689437319,1574.0,23.549702015099893
082047,Mezzojuso,-0.4991597060225246,-13.032217141951001,12.533057435928477,712.0,33.038145967956495
082048,Misilmeri,2.671917869565185,-9.756040467290404,12.427958336855589,5785.0,17.472558055419363
082049,Monreale,1.188400368360604,-2.081885994163464,3.270286362524068,8858.0,29.410755481626104
082050,Montelepre,4.079869889102369,-12.672227371022558,16.752097260124927,1516.0,13.07188605366494
082051,Montemaggiore Belsito,8.727896995708157,-13.252394856820857,21.980291852529014,727.0,52.293930049289656
082052,Palazzo Adriano,3.3271028037383203,-8.048380047954833,11.375482851693153,616.0,53.417610850729744
082053,Palermo,-0.11994948633033076,-1.9928525080781485,1.8729030217478178,161612.0,0.0
082054,Partinico,1.8661130316328514,-3.5789106145251424,5.445023646157994,6762.0,26.58954019910837
082055,Petralia Soprana,12.255469559388143,3.5389009361612125,8.71656862322693,883.0,80.86708289532893
082056,Petralia Sottana,-0.7133435624108309,-2.268393054300912,1.555049491890081,855.0,78.01790231735278
082057,Piana degli Albanesi,7.0726809779121,3.7058253803269423,3.3668555975851575,1469.0,19.122283153431237
082058,Polizzi Generosa,10.314083080040525,-0.7121123842817383,11.026195464322264,827.0,70.7101866070229
082059,Pollina,5.96669750231267,-7.704724409448822,13.671421911761492,654.0,72.9662465116577
082060,Prizzi,14.211613912120745,-9.259044526901672,23.470658439022415,1136.0,46.54680565839078
082061,Roccamena,7.351778656126481,-1.1985771729044217,8.550355829030902,350.0,37.5808697344806
082062,Roccapalumba,11.099465007096846,-14.829045913383265,25.92851092048011,536.0,48.02231594790072
082063,San Cipirello,4.570521509595487,-1.4199558351426091,5.990477344738096,1114.0,25.19705736787532
082064,San Giuseppe Jato,5.607737544601559,-11.033159280581962,16.64089682518352,1640.0,23.492657108126362
082065,San Mauro Castelverde,1.8978396931152801,-7.126936667572709,9.024776360687989,413.0,81.40436727842062
082066,Santa Cristina Gela,22.88961038961039,4.6430305973773685,18.24657979223302,216.0,18.191791692958667
082067,Santa Flavia,4.58609056052218,16.904402900233208,-12.318312339711028,2340.0,20.452868943011392
082068,Sciara,2.1705426356589186,-11.456080189923505,13.626622825582423,616.0,45.3021443752942
082069,Sclafani Bagni,-3.0,17.729941291585128,-20.729941291585128,108.0,60.671532863444284
082070,Termini Imerese,3.624459610528703,0.004293370796968787,3.6201662397317342,6272.0,40.02786105951703
082071,Terrasini,2.6934803382506516,-2.074390914661862,4.767871252912514,2649.0,20.385045351924045
082072,Torretta,4.513379484233013,1.7625700453627147,2.7508094388702986,1005.0,7.555230770797143
082073,Trabia,4.652333109556388,-3.259414752448066,7.911747862004454,2237.0,30.538236131119294
082074,Trappeto,5.313654267629161,-2.3380520885435416,7.651706356172703,610.0,23.02486516790055
082075,Ustica,2.247191011235955,-2.4752475247524752,4.722438535988431,263.0,63.904109014992144
082076,Valledolmo,-4.874835309617918,-13.752508361204011,8.877673051586093,835.0,62.42106315179196
082077,Ventimiglia di Sicilia,9.891328454202704,-19.79655712050078,29.687885574703483,392.0,24.902009959037446
082078,Vicari,6.2566799196272065,2.468032621828435,3.7886472977987715,607.0,44.93997672451556
082079,Villabate,0.8365358926406188,-4.107516712753096,4.944052605393715,4117.0,13.355201084221832
082080,Villafrati,13.559322033898304,-19.509480772638668,33.06880280653697,772.0,27.8212366547571
082081,Scillato,-0.3571428571428541,-0.8744038155802869,0.5172609584374328,139.0,62.685478453944974
082082,Blufi,3.2467532467532507,4.118114406779661,-0.8713611600264102,246.0,79.66773502491456
083001,Alcara li Fusi,7.278123233465237,1.1931196765319996,6.085003556933238,497.0,74.15167948199151
083002,Alì,-7.727272727272727,-15.613338148549417,7.88606542127669,188.0,17.251831265115015
083003,Alì Terme,7.96203093775442,3.339909252318016,4.6221216854364044,644.0,19.073308496430293
083004,Antillo,7.136305265088971,-4.678654678654681,11.814959943743652,223.0,34.61947511156112
083005,Barcellona Pozzo di Gotto,5.099719426537492,-3.539075572554939,8.63879499909243,10687.0,25.281365825445427
083006,Basicò,-1.2058570198105087,-11.853720050441364,10.647863030630855,126.0,41.20936574372384
083007,Brolo,3.442523506217775,4.739493487337185,-1.2969699811194104,1799.0,59.380007452003575
083008,Capizzi,4.227723876435821,-11.527534965034967,15.755258841470788,685.0,97.91685588293774
083009,Capo d'Orlando,-1.9216506656982535,-3.0073259418160383,1.0856752761177848,4140.0,69.02684374212687
083010,Capri Leone,-5.237396244746236,4.809002706374422,-10.046398951120658,1384.0,69.98106976175771
083011,Caronia,3.8503399437431973,-6.232548863183087,10.082888806926285,735.0,92.75347411822374
083012,Casalvecchio Siculo,-3.2894736842105203,-14.890686865209162,11.601213180998641,231.0,29.75462594286811
083013,Castel di Lucio,6.940090560780217,-6.716279069767445,13.656369630547662,379.0,111.6366064156377
083014,Castell'Umberto,10.907747714470403,3.887965016013794,7.019782698456609,897.0,62.38846768434051
083015,Castelmola,-5.679156908665107,-5.251798561151077,-0.4273583475140299,329.0,40.84257665720908
083016,Castroreale,4.415118931247967,-8.13438869739138,12.549507628639347,625.0,27.205157525733977
083017,Cesarò,2.2924426288597886,12.506552507426179,-10.21410987856639,624.0,82.16287717089757
083018,Condrò,-0.13262599469496195,-15.048793014894699,14.916167020199737,92.0,16.19302741923202
083019,Falcone,1.3014527845036312,-6.913731913731915,8.215184698235547,692.0,39.72097405653592
083020,Ficarra,-4.03846153846154,-1.622804810546974,-2.415656727914566,405.0,59.84146115361823
083021,Fiumedinisi,4.895350470571707,0.2652448826492346,4.630105587922472,389.0,19.056713488951868
083022,Floresta,8.806818181818187,-16.23931623931624,25.046134421134425,132.0,57.36747964657329
083023,Fondachelli-Fantina,6.049751243781095,-5.418439716312058,11.468190960093153,244.0,33.89312107198155
083024,Forza d'Agrò,10.191231343283583,-13.515853983479879,23.707085326763462,247.0,33.39746535292761
083025,Francavilla di Sicilia,2.5559947299077734,-2.29935753245417,4.855352262361944,1048.0,43.562163915489776
083026,Frazzanò,-7.267441860465116,2.9753643303261583,-10.242806190791274,219.0,68.05587599171727
083027,Furci Siculo,9.16811403246092,2.613361597827172,6.554752434633748,986.0,27.20065973464614
083028,Furnari,5.233787593984964,1.0582943822206516,4.175493211764312,861.0,35.70079405279384
083029,Gaggi,5.047870584351273,-4.189273085539988,9.23714366989126,784.0,42.50756963177265
083030,Galati Mamertino,-2.5440168946295714,3.486509971203077,-6.030526865832648,748.0,66.04869225806065
083031,Gallodoro,6.666666666666664,5.173992673992672,1.4926739926739927,95.0,35.20473725225058
083032,Giardini-Naxos,5.049145299145302,-0.41148325358851423,5.460628552733816,2525.0,44.16923930746374
083033,Gioiosa Marea,2.685853225475192,-4.688541152298406,7.374394377773598,1888.0,51.842722083239416
083034,Graniti,0.7917888563049829,0.5182435744800102,0.2735452818249726,349.0,40.29274366433738
083035,Gualtieri Sicaminò,9.404156064461404,-8.701930018770767,18.10608608323217,421.0,15.363113291257081
083036,Itala,7.477640665685506,-11.579781853967908,19.057422519653414,390.0,15.557826101354905
083037,Leni,17.5,-12.274774774774773,29.774774774774773,183.0,72.8250674012733
083038,Letojanni,-4.235434480015904,0.7180209171359593,-4.953455397151863,779.0,35.87833892476072
083039,Librizzi,9.090909090909093,-16.22038722090833,25.311296311817422,449.0,49.17411527419685
083040,Limina,11.790095411176743,-9.725765306122447,21.51586071729919,162.0,33.060993285138906
083041,Lipari,-1.658489012344274,-0.3299747620561462,-1.3285142502881278,3172.0,60.575023186128455
083042,Longi,13.311688311688307,6.278663463638345,7.033024848049962,431.0,68.98909613120034
083043,Malfa,10.57209769153563,2.4369864921320143,8.135111199403616,253.0,74.30298181096099
083044,Malvagna,-4.391672088484064,-2.8586171310629496,-1.5330549574211148,199.0,49.01277908872338
083045,Mandanici,10.245128849780016,4.285714285714285,5.959414564065732,144.0,24.235233462873843
083046,Mazzarrà Sant'Andrea,11.179017061370004,5.073529411764703,6.105487649605301,442.0,34.869360834405896
083047,Merì,-0.6178745116798154,-3.1473613595706667,2.529486847890851,674.0,22.30037004177285
083048,Messina,0.24236267471196826,-2.0954373893531333,2.3378000640651013,61832.0,0.0
083049,Milazzo,2.576729634588327,-3.0939226519337026,5.67065228652203,8178.0,24.57069549280199
083050,Militello Rosmarino,0.2070393374741215,3.8449801647848574,-3.637940827310736,287.0,77.06236508828418
083051,Mirto,-5.1108095884215246,3.0423848371465425,-8.153194425568067,256.0,67.23021348322494
083052,Mistretta,-1.7559682801778855,-3.957698815566838,2.2017305353889522,1238.0,103.59395312951426
083053,Moio Alcantara,17.540983606557376,-20.42490118577075,37.965884792328126,203.0,50.408195534059736
083054,Monforte San Giorgio,7.575757575757578,1.6903805401690377,5.88537703558854,722.0,10.851624993520556
083055,Mongiuffi Melia,2.0435069215556965,-20.15503875968993,22.198545681245626,176.0,37.159790002097694
083056,Montagnareale,9.388335704125176,-4.579265457926539,13.967601162051714,419.0,50.67694012072946
083057,Montalbano Elicona,13.761904761904763,-4.607932643538241,18.369837405443004,566.0,46.69986180921738
083058,Motta Camastra,-8.5852930197835,-2.4761904761904816,-6.109102543593018,248.0,41.40395065691195
083059,Motta d'Affermo,6.7692307692307665,-4.94047619047619,11.709706959706956,166.0,107.46586856300004
083060,Naso,0.4606504606504558,9.169833045480715,-8.709182584830259,1029.0,65.17818985673046
083061,Nizza di Sicilia,2.8813995369179324,0.5849170223694244,2.296482514548508,955.0,22.102810341673745
083062,Novara di Sicilia,8.997867803837956,5.851777330650574,3.1460904731873818,353.0,37.26052820344875
083063,Oliveri,19.011627906976745,-7.214912280701753,26.2265401876785,544.0,41.86589209607267
083064,Pace del Mela,13.281888856896053,7.374789966620703,5.90709889027535,1694.0,18.34182897096143
083065,Pagliara,4.087301587301582,4.895104895104893,-0.8078033078033116,288.0,26.12383911296347
083066,Patti,2.489193083573488,-3.6410943754904395,6.130287459063927,3690.0,45.83625032657012
083067,Pettineo,14.118104118104114,-9.10742496050553,23.225529078609643,331.0,108.91533413160884
083068,Piraino,3.9806967984934047,2.343061854992442,1.637634943500963,1121.0,56.166425362488575
083069,Raccuja,-2.5027808676307046,-8.226495726495727,5.723714858865023,300.0,54.37652597398992
083070,Reitano,-9.642857142857146,11.261854583772397,-20.904711726629543,177.0,105.04687975375565
083071,Roccafiorita,0.0,-18.686868686868678,18.686868686868678,49.0,34.578525836131305
083072,Roccalumera,1.3115249989196727,6.46170578901495,-5.150180790095277,1039.0,23.55079455135219
083073,Roccavaldina,19.101123595505612,-8.630421865715988,27.7315454612216,295.0,11.556349120721475
083074,Roccella Valdemone,-2.2222222222222214,-15.52981552981553,13.307593307593308,200.0,51.695401130081194
083075,Rodì Milici,1.509587923296614,-1.448045334656463,2.957633257953077,555.0,32.38080063865006
083076,Rometta,-0.3308753395912376,-5.9344790547798,5.603603715188562,1652.0,8.820379640355624
083077,San Filippo del Mela,2.7030559694664476,-2.520669997357267,5.223725966823714,1839.0,20.63270355527845
083078,San Fratello,0.3886176772867387,-11.016633472566443,11.405251149853182,930.0,82.33572080816442
083079,San Marco d'Alunzio,-0.5052125100240588,-15.917516218721037,15.412303708696978,631.0,71.6016941838669
083080,San Pier Niceto,8.084190385075345,6.226861857065003,1.857328528010342,673.0,13.710159517671558
083081,San Piero Patti,0.023014959723820283,-8.099089989888778,8.122104949612599,798.0,50.98071816873512
083082,San Salvatore di Fitalia,-17.391304347826086,-13.578216374269005,-3.8130879735570815,299.0,65.05043437210854
083083,Santa Domenica Vittoria,3.095238095238095,-27.432432432432435,30.52767052767053,333.0,55.34466545205599
083084,Sant'Agata di Militello,2.3336160024908406,-2.6492043636918297,4.98282036618267,3447.0,78.49124547998969
083085,Sant'Alessio Siculo,-0.42078687144961435,-0.9345794392523317,0.5137925678027173,428.0,31.76124665374456
083086,Santa Lucia del Mela,-0.78125,-8.107596359806394,7.326346359806394,1196.0,20.305660787081028
083087,Santa Marina Salina,-4.166666666666664,-6.280027453671929,2.1133607870052646,156.0,71.06381113478224
083088,Sant'Angelo di Brolo,1.8979560473336434,0.3479696141929125,1.549986433140731,913.0,54.87332099481496
083089,Santa Teresa di Riva,-2.522768993717783,-5.0559832845041015,2.5332142907863187,2494.0,28.457963700869392
083090,San Teodoro,15.02654867256637,-1.3884242221478758,16.414972894714246,318.0,81.3220083187817
083091,Santo Stefano di Camastra,8.119433198380566,-5.61732110611479,13.736754304495356,1073.0,102.51142541199981
083092,Saponara,1.1889012672329713,3.011655547887429,-1.8227542806544577,968.0,5.961141501424035
083093,Savoca,0.7716920760398978,10.541837055677881,-9.770144979637983,465.0,28.711017205943783
083094,Scaletta Zanclea,0.17898984639417392,-6.267763649962603,6.446753496356777,506.0,14.481173329533764
083095,Sinagra,4.334089796644868,-13.910930880477675,18.245020677122543,828.0,58.78771168365035
083096,Spadafora,-5.728219122700629,-5.57010284903653,-0.15811627366409908,1209.0,11.159857077937872
083097,Taormina,-0.7748981255093739,-1.7542848001666655,0.9793866746572917,3327.0,41.88554600336493
083098,Torregrotta,6.396772225197061,-8.083149479601857,14.479921704798919,1858.0,14.67250874935844
083099,Tortorici,1.335433371515844,-7.988792016784622,9.324225388300466,1955.0,61.47852114356688
083100,Tripi,14.193548387096769,3.6697247706421976,10.523823616454571,218.0,40.77756006678183
083101,Tusa,6.809685641461343,-3.596491228070178,10.40617686953152,582.0,113.62087013396791
083102,Ucria,17.003676470588232,-13.8306359699111,30.834312440499332,271.0,57.4338861126426
083103,Valdina,-2.1160069703758992,-8.654106804011931,6.538099833636032,353.0,13.617687101707103
083104,Venetico,-0.03758915965308063,4.370814774414441,-4.408403934067522,921.0,12.41996175517461
083105,Villafranca Tirrena,3.9221341485886043,-8.45249017152306,12.374624320111664,2184.0,6.414628672027711
083106,Terme Vigliatore,0.5624326946656808,4.016675436917971,-3.4542427422522906,2023.0,31.883868397670945
083107,Acquedolci,-0.32981847946458487,1.1573948439620096,-1.4872133234265945,1354.0,82.48245065466956
083108,Torrenova,-3.1413612565444993,5.348981330854443,-8.490342587398942,1208.0,72.46379093036742
084001,Agrigento,-0.6501534929026835,-1.1562024869640872,0.5060489940614037,14774.0,0.0
084002,Alessandria della Rocca,4.231692677070825,6.286995393091004,-2.0553027160201793,552.0,26.803107170624827
084003,Aragona,2.368178968877455,-5.014091956628512,7.382270925505967,2407.0,11.516643695104923
084004,Bivona,1.9329824284571075,-4.18180756826175,6.114789996718857,775.0,32.431637716896134
084005,Burgio,4.595635430038513,13.238459698636692,-8.64282426859818,670.0,42.67336558088663
084006,Calamonaci,-9.517725966145,3.6867505846062016,-13.204476550751203,300.0,32.65780347788259
084007,Caltabellotta,0.37001688569121427,4.094677643784788,-3.7246607580935738,795.0,42.892622034564404
084008,Camastra,-1.677056511722455,-6.287425149700596,4.610368637978141,467.0,21.047634831495913
084009,Cammarata,10.752694772509638,3.437896875793747,7.314797896715891,1438.0,38.04881019164725
084010,Campobello di Licata,0.6891806027561955,0.9608285164960044,-0.2716479137398089,1934.0,29.750243444382097
084011,Canicattì,1.6632941431693542,1.74029882371806,-0.0770046805487059,7635.0,23.27404000168428
084012,Casteltermini,4.421818626551703,-17.271162779991577,21.692981406543282,1814.0,23.17270387762291
084013,Castrofilippo,6.565109805134547,-8.747262740968537,15.312372546103084,626.0,15.40709083506682
084014,Cattolica Eraclea,-1.5155502917050505,2.8560285602856013,-4.371578851990652,788.0,22.877325411857043
084015,Cianciana,6.038406038406038,-0.37285369093149257,6.41125972933753,747.0,24.62169825580681
084016,Comitini,3.0973451327433636,-34.26152092493079,37.358866057674156,227.0,11.860478658131804
084017,Favara,1.7763596257789303,-4.019381351313434,5.795740977092365,6908.0,7.438016536685033
084018,Grotte,2.0920536945176806,0.7956516128626134,1.2964020816550672,1208.0,14.923340946316277
084019,Joppolo Giancaxio,2.7244421380384054,-10.046092604232143,12.770534742270549,283.0,7.545911210715377
084020,Lampedusa e Linosa,0.22172949002217296,0.0,0.22172949002217296,1384.0,219.11067702191056
084021,Licata,0.8092006033182506,-2.0855847883093688,2.8947853916276194,7834.0,34.235653053505494
084022,Lucca Sicula,-9.519018875155695,-1.4822771213748638,-8.03674175378083,533.0,34.92392661199482
084023,Menfi,-0.7931548240937918,4.940149810359944,-5.733304634453736,2564.0,62.74396280918189
084024,Montallegro,-5.188803416303493,-10.302122194361196,5.113318778057703,560.0,20.633720411016526
084025,Montevago,1.643026004728135,7.2435897435897445,-5.600563738861609,598.0,69.41243494504425
084026,Naro,-4.570488420406857,5.023335789732254,-9.593824210139111,1576.0,16.012396510204212
084027,Palma di Montechiaro,-0.8152788128215622,-13.66109422608778,12.845815413266218,4646.0,22.02154165811286
084028,Porto Empedocle,0.7467402152217311,3.1313118438550234,-2.3845716286332923,3347.0,7.547705611641196
084029,Racalmuto,0.9585955500533032,4.699683279126248,-3.7410877290729445,1710.0,17.61443399601588
084030,Raffadali,1.8663955196178108,-8.702058428858344,10.568453948476154,2997.0,10.765298927572797
084031,Ravanusa,-5.331989108005994,-1.3855229909071056,-3.946466117098888,2183.0,36.587198977237925
084032,Realmonte,-0.048112904950279756,-0.24687358258277214,0.1987606776324924,863.0,11.786422060998833
084033,Ribera,0.030673157239324844,-0.7056584079697998,0.7363315652091247,4184.0,30.06777630620529
084034,Sambuca di Sicilia,6.845834526195247,10.540064510652744,-3.694229984457497,1439.0,54.23984079991386
084035,San Biagio Platani,2.0013684570646575,-3.7015406863563065,5.702909143420964,695.0,22.589484146389886
084036,San Giovanni Gemini,-5.002583979328172,-5.675892065003353,0.6733080856751812,1915.0,33.87148082089119
084037,Santa Elisabetta,-1.4130434782608674,-4.568407295193964,3.1553638169330966,548.0,14.352762974424122
084038,Santa Margherita di Belice,0.6421482778750729,-4.189053820234953,4.831202098110026,1308.0,63.658366692839365
084039,Sant'Angelo Muxaro,9.316239316239319,-9.942907334211682,19.259146650451,313.0,17.7670527100023
084040,Santo Stefano Quisquina,-2.8429620806035345,4.493464052287582,-7.336426132891116,1002.0,31.663109196666078
084041,Sciacca,0.9151955999245329,-1.0749437272885078,1.9901393272130408,9777.0,50.57358916470137
084042,Siculiana,4.001295510071888,-3.7536789676250883,7.754974477696976,946.0,17.279472358842444
084043,Villafranca Sicula,-2.5842537524780482,-10.510472845854764,7.926219093376716,320.0,38.465839520280845
085001,Acquaviva Platani,3.3990147783251246,-14.458360799824213,17.857375578149338,197.0,30.20359091234021
085002,Bompensiere,15.326340326340322,12.246376811594203,3.079963514746119,122.0,19.760367633219783
085003,Butera,0.9661835748792242,0.3968698640370505,0.5693137108421737,1027.0,31.40195645178816
085004,Caltanissetta,1.5468919496837783,-1.8316982346361783,3.3785901843199566,16220.0,0.0
085005,Campofranco,17.642094812608587,-5.400155400155398,23.042250212763985,663.0,28.08125246494536
085006,Delia,-6.357045428584868,-0.44696910134445034,-5.910076327240418,1039.0,15.503048280902695
085007,Gela,0.8022549642281631,-1.8992390929615972,2.7014940571897603,14823.0,47.86669745240422
085008,Marianopoli,2.779156327543422,-22.39965472593871,25.178811053482132,464.0,17.961947555874893
085009,Mazzarino,-3.961824816804125,-2.7509688379253596,-1.2108559788787652,2774.0,34.80665973632058
085010,Milena,7.361808067841444,-2.7038869257950537,10.065694993636498,783.0,23.97300450506778
085011,Montedoro,5.081585081585082,6.477821695212995,-1.396236613627913,329.0,16.971849692947433
085012,Mussomeli,-0.8706823858845243,-4.1626622898430625,3.2919799039585382,2811.0,19.573151866779146
085013,Niscemi,-2.2496561861240787,-22.188022052103623,19.938365865979545,5398.0,50.05848062017065
085014,Resuttano,-1.8040648549897256,-5.790451218179832,3.986386363190107,501.0,19.334096953310233
085015,Riesi,-7.099890959770654,-12.844518356515444,5.744627396744789,2293.0,19.692850707807644
085016,San Cataldo,0.34135941755778276,-3.733134148085753,4.074493565643536,5859.0,9.16111892729267
085017,Santa Caterina Villarmosa,10.199840127897684,-4.463071467608891,14.662911595506575,1183.0,16.464342956826428
085018,Serradifalco,-0.9000600040002666,-9.851886987323184,8.951826983322917,1520.0,12.6630131090511
085019,Sommatino,2.489196055845568,-8.657991959609468,11.147188015455036,1495.0,16.255854945218967
085020,Sutera,-0.5973120955699329,-0.1568239032644101,-0.44048819230552283,320.0,23.843523942571913
085021,Vallelunga Pratameno,2.9441491575405188,-12.268244575936883,15.212393733477402,702.0,32.99420356668728
085022,Villalba,-6.4743589743589745,-23.78038628038628,17.306027306027307,355.0,23.22490734104229
086001,Agira,-5.323591568375992,-7.960968590507456,2.6373770221314636,1748.0,27.24107710792655
086002,Aidone,6.626703992210324,8.313025195743137,-1.6863212035328132,1163.0,25.043882167108197
086003,Assoro,2.3980365335137463,2.6788247213779144,-0.28078818786416804,1196.0,18.471916522115404
086004,Barrafranca,0.3776380256840568,-18.96664047855865,19.344278504242705,2777.0,18.14750266565623
086005,Calascibetta,9.406366872726807,-3.513176865210525,12.919543737937332,1142.0,12.676529059644048
086006,Catenanuova,6.722606765051587,-18.971681922196797,25.694288687248385,1040.0,39.69369987794033
086007,Centuripe,7.351608835753982,-21.153620270156893,28.505229105910875,1281.0,44.58525030769705
086008,Cerami,3.1767515923566876,-1.3830833538234586,4.559834946180146,479.0,40.41534670146973
086009,Enna,0.6957330675399875,-2.1133056446343375,2.809038712174325,8021.0,0.0
086010,Gagliano Castelferrato,5.545876887340302,-8.834228017768762,14.380104905109064,867.0,34.14207657715037
086011,Leonforte,-3.0682083981653783,-11.390883278575906,8.322674880410528,2900.0,16.422600311765493
086012,Nicosia,2.024579952009567,-4.254740545078022,6.279320497087589,3581.0,28.85742178365905
086013,Nissoria,7.034094670638858,0.7096937912366812,6.324400879402177,717.0,25.080985825920003
086014,Piazza Armerina,0.9352723546596113,-2.2500174208262678,3.185289775485879,5205.0,18.42187536598812
086015,Pietraperzia,3.2778451832079583,-12.287928999936405,15.565774183144363,1444.0,16.52797086759291
086016,Regalbuto,5.985955837821027,-1.8010758103833844,7.787031648204412,1503.0,39.221110705843095
086017,Sperlinga,20.174165457184326,-18.73861566484517,38.9127811220295,194.0,25.74714145298464
086018,Troina,3.5856923414527113,-9.132347625219317,12.718039966672029,2368.0,42.887527709113755
086019,Valguarnera Caropepe,5.287112368824431,-19.480190709252774,24.767303078077205,1586.0,11.786455149874367
086020,Villarosa,5.404713639248932,-4.784804798484693,10.189518437733625,1121.0,9.572827011912416
087001,Aci Bonaccorsi,5.921649566769368,-1.912837944856662,7.83448751162603,829.0,15.692837856805887
087002,Aci Castello,3.0502523590081196,0.06887367209414208,2.9813786869139776,5125.0,13.17512113796302
087003,Aci Catena,2.0165833624267577,0.2505355028686296,1.7660478595581282,7329.0,16.105663879517664
087004,Acireale,1.9752062824268002,-4.49725051110665,6.47245679353345,13031.0,20.808556413168116
087005,Aci Sant'Antonio,6.088386890470275,1.3572267755011609,4.731160114969114,4619.0,19.094843937565972
087006,Adrano,3.1973978402549825,-9.567132182782167,12.76453002303715,6797.0,30.739369544608422
087007,Belpasso,5.9727203441811625,-2.819997704052348,8.79271804823351,6588.0,14.567408623361947
087008,Biancavilla,5.6983089040792905,-0.15487110647077884,5.853180010550069,4763.0,26.438558527272246
087009,Bronte,0.8970610418746165,-12.354313415391232,13.251374457265849,4489.0,45.72141158144617
087010,Calatabiano,-2.5144170665806342,2.590378205582809,-5.104795272163443,1245.0,41.893361884670945
087011,Caltagirone,1.0663683496077896,-6.854508359119414,7.920876708727204,8977.0,54.14252713902446
087012,Camporotondo Etneo,0.028839016825905617,-2.5404339250492995,2.569272941875205,1295.0,11.179444753653915
087013,Castel di Iudica,2.498508614941926,-17.03340450025103,19.531913115192957,966.0,32.66387980629368
087014,Castiglione di Sicilia,0.513178128240888,-4.2578125,4.770990628240888,832.0,40.286511452345934
087015,Catania,-0.11150163956498904,-2.5452182984261285,2.4337166588611394,68076.0,0.0
087016,Fiumefreddo di Sicilia,3.910113263725428,-0.5692060321707402,4.479319295896168,2330.0,38.470589090888645
087017,Giarre,3.45338427678945,-4.84666951792763,8.30005379471708,7106.0,29.783819533431238
087018,Grammichele,1.1273149398530933,-8.178376890252295,9.305691830105388,3022.0,46.041751943209114
087019,Gravina di Catania,0.4693819536342687,-1.234580092635852,1.7039620462701208,7163.0,10.341739940648285
087020,Licodia Eubea,2.6870007262164144,-2.0420371427794564,4.729037868995871,740.0,47.27499555790566
087021,Linguaglossa,2.568764244332712,-2.8202408908416032,5.389005135174315,1474.0,39.82963124358547
087022,Maletto,5.74105212587077,-4.429798675322971,10.17085080119374,853.0,39.77222794865784
087023,Mascali,2.2844017371013763,3.2364667451203104,-0.9520650080189341,3425.0,35.050324306630884
087024,Mascalucia,2.173336864325961,-4.004160737904357,6.177497602230318,8073.0,14.014093227890273
087025,Militello in Val di Catania,0.9966172261254229,-20.631876911838564,21.628494137963987,1484.0,30.155606725781528
087026,Milo,-5.0074460163812375,-10.532618972581155,5.525172956199917,262.0,30.823727127003963
087027,Mineo,4.778539379878556,-11.155879937681792,15.934419317560348,1109.0,38.23791503207255
087028,Mirabella Imbaccari,6.082511865644392,-10.26940517471326,16.35191704035765,970.0,54.63378043847963
087029,Misterbianco,4.411103475092929,-7.0133699252363755,11.424473400329305,11268.0,5.785416493218098
087030,Motta Sant'Anastasia,-0.5020871985157669,-7.753446432976119,7.251359234460352,3130.0,8.235771002158813
087031,Nicolosi,2.556410590843875,1.738571402142341,0.8178391887015337,1896.0,23.756601650909587
087032,Palagonia,0.30437540669617746,-4.227313227447626,4.531688634143803,3412.0,29.532716383698943
087033,Paternò,-0.3467670798204274,-9.693967809684118,9.34720072986369,10391.0,19.100162564753212
087034,Pedara,2.341795580957232,-2.5152606269216164,4.857056207878848,3574.0,19.552281708281516
087035,Piedimonte Etneo,-4.334448160535118,3.3045557833835346,-7.639003943918652,1010.0,39.00120310964779
087036,Raddusa,4.288337121874456,-25.727513227513228,30.015850349387684,642.0,45.47567320007479
087037,Ramacca,3.3469590692961493,-9.344451184012122,12.691410253308272,2446.0,26.08246332308358
087038,Randazzo,-2.676143245652124,-3.470711349734067,0.794568104081943,3090.0,44.320455074378465
087039,Riposto,9.028913890357096,-2.0423252170392345,11.07123910739633,3378.0,30.154630987627755
087040,San Cono,0.6422305764411007,-24.81025258180913,25.45248315825023,530.0,63.39226855855531
087041,San Giovanni la Punta,-0.3969741454090183,-3.164627463864818,2.7676533184557996,6039.0,12.866797775670525
087042,San Gregorio di Catania,-1.0831122900088488,3.035331157425148,-4.118443447433997,3548.0,12.150380940530217
087043,San Michele di Ganzaria,1.0483956369797767,-14.015684069109884,15.064079706089661,650.0,58.82546640699077
087044,San Pietro Clarenza,3.8130634051335264,4.098774038996396,-0.28571063386286966,1891.0,11.827482445558733
087045,Sant'Agata li Battiati,-0.860923786355059,0.49714159342705955,-1.3580653797821185,2764.0,10.662430867302259
087046,Sant'Alfio,2.8735632183907995,-8.374161252529554,11.247724470920353,393.0,32.999697695585034
087047,Santa Maria di Licodia,6.408369701275415,3.611745111344149,2.796624589931266,1640.0,22.78244806863389
087048,Santa Venerina,3.316958277254372,14.420826096805861,-11.103867819551489,2030.0,25.54281147407231
087049,Scordia,0.5770795200325374,-13.653471882265244,14.230551402297781,3744.0,25.29072312133443
087050,Trecastagni,1.156578944979195,2.0799288412848256,-0.9233498963056306,2852.0,20.573200650360654
087051,Tremestieri Etneo,1.5205354853112354,-1.8076692753141543,3.3282047606253897,6112.0,12.970288084695728
087052,Valverde,1.509294472185502,1.3770757001651361,0.1322187720203658,2074.0,14.797789868760809
087053,Viagrande,3.256519253237876,1.4940098661028856,1.7625093871349904,2115.0,17.97769798945349
087054,Vizzini,3.0553422182064587,-2.1013844602698803,5.156726678476339,1378.0,38.19187832510991
087055,Zafferana Etnea,5.805813772734339,-1.8987953359531033,7.704609108687443,2261.0,26.696893620794164
087056,Mazzarrone,2.1875,-5.7276995305164355,7.9151995305164355,1180.0,59.556742229574645
087057,Maniace,3.205818965517242,1.0233799854380763,2.1824389800791657,902.0,51.0624985091799
087058,Ragalna,-0.3322784810126578,3.414546892357521,-3.7468253733701786,960.0,24.08437570293239
088001,Acate,4.421035455518211,-2.7141192441788213,7.135154699697033,3188.0,23.21770229803113
088002,Chiaramonte Gulfi,4.6460125143540125,-4.012390188540785,8.658402702894797,2256.0,16.057738477133075
088003,Comiso,-2.8856003898790643,-5.273829213864197,2.3882288239851324,7721.0,8.775477024071114
088004,Giarratana,13.874266807038651,-14.005654590760969,27.87992139779962,931.0,22.487193444269565
088005,Ispica,-0.9444655923529162,-6.409912499201635,5.465446906848719,4340.0,28.688109331219444
088006,Modica,-1.4244568707350571,-3.8958480935049895,2.4713912227699324,15719.0,13.663565640051647
088007,Monterosso Almo,0.2967778405879038,-10.96064419735539,11.257422037943293,864.0,20.30511622719752
088008,Pozzallo,7.806654853317584,-15.167428908367484,22.974083761685065,4161.0,26.083287081961124
088009,Ragusa,1.3682968432146159,-1.2091465825810666,2.5774434257956824,22251.0,0.0
088010,Santa Croce Camerina,6.244279280928495,1.6037296387569882,4.640549642171507,3112.0,15.809081503996365
088011,Scicli,0.6292508017056075,-6.620686123332021,7.249936925037629,7240.0,14.608056167745248
088012,Vittoria,-0.615482869164496,-4.491992249812771,3.876509380648275,16382.0,15.941969389005864
089001,Augusta,2.1914083304562393,-10.137161516526344,12.328569846982584,9164.0,27.044114775677166
089002,Avola,3.4448391627646107,-16.334301159601345,19.779140322365954,6844.0,14.67563875952253
089003,Buccheri,5.066666666666663,0.6257974360532224,4.4408692306134405,520.0,33.61679068560829
089004,Buscemi,-7.430713616280627,-13.566605279312462,6.135891663031835,316.0,29.872825008693102
089005,Canicattini Bagni,3.078761376925815,-12.86699595993138,15.945757336857195,1546.0,12.403435048404937
089006,Carlentini,10.460598544879488,-7.421635160795823,17.88223370567531,4134.0,32.3015207846318
089007,Cassaro,5.344262295081968,5.261462471813594,0.08279982326837398,206.0,24.668627140560538
089008,Ferla,0.3482433059897829,-19.432570571612207,19.78081387760199,678.0,27.650013905963956
089009,Floridia,-0.10767231830962132,-12.902641878669279,12.794969560359657,5554.0,10.894493379684988
089010,Francofonte,4.287117716268584,-10.076690549611985,14.36380826588057,2137.0,39.42135118181517
089011,Lentini,0.9897658214066531,-10.81177895248247,11.801544773889123,5057.0,43.542396006650804
089012,Melilli,3.6168835372564203,-25.24313265893577,28.86001619619219,3324.0,22.603025748779743
089013,Noto,-2.622865357722281,-7.722578877411543,5.099713519689262,5322.0,23.741262645444955
089014,Pachino,2.9604395198088103,-2.739833431339429,5.700272951148239,5721.0,38.74185963528338
089015,Palazzolo Acreide,0.6956393697806007,-13.747909698996658,14.443549068777259,2487.0,25.17334626147267
089016,Rosolini,2.7267616268810446,-5.657572998644966,8.38433462552601,5275.0,33.8303945144008
089017,Siracusa,1.0772044907165457,-11.375736562331182,12.452941053047727,31973.0,0.0
089018,Solarino,5.979073243647235,-11.969465648854964,17.9485388925022,1985.0,12.508260630479363
089019,Sortino,9.782520222789834,-20.051291730952308,29.833811953742142,2383.0,19.79345851537826
089020,Portopalo di Capo Passero,8.013191831212215,7.385839483394832,0.6273523478173821,911.0,41.450660428996784
089021,Priolo Gargallo,-3.851485285759832,7.3901587412273955,-11.241644026987228,2904.0,12.620220481433753
