territorio,nome,treno,oltre_30_min,quota_fuori,km_capoluogo,pendolari,pendolari_fuori
081001,Alcamo,0.3293419260403749,58.57552356363066,22.43776538173341,24.18189953250158,12011.0,3443.23
081002,Buseto Palizzolo,0.0,31.334622823984525,45.489199491740784,10.618598448006214,787.0,517.0
081003,Calatafimi-Segesta,0.0,45.66831683168317,29.74644403215832,14.003650738289641,1617.0,808.0
081004,Campobello di Mazara,7.665505226480836,26.21951219512195,30.864197530864196,32.20981642294784,2268.0,1148.0
081005,Castellammare del Golfo,0.9118541033434651,47.41641337386018,25.480367585630745,16.77916595066632,3591.0,1316.0
081006,Castelvetrano,9.454554620154257,53.25717094318697,17.386609071274297,28.1345978112359,7408.0,1586.96
081007,Custonaci,0.0,36.68122270742358,29.624478442280946,19.527140010764505,1438.0,687.0
081008,Erice,0.09109677547120303,11.037397536756394,62.33023588277341,15.950183760696927,6995.0,6059.49
081009,Favignana,0.0,80.54298642533936,8.859223300970873,34.94074755926095,824.0,221.0
081010,Gibellina,0.6954102920723226,28.51182197496523,49.32692307692308,24.0410080695465,1040.0,719.0
081011,Marsala,10.476315354044326,49.58462503863409,15.942850663340515,14.404719504384666,17638.0,3203.13
081012,Mazara del Vallo,21.91043472520553,50.743669038079716,14.582902090664458,24.506788814530555,9662.0,1969.29
081013,Paceco,0.20797227036395147,13.448873483535529,64.69588854909956,10.25169068983258,2943.0,2885.0
081014,Pantelleria,0.0,94.44444444444444,0.6001091107474086,138.68162133822923,1833.0,18.0
081015,Partanna,0.940733772342427,35.465663217309505,36.755892928485814,26.216153569888927,2503.0,1063.0
081016,Poggioreale,0.0,52.17391304347826,38.95705521472393,32.136624744985276,326.0,207.0
081017,Salaparuta,0.0,65.86538461538461,30.617283950617285,28.844727854497084,405.0,208.0
081018,Salemi,0.3325942350332594,50.66518847006652,26.810176125244617,10.660303185181931,2555.0,902.0
081019,Santa Ninfa,0.819672131147541,31.147540983606557,32.77591973244147,19.287707173223055,1196.0,610.0
081020,San Vito Lo Capo,0.0,73.13829787234043,18.951612903225808,25.1098433487746,992.0,376.0
081021,Trapani,0.9924250168878626,21.81530992485152,21.741501545173605,0.0,16503.0,4988.79
081022,Valderice,0.22641509433962265,15.056603773584905,58.481575603557815,15.603136767970728,3148.0,2650.0
081023,Vita,0.0,30.38961038961039,49.9054820415879,13.036548661359724,529.0,385.0
081024,Petrosino,4.030226700251889,27.539882451721244,47.710396039603964,27.989205651464996,1616.0,1191.0
082001,Alia,24.67866323907455,67.60925449871465,31.645569620253166,56.0713743812295,790.0,389.0
082002,Alimena,0.0,39.38223938223938,42.48496993987976,86.38913207689959,499.0,259.0
082003,Aliminusa,2.6178010471204187,57.59162303664922,55.833333333333336,50.86714564431544,240.0,191.0
082004,Altavilla Milicia,8.2541567695962,40.08313539192399,64.51800232288038,26.915017741030752,1722.0,1684.0
082005,Altofonte,0.22710068130204392,39.06131718395155,68.39622641509433,12.217896422870837,2544.0,2642.0
082006,Bagheria,21.89499999241527,47.73967376547096,43.199139245046176,17.54280211368754,11153.0,6592.19
082007,Balestrate,1.56062424969988,38.895558223289314,42.280285035629454,27.84995850984342,1263.0,833.0
082008,Baucina,0.0,66.35514018691589,45.87973273942094,29.69456120234815,449.0,321.0
082009,Belmonte Mezzagno,0.10582010582010581,63.17460317460318,49.34901301973961,13.274595436396547,2381.0,1890.0
082010,Bisacquino,0.0,46.25984251968504,34.19833178869323,41.24331951965069,1079.0,508.0
082011,Bolognetta,0.0,57.88712011577424,52.22088835534214,22.24112859096858,833.0,691.0
082012,Bompietro,0.0,32.394366197183096,46.27831715210356,82.41367888888348,309.0,213.0
082013,Borgetto,0.3965631196298744,23.397224058162593,57.80821917808219,17.249773012999327,1460.0,1513.0
082014,Caccamo,4.339796860572484,52.0775623268698,37.37075332348597,43.21896495752761,2031.0,1083.0
082015,Caltavuturo,0.0,72.71028037383178,37.344398340248965,66.96474178252313,964.0,535.0
082016,Campofelice di Fitalia,0.0,64.1025641025641,25.663716814159294,39.8811728137476,113.0,78.0
082017,Campofelice di Roccella,11.716417910447761,36.940298507462686,52.00892857142857,52.91556309820391,1792.0,1340.0
082018,Campofiorito,0.0,23.444976076555022,52.17391304347826,42.78946433410916,276.0,209.0
082019,Camporeale,0.0,72.5925925925926,27.365728900255753,33.46976362330633,782.0,405.0
082020,Capaci,2.6335311572700295,27.448071216617212,72.65812650120095,7.351361846624066,2498.0,2696.0
082021,Carini,4.591134177921136,36.92223097758401,49.816760322501835,11.562077538228154,8186.0,6383.39
082022,Castelbuono,3.6241610738255035,63.89261744966443,24.724342663273962,72.84197480162108,2358.0,745.0
082023,Casteldaccia,10.85613415710503,34.686672550750224,57.56426464391066,23.216499068550366,2373.0,2266.0
082024,Castellana Sicula,0.0,35.45454545454545,43.86363636363637,77.62016093773575,880.0,550.0
082025,Castronovo di Sicilia,1.4619883040935673,40.93567251461988,22.827496757457848,55.300656867708184,771.0,342.0
082026,Cefalà Diana,0.0,44.71830985915493,66.66666666666667,28.145078237588894,252.0,284.0
082027,Cefalù,25.529767911200807,66.19576185671039,19.968960165545784,66.01599961373,3866.0,991.0
082028,Cerda,3.823178016726404,46.59498207885304,45.77352472089314,52.31039098496588,1254.0,837.0
082029,Chiusa Sclafani,0.0,39.949748743718594,35.84905660377358,52.68425808531425,636.0,398.0
082030,Ciminna,0.25510204081632654,73.72448979591837,37.944664031620555,36.16025511525051,759.0,392.0
082031,Cinisi,5.689001264222503,35.86177833965444,49.14365606431318,17.361353403464836,2861.0,2373.0
082032,Collesano,2.982456140350877,50.70175438596491,39.98025666337611,57.532487561377,1013.0,570.0
082033,Contessa Entellina,0.0,59.64912280701754,17.857142857142858,47.78140747194456,420.0,171.0
082034,Corleone,0.0,72.45989304812834,19.42209217264082,38.379833311258665,2734.0,748.0
082035,Ficarazzi,8.81404514510928,35.50698674310283,72.41100323624596,14.376102009933012,2472.0,2791.0
082036,Gangi,0.0,46.837606837606835,28.151027207107163,91.12415743369043,1801.0,585.0
082037,Geraci Siculo,0.0,38.148148148148145,34.12228796844182,84.5521336454616,507.0,270.0
082038,Giardinello,0.0,33.57400722021661,69.45454545454545,14.207997219875853,550.0,554.0
082039,Giuliana,0.0,45.55873925501432,56.32458233890215,53.84834115365115,419.0,349.0
082040,Godrano,0.0,61.083743842364534,30.9375,32.14943895311394,320.0,203.0
082041,Gratteri,5.109489051094891,37.22627737226277,38.034188034188034,61.41008067898951,234.0,137.0
082042,Isnello,3.6144578313253013,57.2289156626506,25.41966426858513,65.9450434983555,417.0,166.0
082043,Isola delle Femmine,7.08245243128964,30.232558139534884,66.10549943883277,7.897684787328498,1782.0,1892.0
082044,Lascari,6.683168316831683,20.792079207920793,61.86252771618625,56.78562157800159,902.0,808.0
082045,Lercara Friddi,1.6605166051660516,60.701107011070114,25.906344410876134,51.55505008241191,1324.0,542.0
082046,Marineo,0.0,56.576980568011955,57.49682337992376,23.549702015099893,1574.0,1338.0
082047,Mezzojuso,0.0,65.59139784946237,48.45505617977528,33.038145967956495,712.0,558.0
082048,Misilmeri,0.2092789243812623,44.01726328109389,59.291270527225585,17.472558055419363,5785.0,5604.96
082049,Monreale,0.1339999729541339,38.631946331166795,62.384285391736285,29.410755481626104,8858.0,8134.33
082050,Montelepre,0.0,43.04761904761905,65.63324538258576,13.07188605366494,1516.0,1575.0
082051,Montemaggiore Belsito,6.692160611854685,75.1434034416826,48.693259972489685,52.293930049289656,727.0,523.0
082052,Palazzo Adriano,0.0,65.0326797385621,23.7012987012987,53.417610850729744,616.0,306.0
082053,Palermo,2.999688344068149,51.142449846480595,5.8943642798802065,0.0,161612.0,10396.08
082054,Partinico,1.6517693980888442,53.902682218019365,31.26293995859213,26.58954019910837,6762.0,2818.19
082055,Petralia Soprana,0.0,36.496350364963504,34.088335220838054,80.86708289532893,883.0,411.0
082056,Petralia Sottana,0.0,39.733333333333334,29.473684210526315,78.01790231735278,855.0,375.0
082057,Piana degli Albanesi,0.0966183574879227,75.65217391304348,43.83934649421375,19.122283153431237,1469.0,1035.0
082058,Polizzi Generosa,0.0,59.20679886685552,28.536880290205563,70.7101866070229,827.0,353.0
082059,Pollina,9.070796460176991,43.14159292035398,42.50764525993884,72.9662465116577,654.0,452.0
082060,Prizzi,0.0,52.68595041322314,29.401408450704224,46.54680565839078,1136.0,484.0
082061,Roccamena,0.0,47.417840375586856,38.57142857142857,37.5808697344806,350.0,213.0
082062,Roccapalumba,12.919896640826874,59.17312661498708,42.16417910447761,48.02231594790072,536.0,387.0
082063,San Cipirello,0.0,35.941043083900226,46.319569120287255,25.19705736787532,1114.0,882.0
082064,San Giuseppe Jato,0.0,40.03164556962025,45.91463414634146,23.492657108126362,1640.0,1264.0
082065,San Mauro Castelverde,1.2422360248447204,86.95652173913044,17.19128329297821,81.40436727842062,413.0,161.0
082066,Santa Cristina Gela,0.0,56.306306306306304,54.629629629629626,18.191791692958667,216.0,222.0
082067,Santa Flavia,13.362939039160274,29.51150585385547,60.427350427350426,20.452868943011392,2340.0,2477.0
082068,Sciara,6.235565819861431,35.56581986143187,45.94155844155844,45.3021443752942,616.0,433.0
082069,Sclafani Bagni,0.0,71.42857142857143,19.444444444444443,60.671532863444284,108.0,42.0
082070,Termini Imerese,37.51909213478674,70.99488057154514,21.779336734693878,40.02786105951703,6272.0,2009.99
082071,Terrasini,4.769076305220883,38.20281124497992,47.07436768591921,20.385045351924045,2649.0,1992.0
082072,Torretta,1.4245014245014245,32.95346628679962,63.28358208955224,7.555230770797143,1005.0,1053.0
082073,Trabia,22.24428997020854,41.559086395233365,57.890031291908805,30.538236131119294,2237.0,2014.0
082074,Trappeto,0.8210180623973727,28.07881773399015,63.9344262295082,23.02486516790055,610.0,609.0
082075,Ustica,0.0,100.0,1.9011406844106464,63.904109014992144,263.0,7.0
082076,Valledolmo,2.335456475583864,45.859872611464965,40.23952095808383,62.42106315179196,835.0,471.0
082077,Ventimiglia di Sicilia,0.0,64.13793103448276,44.89795918367347,24.902009959037446,392.0,290.0
082078,Vicari,0.49875311720698257,46.63341645885287,49.093904448105434,44.93997672451556,607.0,401.0
082079,Villabate,0.19496892545834127,33.339248120959596,71.43551129463201,13.355201084221832,4117.0,4564.83
082080,Villafrati,0.0,66.16915422885572,47.020725388601036,27.8212366547571,772.0,603.0
082081,Scillato,0.0,30.232558139534884,43.884892086330936,62.685478453944974,139.0,86.0
082082,Blufi,0.0,27.63819095477387,60.56910569105691,79.66773502491456,246.0,199.0
083001,Alcara li Fusi,0.6430868167202572,63.02250803858521,43.86317907444668,74.15167948199151,497.0,311.0
083002,Alì,7.547169811320755,71.06918238993711,54.787234042553195,17.251831265115015,188.0,159.0
083003,Alì Terme,20.10135135135135,46.95945945945946,55.745341614906835,19.073308496430293,644.0,592.0
083004,Antillo,2.2598870056497176,75.70621468926554,51.12107623318386,34.61947511156112,223.0,177.0
083005,Barcellona Pozzo di Gotto,4.523564810489074,47.090226342384845,28.90427622344905,25.281365825445427,10687.0,3959.93
083006,Basicò,0.0,38.63636363636363,36.507936507936506,41.20936574372384,126.0,88.0
083007,Brolo,3.4917555771096023,27.837051406401553,38.29905503057254,59.380007452003575,1799.0,1031.0
083008,Capizzi,0.0,76.53061224489795,30.656934306569344,97.91685588293774,685.0,392.0
083009,Capo d'Orlando,9.103840682788052,33.78378378378378,27.995169082125603,69.02684374212687,4140.0,1406.0
083010,Capri Leone,1.2427506213753108,16.735708367854183,59.104046242774565,69.98106976175771,1384.0,1207.0
083011,Caronia,8.360128617363344,45.659163987138264,21.08843537414966,92.75347411822374,735.0,311.0
083012,Casalvecchio Siculo,7.317073170731708,40.24390243902439,61.47186147186147,29.75462594286811,231.0,246.0
083013,Castel di Lucio,1.932367149758454,62.80193236714976,39.31398416886544,111.6366064156377,379.0,207.0
083014,Castell'Umberto,1.2704174228675136,46.82395644283122,42.69788182831661,62.38846768434051,897.0,551.0
083015,Castelmola,3.3950617283950617,24.382716049382715,67.78115501519757,40.84257665720908,329.0,324.0
083016,Castroreale,1.4056224899598393,32.329317269076306,51.68,27.205157525733977,625.0,498.0
083017,Cesarò,0.0,62.458471760797345,26.121794871794872,82.16287717089757,624.0,301.0
083018,Condrò,0.9174311926605505,29.357798165137616,79.34782608695652,16.19302741923202,92.0,109.0
083019,Falcone,2.584493041749503,33.59840954274354,50.578034682080926,39.72097405653592,692.0,503.0
083020,Ficarra,0.9803921568627451,41.50326797385621,51.851851851851855,59.84146115361823,405.0,306.0
083021,Fiumedinisi,6.2745098039215685,53.333333333333336,41.131105398457585,19.056713488951868,389.0,255.0
083022,Floresta,0.0,52.63157894736842,31.818181818181817,57.36747964657329,132.0,76.0
083023,Fondachelli-Fantina,0.6578947368421053,77.63157894736842,35.24590163934426,33.89312107198155,244.0,152.0
083024,Forza d'Agrò,4.694835680751174,36.61971830985915,56.68016194331984,33.39746535292761,247.0,213.0
083025,Francavilla di Sicilia,1.2903225806451613,47.74193548387097,32.06106870229008,43.562163915489776,1048.0,465.0
083026,Frazzanò,0.6289308176100629,29.559748427672957,58.44748858447488,68.05587599171727,219.0,159.0
083027,Furci Siculo,13.71069182389937,39.874213836477985,58.72210953346856,27.20065973464614,986.0,795.0
083028,Furnari,2.328966521106259,35.51673944687045,51.56794425087108,35.70079405279384,861.0,687.0
083029,Gaggi,2.816901408450704,26.47887323943662,66.3265306122449,42.50756963177265,784.0,710.0
083030,Galati Mamertino,1.1655011655011656,61.3053613053613,35.962566844919785,66.04869225806065,748.0,429.0
083031,Gallodoro,14.736842105263158,34.73684210526316,61.05263157894737,35.20473725225058,95.0,95.0
083032,Giardini-Naxos,6.009913258983891,28.748451053283766,45.504950495049506,44.16923930746374,2525.0,1614.0
083033,Gioiosa Marea,8.883082952318746,28.6740692357936,51.11228813559322,51.842722083239416,1888.0,1531.0
083034,Graniti,1.607717041800643,36.655948553054664,60.74498567335244,40.29274366433738,349.0,311.0
083035,Gualtieri Sicaminò,1.8648018648018647,27.972027972027973,71.25890736342043,15.363113291257081,421.0,429.0
083036,Itala,3.953488372093023,47.674418604651166,66.15384615384616,15.557826101354905,390.0,430.0
083037,Leni,0.0,38.73873873873874,36.612021857923494,72.8250674012733,183.0,111.0
083038,Letojanni,16.54275092936803,32.52788104089219,48.26700898587933,35.87833892476072,779.0,538.0
083039,Librizzi,0.27932960893854747,26.81564245810056,51.00222717149221,49.17411527419685,449.0,358.0
083040,Limina,6.666666666666667,76.0,54.32098765432099,33.060993285138906,162.0,150.0
083041,Lipari,0.0,91.869918699187,2.2383354350567464,60.575023186128455,3172.0,123.0
083042,Longi,1.1952191235059761,70.11952191235059,35.96287703016241,68.98909613120034,431.0,251.0
083043,Malfa,0.0,52.54237288135593,16.99604743083004,74.30298181096099,253.0,59.0
083044,Malvagna,0.0,33.51648351648352,62.814070351758794,49.01277908872338,199.0,182.0
083045,Mandanici,4.651162790697675,58.91472868217054,62.5,24.235233462873843,144.0,129.0
083046,Mazzarrà Sant'Andrea,0.6644518272425249,32.22591362126246,45.70135746606335,34.869360834405896,442.0,301.0
083047,Merì,0.5221932114882507,14.360313315926893,74.03560830860535,22.30037004177285,674.0,766.0
083048,Messina,4.62464696959108,78.87696247908538,7.044895846810713,0.0,61832.0,4865.02
083049,Milazzo,5.877413091747034,44.079422503938545,25.434091464905844,24.57069549280199,8178.0,2976.99
083050,Militello Rosmarino,1.8433179723502304,24.42396313364055,46.34146341463415,77.06236508828418,287.0,217.0
083051,Mirto,1.2121212121212122,28.484848484848484,43.75,67.23021348322494,256.0,165.0
083052,Mistretta,6.093189964157706,58.422939068100355,15.18578352180937,103.59395312951426,1238.0,279.0
083053,Moio Alcantara,0.0,28.985507246376812,46.79802955665025,50.408195534059736,203.0,138.0
083054,Monforte San Giorgio,1.6313213703099512,38.33605220228385,55.40166204986149,10.851624993520556,722.0,613.0
083055,Mongiuffi Melia,3.7037037037037037,40.74074074074074,56.81818181818182,37.159790002097694,176.0,135.0
083056,Montagnareale,2.035623409669211,24.681933842239186,63.72315035799522,50.67694012072946,419.0,393.0
083057,Montalbano Elicona,0.3968253968253968,64.68253968253968,28.79858657243816,46.69986180921738,566.0,252.0
083058,Motta Camastra,0.0,36.53846153846154,44.354838709677416,41.40395065691195,248.0,156.0
083059,Motta d'Affermo,6.293706293706293,25.174825174825173,50.0,107.46586856300004,166.0,143.0
083060,Naso,2.374301675977654,24.441340782122904,49.951409135082606,65.17818985673046,1029.0,716.0
083061,Nizza di Sicilia,15.987124463519313,43.347639484978544,65.34031413612566,22.102810341673745,955.0,932.0
083062,Novara di Sicilia,0.0,83.11688311688312,28.611898016997166,37.26052820344875,353.0,154.0
083063,Oliveri,10.833333333333334,31.944444444444443,43.1985294117647,41.86589209607267,544.0,360.0
083064,Pace del Mela,5.475504322766571,25.864553314121036,52.5383707201889,18.34182897096143,1694.0,1388.0
083065,Pagliara,9.863013698630137,33.97260273972603,79.16666666666667,26.12383911296347,288.0,365.0
083066,Patti,10.078277886497064,54.30528375733855,22.086720867208673,45.83625032657012,3690.0,1022.0
083067,Pettineo,18.571428571428573,47.142857142857146,34.13897280966767,108.91533413160884,331.0,210.0
083068,Piraino,3.3878504672897196,28.738317757009344,51.11507582515611,56.166425362488575,1121.0,856.0
083069,Raccuja,0.6172839506172839,55.55555555555556,39.0,54.37652597398992,300.0,162.0
083070,Reitano,3.875968992248062,19.37984496124031,44.067796610169495,105.04687975375565,177.0,129.0
083071,Roccafiorita,1.694915254237288,61.016949152542374,69.38775510204081,34.578525836131305,49.0,59.0
083072,Roccalumera,15.021459227467812,40.987124463519315,59.191530317613086,23.55079455135219,1039.0,932.0
083073,Roccavaldina,2.5157232704402515,32.075471698113205,74.91525423728814,11.556349120721475,295.0,318.0
083074,Roccella Valdemone,0.0,69.41176470588235,26.0,51.695401130081194,200.0,85.0
083075,Rodì Milici,1.444043321299639,27.256317689530686,63.42342342342342,32.38080063865006,555.0,554.0
083076,Rometta,5.816135084427767,33.95872420262664,65.55690072639226,8.820379640355624,1652.0,1599.0
083077,San Filippo del Mela,1.0900745840504877,18.416523235800344,63.24089178901577,20.63270355527845,1839.0,1743.0
083078,San Fratello,2.643171806167401,52.42290748898679,30.86021505376344,82.33572080816442,930.0,454.0
083079,San Marco d'Alunzio,1.3812154696132597,35.91160220994475,39.14421553090333,71.6016941838669,631.0,362.0
083080,San Pier Niceto,2.6578073089700998,30.564784053156146,55.57206537890045,13.710159517671558,673.0,602.0
083081,San Piero Patti,0.29673590504451036,57.27002967359051,30.451127819548873,50.98071816873512,798.0,337.0
083082,San Salvatore di Fitalia,1.0810810810810811,44.86486486486486,42.14046822742475,65.05043437210854,299.0,185.0
083083,Santa Domenica Vittoria,0.0,50.0,42.94294294294294,55.34466545205599,333.0,214.0
083084,Sant'Agata di Militello,9.671179883945841,45.64796905222437,24.891209747606613,78.49124547998969,3447.0,1034.0
083085,Sant'Alessio Siculo,13.15136476426799,42.18362282878412,67.28971962616822,31.76124665374456,428.0,403.0
083086,Santa Lucia del Mela,0.3115264797507788,27.725856697819314,54.34782608695652,20.305660787081028,1196.0,963.0
083087,Santa Marina Salina,0.0,39.583333333333336,13.461538461538462,71.06381113478224,156.0,48.0
083088,Sant'Angelo di Brolo,1.348747591522158,54.72061657032755,34.17305585980285,54.87332099481496,913.0,519.0
083089,Santa Teresa di Riva,17.064122946475887,46.63487016428193,53.60866078588613,28.457963700869392,2494.0,1887.0
083090,San Teodoro,0.0,47.44525547445255,60.691823899371066,81.3220083187817,318.0,274.0
083091,Santo Stefano di Camastra,17.699115044247787,42.69911504424779,29.543336439888165,102.51142541199981,1073.0,452.0
083092,Saponara,4.0966386554621845,40.23109243697479,63.1198347107438,5.961141501424035,968.0,952.0
083093,Savoca,10.105263157894736,30.105263157894736,67.31182795698925,28.711017205943783,465.0,475.0
083094,Scaletta Zanclea,14.392523364485982,45.981308411214954,66.20553359683794,14.481173329533764,506.0,535.0
083095,Sinagra,1.7278617710583153,42.980561555075596,37.92270531400966,58.78771168365035,828.0,463.0
083096,Spadafora,5.855018587360595,37.0817843866171,61.9520264681555,11.159857077937872,1209.0,1076.0
083097,Taormina,8.428860418071476,36.480107889413354,27.29185452359483,41.88554600336493,3327.0,1483.0
083098,Torregrotta,3.720663995420721,29.765311963365768,65.60818083961249,14.67250874935844,1858.0,1747.0
083099,Tortorici,0.37082818294190356,57.601977750309025,28.900255754475705,61.47852114356688,1955.0,809.0
083100,Tripi,0.7407407407407407,52.592592592592595,31.192660550458715,40.77756006678183,218.0,135.0
083101,Tusa,19.363395225464192,68.43501326259947,37.11340206185567,113.62087013396791,582.0,377.0
083102,Ucria,0.0,67.58620689655173,31.73431734317343,57.4338861126426,271.0,145.0
083103,Valdina,1.1204481792717087,27.45098039215686,68.55524079320114,13.617687101707103,353.0,357.0
083104,Venetico,2.679528403001072,35.69131832797428,63.62649294245386,12.41996175517461,921.0,933.0
083105,Villafranca Tirrena,4.172461752433936,35.51228558182661,63.14102564102564,6.414628672027711,2184.0,2157.0
083106,Terme Vigliatore,2.2480058013052937,27.773749093546048,41.225902125556104,31.883868397670945,2023.0,1379.0
083107,Acquedolci,3.620352250489237,21.91780821917808,47.85819793205317,82.48245065466956,1354.0,1022.0
083108,Torrenova,2.641509433962264,15.943396226415095,56.04304635761589,72.46379093036742,1208.0,1060.0
084001,Agrigento,1.623246824046388,37.184676127071185,17.144984432110466,0.0,14774.0,3026.65
084002,Alessandria della Rocca,0.0,28.481012658227847,34.23913043478261,26.803107170624827,552.0,316.0
084003,Aragona,2.150537634408602,19.17562724014337,45.94931449937682,11.516643695104923,2407.0,1674.0
084004,Bivona,0.0,44.5945945945946,25.419354838709676,32.431637716896134,775.0,222.0
084005,Burgio,0.0,53.0791788856305,31.492537313432837,42.67336558088663,670.0,341.0
084006,Calamonaci,0.0,13.54581673306773,53.0,32.65780347788259,300.0,251.0
084007,Caltabellotta,0.0,44.92099322799097,30.81761006289308,42.892622034564404,795.0,443.0
084008,Camastra,0.0,17.59776536312849,47.75160599571735,21.047634831495913,467.0,358.0
084009,Cammarata,1.9583843329253365,38.06609547123623,37.34353268428373,38.04881019164725,1438.0,817.0
084010,Campobello di Licata,0.3058103975535168,29.25586136595311,30.041365046535677,29.750243444382097,1934.0,981.0
084011,Canicattì,1.2631047113805736,50.79425227208478,16.660117878192533,23.27404000168428,7635.0,1662.57
084012,Casteltermini,5.61941251596424,70.11494252873563,32.30429988974642,23.17270387762291,1814.0,783.0
084013,Castrofilippo,0.2724795640326976,19.618528610354222,36.10223642172524,15.40709083506682,626.0,367.0
084014,Cattolica Eraclea,0.22573363431151242,56.433408577878104,32.994923857868024,22.877325411857043,788.0,443.0
084015,Cianciana,0.0,50.0,32.26238286479251,24.62169825580681,747.0,402.0
084016,Comitini,0.42016806722689076,7.563025210084033,59.030837004405285,11.860478658131804,227.0,238.0
084017,Favara,3.381947576805493,27.405152107452512,43.804284887087434,7.438016536685033,6908.0,3990.6
084018,Grotte,27.648839556004038,27.144298688193743,51.65562913907285,14.923340946316277,1208.0,991.0
084019,Joppolo Giancaxio,0.3816793893129771,14.122137404580153,64.66431095406361,7.545911210715377,283.0,262.0
084020,Lampedusa e Linosa,100.0,100.0,0.0,219.11067702191056,1384.0,1.0
084021,Licata,1.73673824336076,63.496722188775166,12.611692621904519,34.235653053505494,7834.0,1195.92
084022,Lucca Sicula,0.0,40.97560975609756,52.5328330206379,34.92392661199482,533.0,410.0
084023,Menfi,0.3516998827667057,35.052754982415,21.21684867394696,62.74396280918189,2564.0,853.0
084024,Montallegro,0.0,40.63324538258575,43.392857142857146,20.633720411016526,560.0,379.0
084025,Montevago,0.2178649237472767,39.869281045751634,48.16053511705686,69.41243494504425,598.0,459.0
084026,Naro,0.14388489208633093,26.33093525179856,26.14213197969543,16.012396510204212,1576.0,695.0
084027,Palma di Montechiaro,0.26876677065381005,39.023975217609454,35.8803271631511,22.02154165811286,4646.0,2291.9500000000003
084028,Porto Empedocle,0.33460803059273425,21.797323135755256,42.18703316402749,7.547705611641196,3347.0,2092.0
084029,Racalmuto,13.80186282811177,29.297205757832344,42.280701754385966,17.61443399601588,1710.0,1181.0
084030,Raffadali,1.5088013411567478,29.08633696563286,52.652652652652655,10.765298927572797,2997.0,2386.0
084031,Ravanusa,0.1968503937007874,34.645669291338585,32.93632615666514,36.587198977237925,2183.0,1016.0
084032,Realmonte,0.0,21.866666666666667,53.53418308227115,11.786422060998833,863.0,750.0
084033,Ribera,0.0,45.84450402144772,22.848948374760994,30.06777630620529,4184.0,1119.0
084034,Sambuca di Sicilia,0.16366612111292964,51.88216039279869,23.905489923558026,54.23984079991386,1439.0,611.0
084035,San Biagio Platani,0.5602240896358543,58.54341736694678,31.942446043165468,22.589484146389886,695.0,357.0
084036,San Giovanni Gemini,1.1569052783803326,29.790310918293564,46.945169712793735,33.87148082089119,1915.0,1383.0
084037,Santa Elisabetta,1.6632016632016633,30.76923076923077,58.394160583941606,14.352762974424122,548.0,481.0
084038,Santa Margherita di Belice,0.0,36.98193411264612,42.96636085626911,63.658366692839365,1308.0,941.0
084039,Sant'Angelo Muxaro,0.4716981132075472,60.84905660377358,42.81150159744409,17.7670527100023,313.0,212.0
084040,Santo Stefano Quisquina,0.0,28.79377431906615,30.538922155688624,31.663109196666078,1002.0,514.0
084041,Sciacca,0.0,60.452449346642,10.095121202822952,50.57358916470137,9777.0,1173.17
084042,Siculiana,0.36363636363636365,40.54545454545455,33.9323467230444,17.279472358842444,946.0,550.0
084043,Villafranca Sicula,0.0,39.40886699507389,39.375,38.465839520280845,320.0,203.0
085001,Acquaviva Platani,1.408450704225352,23.943661971830984,44.16243654822335,30.20359091234021,197.0,142.0
085002,Bompensiere,0.0,28.0,54.09836065573771,19.760367633219783,122.0,125.0
085003,Butera,0.0,29.635761589403973,34.079844206426486,31.40195645178816,1027.0,604.0
085004,Caltanissetta,0.5400056545094714,52.00405239845445,10.147965474722564,0.0,16220.0,2122.2
085005,Campofranco,2.027027027027027,41.891891891891895,44.947209653092,28.08125246494536,663.0,444.0
085006,Delia,0.0,26.226993865030675,41.289701636188646,15.503048280902695,1039.0,652.0
085007,Gela,3.039776669469182,77.68816984874582,6.381973959387438,47.86669745240422,14823.0,1225.09
085008,Marianopoli,0.8130081300813008,43.360433604336045,58.83620689655172,17.961947555874893,464.0,369.0
085009,Mazzarino,0.0,70.56962025316456,24.405191059841385,34.80665973632058,2774.0,948.0
085010,Milena,0.9615384615384616,69.61538461538461,43.42273307790549,23.97300450506778,783.0,520.0
085011,Montedoro,0.0,56.54205607476636,38.90577507598784,16.971849692947433,329.0,214.0
085012,Mussomeli,2.2796352583586628,73.7082066869301,21.095695482034863,19.573151866779146,2811.0,658.0
085013,Niscemi,0.4731678708642695,25.64242711978009,38.34753612449055,50.05848062017065,5398.0,2506.51
085014,Resuttano,0.0,59.87261146496815,39.72055888223553,19.334096953310233,501.0,314.0
085015,Riesi,0.1757469244288225,49.209138840070295,35.84823375490624,19.692850707807644,2293.0,1138.0
085016,San Cataldo,0.08972217884620984,18.488326853398195,43.16436251920123,9.16111892729267,5859.0,3778.33
085017,Santa Caterina Villarmosa,0.13089005235602094,32.068062827225134,40.0676246830093,16.464342956826428,1183.0,764.0
085018,Serradifalco,0.08920606601248884,36.30686886708296,47.69736842105263,12.6630131090511,1520.0,1121.0
085019,Sommatino,0.09900990099009901,40.59405940594059,41.67224080267559,16.255854945218967,1495.0,1010.0
085020,Sutera,0.43478260869565216,27.82608695652174,45.625,23.843523942571913,320.0,230.0
085021,Vallelunga Pratameno,20.224719101123597,54.60674157303371,41.168091168091166,32.99420356668728,702.0,445.0
085022,Villalba,20.87378640776699,59.70873786407767,37.46478873239437,23.22490734104229,355.0,206.0
086001,Agira,0.0,57.73542600896861,33.63844393592677,27.24107710792655,1748.0,892.0
086002,Aidone,0.0,30.434782608695652,33.61994840928633,25.043882167108197,1163.0,667.0
086003,Assoro,0.995575221238938,42.809734513274336,45.819397993311036,18.471916522115404,1196.0,904.0
086004,Barrafranca,0.0,44.76190476190476,40.29528267915016,18.14750266565623,2777.0,1575.0
086005,Calascibetta,0.3080082135523614,20.53388090349076,54.640980735551665,12.676529059644048,1142.0,974.0
086006,Catenanuova,27.643312101910826,68.15286624203821,41.05769230769231,39.69369987794033,1040.0,785.0
086007,Centuripe,0.0,68.2219419924338,41.37392661982826,44.58525030769705,1281.0,793.0
086008,Cerami,0.0,52.851711026615966,33.61169102296451,40.41534670146973,479.0,263.0
086009,Enna,0.37001244983066495,58.80063729203124,11.781573369904002,0.0,8021.0,1148.61
086010,Gagliano Castelferrato,0.0,57.0694087403599,30.44982698961938,34.14207657715037,867.0,389.0
086011,Leonforte,0.13908205841446453,47.21835883171071,35.172413793103445,16.422600311765493,2900.0,1438.0
086012,Nicosia,0.0,74.2671009771987,13.878804803127618,28.85742178365905,3581.0,614.0
086013,Nissoria,0.0,30.153846153846153,50.90655509065551,25.080985825920003,717.0,650.0
086014,Piazza Armerina,0.0,58.99667658331323,22.881844380403457,18.42187536598812,5205.0,1492.44
086015,Pietraperzia,0.0,37.072649572649574,37.257617728531855,16.52797086759291,1444.0,936.0
086016,Regalbuto,0.145985401459854,75.03649635036497,27.744510978043913,39.221110705843095,1503.0,685.0
086017,Sperlinga,0.0,25.0,52.06185567010309,25.74714145298464,194.0,148.0
086018,Troina,0.0,83.18890814558058,18.074324324324323,42.887527709113755,2368.0,577.0
086019,Valguarnera Caropepe,0.09157509157509157,32.05128205128205,44.13619167717528,11.786455149874367,1586.0,1092.0
086020,Villarosa,0.6180469715698393,33.374536464771325,43.889384478144514,9.572827011912416,1121.0,809.0
087001,Aci Bonaccorsi,0.0,28.234086242299796,78.52834740651387,15.692837856805887,829.0,974.0
087002,Aci Castello,0.10456605088881143,23.736493551760194,76.7609756097561,13.17512113796302,5125.0,5738.0
087003,Aci Catena,0.6782913637220354,24.98300844722909,78.27807340701324,16.105663879517664,7329.0,8754.35
087004,Acireale,4.192468654538502,41.1475693297364,41.66219016192157,20.808556413168116,13031.0,7113.47
087005,Aci Sant'Antonio,0.2970113235567106,25.45015778726564,72.00692790647327,19.094843937565972,4619.0,5387.0
087006,Adrano,4.746925578498299,55.632240031800585,32.89686626452847,30.739369544608422,6797.0,3194.91
087007,Belpasso,0.8929464504923936,32.665836159784675,52.74741955069824,14.567408623361947,6588.0,5498.65
087008,Biancavilla,4.93862134088763,38.72626167243731,35.60781020365316,26.438558527272246,4763.0,2859.3
087009,Bronte,7.849056603773585,66.71698113207547,22.722209846290934,45.72141158144617,4489.0,1325.0
087010,Calatabiano,5.98438855160451,27.49349522983521,65.14056224899599,41.893361884670945,1245.0,1153.0
087011,Caltagirone,0.3045332982332282,62.670439927965006,14.826779547733096,54.14252713902446,8977.0,1671.41
087012,Camporotondo Etneo,0.7224563515954244,24.984948826008427,84.32432432432432,11.179444753653915,1295.0,1661.0
087013,Castel di Iudica,0.0,72.99465240641712,49.06832298136646,32.66387980629368,966.0,748.0
087014,Castiglione di Sicilia,4.444444444444445,44.84848484848485,39.18269230769231,40.286511452345934,832.0,495.0
087015,Catania,0.3707697776797339,32.40371351085069,17.120571126388153,0.0,68076.0,13418.03
087016,Fiumefreddo di Sicilia,8.47926267281106,30.276497695852534,60.51502145922747,38.470589090888645,2330.0,2170.0
087017,Giarre,12.517279862587777,39.81395156586556,45.3701097663946,29.783819533431238,7106.0,4354.78
087018,Grammichele,1.7409470752089136,32.86908077994429,36.76373262739907,46.041751943209114,3022.0,1436.0
087019,Gravina di Catania,0.031134263024112794,22.512627964144485,81.71157336311602,10.341739940648285,7163.0,8607.88
087020,Licodia Eubea,0.0,34.894613583138174,37.7027027027027,47.27499555790566,740.0,427.0
087021,Linguaglossa,10.488676996424315,55.54231227651967,38.12754409769335,39.82963124358547,1474.0,839.0
087022,Maletto,13.934426229508198,35.73770491803279,42.32121922626026,39.77222794865784,853.0,610.0
087023,Mascali,7.830037413148049,28.220203099946552,66.68613138686132,35.050324306630884,3425.0,3742.0
087024,Mascalucia,0.0,31.54136157948751,80.13130187043231,14.014093227890273,8073.0,9403.05
087025,Militello in Val di Catania,1.198257080610022,60.348583877995644,41.711590296495956,30.155606725781528,1484.0,918.0
087026,Milo,0.0,46.0,61.45038167938932,30.823727127003963,262.0,250.0
087027,Mineo,0.0,50.535714285714285,26.690712353471596,38.23791503207255,1109.0,560.0
087028,Mirabella Imbaccari,0.0,37.64705882352941,33.50515463917526,54.63378043847963,970.0,595.0
087029,Misterbianco,1.4771065977547693,22.207304673091784,63.07241746538871,5.785416493218098,11268.0,11142.73
087030,Motta Sant'Anastasia,0.53125,25.8125,71.27795527156549,8.235771002158813,3130.0,3200.0
087031,Nicolosi,0.0,45.91304347826087,58.38607594936709,23.756601650909587,1896.0,1725.0
087032,Palagonia,0.0,54.27756653992395,17.995310668229777,29.532716383698943,3412.0,1052.0
087033,Paternò,4.465073443265612,41.963010430186614,36.69521701472428,19.100162564753212,10391.0,4907.87
087034,Pedara,0.046630916297505244,34.06388435532758,76.94459988808059,19.552281708281516,3574.0,4289.0
087035,Piedimonte Etneo,11.488250652741515,40.60052219321149,50.89108910891089,39.00120310964779,1010.0,766.0
087036,Raddusa,0.0,65.65217391304348,41.12149532710281,45.47567320007479,642.0,460.0
087037,Ramacca,0.0,61.623931623931625,32.86999182338512,26.08246332308358,2446.0,1170.0
087038,Randazzo,5.549263873159683,55.49263873159683,20.22653721682848,44.320455074378465,3090.0,883.0
087039,Riposto,10.146310432569974,29.421119592875318,61.13084665482534,30.154630987627755,3378.0,3144.0
087040,San Cono,0.0,17.464114832535884,47.924528301886795,63.39226855855531,530.0,418.0
087041,San Giovanni la Punta,0.10681930095103138,21.62890172161223,73.29027984765689,12.866797775670525,6039.0,6478.23
087042,San Gregorio di Catania,0.02280501710376283,21.755986316989738,82.58173618940248,12.150380940530217,3548.0,4385.0
087043,San Michele di Ganzaria,0.0,31.746031746031747,39.07692307692308,58.82546640699077,650.0,441.0
087044,San Pietro Clarenza,0.0,27.790228597041686,79.42887361184559,11.827482445558733,1891.0,2231.0
087045,Sant'Agata li Battiati,0.05795421616922631,22.428281657490583,84.08104196816208,10.662430867302259,2764.0,3451.0
087046,Sant'Alfio,4.895104895104895,29.37062937062937,67.68447837150127,32.999697695585034,393.0,429.0
087047,Santa Maria di Licodia,4.087591240875913,32.40875912408759,56.15853658536585,22.78244806863389,1640.0,1370.0
087048,Santa Venerina,1.7130620985010707,30.353319057815845,54.23645320197044,25.54281147407231,2030.0,1868.0
087049,Scordia,0.30832476875642345,56.5775950668037,34.16132478632478,25.29072312133443,3744.0,1946.0
087050,Trecastagni,0.03073140749846343,34.57283343577136,73.49228611500702,20.573200650360654,2852.0,3254.0
087051,Tremestieri Etneo,0.07108327164766214,24.34161123863937,83.26243455497382,12.970288084695728,6112.0,7484.18
087052,Valverde,0.0,24.10218437615698,82.49758919961427,14.797789868760809,2074.0,2701.0
087053,Viagrande,0.0,29.7537343560759,74.84633569739952,17.97769798945349,2115.0,2477.0
087054,Vizzini,0.0,51.122625215889464,29.680696661828737,38.19187832510991,1378.0,579.0
087055,Zafferana Etnea,0.15982951518380395,48.588172615876395,50.906678460858025,26.696893620794164,2261.0,1877.0
087056,Mazzarrone,0.0,25.95978062157221,31.610169491525422,59.556742229574645,1180.0,547.0
087057,Maniace,0.16339869281045752,40.35947712418301,53.65853658536585,51.0624985091799,902.0,612.0
087058,Ragalna,1.6865079365079365,32.04365079365079,70.9375,24.08437570293239,960.0,1008.0
088001,Acate,0.0,21.94719471947195,24.62358845671267,23.21770229803113,3188.0,1212.0
088002,Chiaramonte Gulfi,0.0,33.68121442125237,30.80673758865248,16.057738477133075,2256.0,1054.0
088003,Comiso,0.08286834981492734,18.165356119060334,35.824375080948066,8.775477024071114,7721.0,3258.1800000000003
088004,Giarratana,0.0,37.828371278458846,44.25349087003222,22.487193444269565,931.0,571.0
088005,Ispica,0.7199424046076314,38.0849532037437,25.57603686635945,28.688109331219444,4340.0,1389.0
088006,Modica,0.9109176591663329,28.412033101777215,18.08003053629366,13.663565640051647,15719.0,3070.53
088007,Monterosso Almo,0.0,49.24731182795699,35.763888888888886,20.30511622719752,864.0,465.0
088008,Pozzallo,0.4830917874396135,23.67149758454106,34.94352319154049,26.083287081961124,4161.0,1863.0
088009,Ragusa,0.1866877004118228,41.355091104390524,8.70522673138286,0.0,22251.0,2522.93
088010,Santa Croce Camerina,0.0,22.76536312849162,34.254498714652954,15.809081503996365,3112.0,1432.0
088011,Scicli,0.49262057345580496,30.922440670596437,21.43646408839779,14.608056167745248,7240.0,2023.87
088012,Vittoria,0.6287171333665393,27.736453388838125,15.11414967647418,15.941969389005864,16382.0,3031.57
089001,Augusta,1.1275578531524624,45.19065303656171,22.23919685726757,27.044114775677166,9164.0,2830.01
089002,Avola,1.9641315327618607,33.9867270870132,38.223261250730566,14.67563875952253,6844.0,3544.06
089003,Buccheri,0.0,44.49152542372882,28.076923076923077,33.61679068560829,520.0,236.0
089004,Buscemi,0.0,37.083333333333336,52.21518987341772,29.872825008693102,316.0,240.0
089005,Canicattini Bagni,0.0,28.170289855072465,52.06985769728331,12.403435048404937,1546.0,1104.0
089006,Carlentini,1.9409937888198758,25.983436853002072,64.17513304305757,32.3015207846318,4134.0,3864.0
089007,Cassaro,0.0,45.736434108527135,42.71844660194175,24.668627140560538,206.0,129.0
089008,Ferla,0.0,57.756563245823386,44.54277286135693,27.650013905963956,678.0,419.0
089009,Floridia,0.0,19.432435258799014,54.01512423478574,10.894493379684988,5554.0,3920.61
089010,Francofonte,0.19083969465648856,53.721374045801525,34.34721572297614,39.42135118181517,2137.0,1048.0
089011,Lentini,4.721754961615406,38.047473677652484,39.56891437611232,43.542396006650804,5057.0,2889.18
089012,Melilli,0.07473841554559044,21.001494768310913,56.37785800240674,22.603025748779743,3324.0,2676.0
089013,Noto,2.168074932861728,43.0607410318552,28.090943254415635,23.741262645444955,5322.0,1832.04
089014,Pachino,0.22075237020501964,36.13172656359398,17.60181786400979,38.74185963528338,5721.0,1214.03
089015,Palazzolo Acreide,0.0,56.3777994157741,36.389223964616,25.17334626147267,2487.0,1027.0
089016,Rosolini,1.5433285971095951,31.29008454551877,39.867298578199055,33.8303945144008,5275.0,2547.7400000000002
089017,Siracusa,0.46677836875978207,35.48100090270878,17.711819347574515,0.0,31973.0,6159.24
089018,Solarino,0.0,22.36760124610592,59.8992443324937,12.508260630479363,1985.0,1605.0
089019,Sortino,0.0,47.84876140808344,46.37012169534201,19.79345851537826,2383.0,1534.0
089020,Portopalo di Capo Passero,0.0,21.729957805907173,28.7596048298573,41.450660428996784,911.0,474.0
089021,Priolo Gargallo,0.0,22.994652406417114,34.33195592286501,12.620220481433753,2904.0,1683.0
