AnnoScolastico,AreaGeografica,Regione,Provincia,CodiceIstitutoRiferimento,DenominazioneIstitutoRiferimento,CodiceScuola,DenominazioneScuola,IndirizzoScuola,CAPScuola,CodiceComuneScuola,DescrizioneComune,DescrizioneCaratteristicaScuola,DescrizioneTipologiaGradoIstruzioneScuola,IndicazioneSedeDirettivo,IndicazioneSedeOmnicomprensivo,IndirizzoEmailScuola,IndirizzoPecScuola,SitoWebScuola,SedeScolastica
202526,ISOLE,SICILIA,MESSINA,MEIS001004,I.S.MISTRETTA MANZONI,METD00150P,IST PROF ALB A. FLORENA CORSO SERALE,VIA MARINA,98077,I370,SANTO STEFANO DI CAMASTRA,PERCORSO II LIVELLO,ISTITUTO TECNICO COMMERCIALE,NO,Non Disponibile,MEIS001004@istruzione.it,Non Disponibile,www.iismanzoni.edu.it,NO
202526,ISOLE,SICILIA,RAGUSA,RGIS018002,G.B. VICO - UMBERTO I - R. GAGLIARDI,RGTL01801P,I.T.G. GAGLIARDI,VIALE DEI PLATANI 180,97100,H163,RAGUSA,NORMALE,ISTITUTO TECNICO PER GEOMETRI,NO,Non Disponibile,RGIS018002@ISTRUZIONE.IT,Non Disponibile,www.vicoumbertogagliardi.edu.it,SI
202526,ISOLE,SICILIA,PALERMO,PAIS00900C,IS DON G. COLLETTO,PATD00901P,I.T.C. DI MARINEO,VIA ETTORE MAJORANA SN,90035,E957,MARINEO,NORMALE,ISTITUTO TECNICO COMMERCIALE,NO,Non Disponibile,PAIS00900C@istruzione.it,Non Disponibile,https//www.doncolletto.edu.it/,SI
202526,ISOLE,SICILIA,CALTANISSETTA,CLIS002004,"I.I.S. ""L. DA VINCI""",CLTD00201A,IST. TECN. AMM. FIN. MARK,VIA C.A. DALLA CHIESA S.N.,93015,F899,NISCEMI,NORMALE,ISTITUTO TECNICO COMMERCIALE,NO,Non Disponibile,CLIS002004@istruzione.it,Non Disponibile,www.leonardoniscemi.edu.it,SI
202526,ISOLE,SICILIA,PALERMO,PAIS02200V,JACOPO DEL DUCA - DIEGO BIANCA AMATO,PATD022015,ISTITUTO TECNICO,VIA PIETRAGROSSA N. 68/70,90015,C421,CEFALU',NORMALE,IST TEC COMMERCIALE E PER GEOMETRI,NO,Non Disponibile,PAIS02200V@istruzione.it,Non Disponibile,https//www.delduca-biancaamato.edu.it/,SI
202526,ISOLE,SICILIA,MESSINA,MEIS03700V,"I.I.S. ""A.M.JACI - CAIO DUILIO""",METD037015,"IST. TEC. ECONOMICO ""A.M.JACI""",VIA CESARE BATTISTI 88,98122,F158,MESSINA,NORMALE,ISTITUTO TECNICO COMMERCIALE,NO,Non Disponibile,MEIS03700V@istruzione.it,Non Disponibile,www.jaci.edu.it,SI
202526,ISOLE,SICILIA,CALTANISSETTA,CLIS022009,"I.I.S. ""E. MORSELLI - L. STURZO""",CLTD022511,CORSO SERALE A.F.M. - GELA,Non Disponibile,Non Disponibile,D960,GELA,PERCORSO II LIVELLO,ISTITUTO TECNICO COMMERCIALE,NO,Non Disponibile,CLIS022009@istruzione.it,Non Disponibile,www.morsellisturzo.edu.it,NO
202526,ISOLE,SICILIA,PALERMO,PAIS01100C,I.I.S.S. LERCARA FRIDDI,PATL011015,I.T.G. DI VICARI,VIA SOPRA LE AIE,90020,L837,VICARI,NORMALE,ISTITUTO TECNICO PER GEOMETRI,NO,Non Disponibile,PAIS01100C@istruzione.it,Non Disponibile,www.iislercarafriddi.it,SI
202526,ISOLE,SICILIA,PALERMO,PAIS02300P,F. FERRARA,PATD023011,F. FERRARA,VIA SGARLATA 11,90133,G273,PALERMO,NORMALE,ISTITUTO TECNICO COMMERCIALE,NO,Non Disponibile,PAIS02300P@istruzione.it,Non Disponibile,www.iissfrancescoferrara.gov.it,SI
202526,ISOLE,SICILIA,PALERMO,PAIS00800L,EMANUELE BASILE - MARIO D'ALEO,PATA00801C,E. BASILE,VIA TRAPPETO,90040,H797,SAN CIPIRELLO,NORMALE,ISTITUTO TECNICO AGRARIO,NO,Non Disponibile,PAIS00800L@istruzione.it,Non Disponibile,https//iisbasiledaleo.edu.it/,SI
202526,ISOLE,SICILIA,MESSINA,MEIS00900P,I.S.MINUTOLI MESSINA,METL00901B,G. MINUTOLI,FONDO FUCILE C.DA GAZZI,98147,F158,MESSINA,NORMALE,ISTITUTO TECNICO PER GEOMETRI,NO,Non Disponibile,MEIS00900P@istruzione.it,Non Disponibile,www.istitutosuperioreminutoli.gov.it,SI
202526,ISOLE,SICILIA,TRAPANI,TPIS01400B,"I.I.S.S. ""R. D'ALTAVILLA -",TPTF014519,"I.T.I. ""R. D'ALTAVILLA"" SERALE - MAZARA",C/DA AFFACCIATA - PIAZZA SANDRO PERTINI,91026,F061,MAZARA DEL VALLO,PERCORSO II LIVELLO,ISTITUTO TECNICO INDUSTRIALE,NO,Non Disponibile,TPIS01400B@istruzione.it,Non Disponibile,www.isruggierodaltavilla.edu.it,NO
202526,ISOLE,SICILIA,CATANIA,CTIS04900A,"I.S. ""MAJORANA-ARCOLEO""",CTTD04901L,ITC G. ARCOLEO - CALTAGIRONE,VIALE AUTONOMIA N.6,95041,B428,CALTAGIRONE,NORMALE,ISTITUTO TECNICO COMMERCIALE,NO,Non Disponibile,CTIS04900A@istruzione.it,Non Disponibile,www.ismajoranarcoleo.edu.it,SI
202526,ISOLE,SICILIA,MESSINA,MEIS03700V,"I.I.S. ""A.M.JACI - CAIO DUILIO""",METH037518,ITTL CAIO DUILIO MESSINA CORSO SERALE,VIA GIUSEPPE LA FARINA 70,98123,F158,MESSINA,PERCORSO II LIVELLO,ISTITUTO TECNICO NAUTICO,NO,Non Disponibile,MEIS03700V@istruzione.it,Non Disponibile,www.jaci.edu.it,NO
202526,ISOLE,SICILIA,MESSINA,METF040006,I.T.I.TORRICELLI - G.TOMASI DI LAMPEDUSA,METF040006,I.T.I.TORRICELLI - G.TOMASI DI LAMPEDUSA,VIA VALLONE POSTA SNC,98076,I199,SANT'AGATA DI MILITELLO,NORMALE,ISTITUTO TECNICO INDUSTRIALE,SI,Non Disponibile,METF040006@istruzione.it,metf040006@pec.istruzione.it,www.itisetorricelli.edu.it,SI
202526,ISOLE,SICILIA,SIRACUSA,SRIS016007,"""MATTEO RAELI""",SRTL01601X,M. CARNILIVARI,VIA PLATONE 4,96017,F943,NOTO,NORMALE,ISTITUTO TECNICO PER GEOMETRI,NO,Non Disponibile,SRIS016007@istruzione.it,Non Disponibile,https//www.istitutoraelinoto.edu.it/,SI
202526,ISOLE,SICILIA,SIRACUSA,SRIS011004,"""PIER LUIGI NERVI- ALAIMO "" LENTINI",SRTL01101R,PIER LUIGI NERVI,VIA R. DA LENTINI 89,96016,E532,LENTINI,NORMALE,ISTITUTO TECNICO PER GEOMETRI,NO,Non Disponibile,SRIS011004@istruzione.it,Non Disponibile,https//www.istitutonervialaimo.edu.it/,SI
202526,ISOLE,SICILIA,PALERMO,PAIS034005,ISTITUTO SUPERIORE O.M.CORBINO PARTINICO,PATF03401N,ISTITUTO SUPERIORE ITI O.M. CORBINO,VIA CATANZARO 3,90047,G348,PARTINICO,NORMALE,ISTITUTO TECNICO INDUSTRIALE,NO,Non Disponibile,PAIS034005@istruzione.it,Non Disponibile,WWW.IIS-ORSOCORBINO.GOV.IT,SI
202526,ISOLE,SICILIA,ENNA,ENIS01900T,"I.I.S. ""F.LLI TESTA""",ENTD019014,ALESSANDRO VOLTA,VIALE VITTORIO VENETO 59,94014,F892,NICOSIA,NORMALE,IST TEC COMMERCIALE E PER GEOMETRI,NO,Non Disponibile,ENIS01900T@istruzione.it,Non Disponibile,www.liceotesta.it,SI
202526,ISOLE,SICILIA,CATANIA,CTIS007008,I.S.I.S. D. ABRUZZI POLITECNICO DEL MARE,CTTH007018,DUCA DEGLI ABRUZZI,VIALE ARTALE ALAGONA 99,95126,C351,CATANIA,NORMALE,ISTITUTO TECNICO NAUTICO,NO,Non Disponibile,CTIS007008@istruzione.it,Non Disponibile,www.politecnicodelmare.edu.it,SI
202526,ISOLE,SICILIA,CATANIA,CTTD22000N,"I.T.E.T. ""ENRICO DE NICOLA""",CTTD22000N,"I.T.E.T. ""ENRICO DE NICOLA""",VIA G. MOTTA 85,95037,H922,SAN GIOVANNI LA PUNTA,NORMALE,IST TEC COMMERCIALE E PER GEOMETRI,SI,Non Disponibile,CTTD22000N@istruzione.it,cttd22000n@pec.istruzione.it,https//www.denicola.edu.it,SI
202526,ISOLE,SICILIA,PALERMO,PAIS018007,I.I.S. P. DOMINA PETRALIA SOTTANA,PATF01801Q,"I.T.I. ""ELETTRONICA ED ELETTROTECNICA """,CORSO UMBERTO I,90026,G510,PETRALIA SOPRANA,NORMALE,ISTITUTO TECNICO INDUSTRIALE,NO,Non Disponibile,PAIS018007@istruzione.it,Non Disponibile,https//iispietrodomina.edu.it,SI
202526,ISOLE,SICILIA,PALERMO,PAIS03600R,"I.I.S.S. "" GIOENI - TRABIA """,PATH03601R,"ITTL ""GIOENI - TRABIA""",VIA VITTORIO EMANUELE 27,90133,G273,PALERMO,NORMALE,ISTITUTO TECNICO NAUTICO,NO,Non Disponibile,PAIS03600R@istruzione.it,Non Disponibile,www.nauticopa.edu.it,SI
202526,ISOLE,SICILIA,CATANIA,CTIS05600D,ISTITUTO SUPERIORE VIZZINI,CTTD05601Q,I.S. MAJORANA AFM - TURISTICO VIZZINI,VIA BUCCHERI,95049,M100,VIZZINI,NORMALE,ISTITUTO TECNICO COMMERCIALE,NO,Non Disponibile,CTIS05600D@istruzione.it,Non Disponibile,www.icvizzini.edu.it,SI
202526,ISOLE,SICILIA,TRAPANI,TPIS01400B,"I.I.S.S. ""R. D'ALTAVILLA -",TPTF01401X,"I.T.I. ""R. D'ALTAVILLA"" MAZARA DEL VALLO",C/DA AFFACCIATA - PIAZZA SANDRO PERTINI,91026,F061,MAZARA DEL VALLO,NORMALE,ISTITUTO TECNICO INDUSTRIALE,NO,Non Disponibile,TPIS01400B@istruzione.it,Non Disponibile,www.isruggierodaltavilla.edu.it,SI
202526,ISOLE,SICILIA,CATANIA,CTTD18000C,PIETRO BRANCHINA,CTTD18000C,PIETRO BRANCHINA,VIA PASQUALE SIMONE NERI 11,95031,A056,ADRANO,NORMALE,IST TEC COMMERCIALE E PER GEOMETRI,SI,Non Disponibile,CTTD18000C@istruzione.it,cttd18000c@pec.istruzione.it,www.branchina.edu.it,SI
202526,ISOLE,SICILIA,ENNA,ENIS02100T,"I.I.S. ""A. LINCOLN""",ENTD021014,DUCA D'AOSTA,VIA SALVATORE MAZZA 3/5,94100,C342,ENNA,NORMALE,ISTITUTO TECNICO COMMERCIALE,NO,Non Disponibile,ENIS02100T@istruzione.it,Non Disponibile,http//www.iisabramolincolnenna.gov.it,SI
202526,ISOLE,SICILIA,SIRACUSA,SRIS011004,"""PIER LUIGI NERVI- ALAIMO "" LENTINI",SRTD01151Q,IST. TEC. COMM. SERALE,VIA RICCARDO DA LENTINI 89B,96016,E532,LENTINI,PERCORSO II LIVELLO,ISTITUTO TECNICO COMMERCIALE,NO,Non Disponibile,SRIS011004@istruzione.it,Non Disponibile,www.istitutonervialaimo.edu.it/,NO
202526,ISOLE,SICILIA,TRAPANI,TPIS01800P,"IST. ISTRUZ. SUP. ""L.DA VINCI"" TRAPANI",TPTH01801P,"I.T.N. ""MARINO TORRE"" TRAPANI",VIALE REGINA ELENA N.94,91100,L331,TRAPANI,NORMALE,ISTITUTO TECNICO NAUTICO,NO,Non Disponibile,TPIS01800P@istruzione.it,Non Disponibile,www.isdavincitorre.eu,SI
202526,ISOLE,SICILIA,MESSINA,MEIS023001,IIS BORGHESE - FARANDA - PATTI,METD02351L,IST.TECNICO COMMERCIALE BORGHESE,VIA MONSIGNORE A.FICARRA,Non Disponibile,G377,PATTI,PERCORSO II LIVELLO,ISTITUTO TECNICO COMMERCIALE,NO,Non Disponibile,MEIS023001@istruzione.it,Non Disponibile,wwwiisborghesefaranda.edu.it,NO
202526,ISOLE,SICILIA,PALERMO,PAIS04400Q,IS DUCA ABRUZZI - E. PARETO,PATD04451B,ITC. DUCA ABRUZZI- GRASSI,VIA FAZIO 1,90146,G273,PALERMO,PERCORSO II LIVELLO,IST TEC COMMERCIALE E PER GEOMETRI,NO,Non Disponibile,PAIS04400Q@istruzione.it,Non Disponibile,www.iisdalessandro.com,NO
202526,ISOLE,SICILIA,SIRACUSA,SRIS009004,"IS ""RUIZ"" DI AUGUSTA",SRTF00904Q,IST.TEC. SETT.TECNOLOGICO,Non Disponibile,96010,M279,PRIOLO GARGALLO,NORMALE,ISTITUTO TECNICO INDUSTRIALE,NO,Non Disponibile,SRIS009004@istruzione.it,Non Disponibile,www.2superioreaugusta.edu.it,SI
202526,ISOLE,SICILIA,AGRIGENTO,AGIS027004,IIS - GALILEO GALILEI,AGTD02702B,"""FEDERICO II""",VIA BANDINO,92028,F845,NARO,NORMALE,ISTITUTO TECNICO COMMERCIALE,NO,Non Disponibile,AGIS027004@istruzione.it,Non Disponibile,www.GALILEICANICATTI.GOV.IT,SI
202526,ISOLE,SICILIA,AGRIGENTO,AGIS01100E,IIS - ENRICO FERMI - RE CAPRIATA,AGTL011017,INES GIGANTI CURELLA,VIA FILIPPO RE GRILLO (C. DA CANNELLE),92027,E573,LICATA,NORMALE,ISTITUTO TECNICO PER GEOMETRI,NO,Non Disponibile,AGIS01100E@istruzione.it,Non Disponibile,www.fermilicata.edu.it,SI
202526,ISOLE,SICILIA,SIRACUSA,SRIS017003,"""ARCHIMEDE"" ROSOLINI",SRTF01701G,ISTITUTO TECNICO INDUSTRIALE STATALE,SANTA ALESSANDRA KM1,96019,H574,ROSOLINI,NORMALE,ISTITUTO TECNICO INDUSTRIALE,NO,Non Disponibile,SRIS017003@istruzione.it,Non Disponibile,www.istitutosuperiorearchimede.edu.it,SI
202526,ISOLE,SICILIA,MESSINA,METF03000G,ITT-LSSA COPERNICO,METF03000G,ITT-LSSA COPERNICO,VIA ROMA 250,98051,A638,BARCELLONA POZZO DI GOTTO,NORMALE,ISTITUTO TECNICO INDUSTRIALE,SI,Non Disponibile,METF03000G@istruzione.it,metf03000g@pec.istruzione.it,www.istitutocopernico.edu.it,SI
202526,ISOLE,SICILIA,PALERMO,PAIS01100C,I.I.S.S. LERCARA FRIDDI,PATD011503,M.PICONE,C.DA CATUSI,90038,H070,PRIZZI,PERCORSO II LIVELLO,ISTITUTO TECNICO COMMERCIALE,NO,Non Disponibile,PAIS01100C@istruzione.it,Non Disponibile,www.iisslercarafriddi.it,NO
202526,ISOLE,SICILIA,TRAPANI,TPIS01400B,"I.I.S.S. ""R. D'ALTAVILLA -",TPTL01402L,SEZ. STACC. I.T.G. PETROSINO,C.DA TORREGGIANO - VIA R.R. SORRENTINO,91020,M281,PETROSINO,NORMALE,ISTITUTO TECNICO PER GEOMETRI,NO,Non Disponibile,TPIS01400B@istruzione.it,Non Disponibile,www.isruggierodaltavilla.edu.it,SI
202526,ISOLE,SICILIA,RAGUSA,RGIS00600Q,GIORGIO LA PIRA,RGTH006504,IST.TECNOL.NAUTICO SERALE G. LA PIRA -,VIA E. GIUNTA 5,97016,G953,POZZALLO,PERCORSO II LIVELLO,ISTITUTO TECNICO NAUTICO,NO,Non Disponibile,RGIS00600Q@istruzione.it,Non Disponibile,ISLAPIRA.EDU.IT,NO
202526,ISOLE,SICILIA,AGRIGENTO,AGIS026008,IIS - ARCHIMEDE,AGTF02601R,"ITI ""ARCHIMEDE""",VIA G. BONFIGLIO44,92022,B486,CAMMARATA,NORMALE,ISTITUTO TECNICO INDUSTRIALE,NO,Non Disponibile,AGIS026008@istruzione.it,Non Disponibile,www.iiss-archimede.edu.it,SI
202526,ISOLE,SICILIA,TRAPANI,TPTD03000E,"I.T.E.T. ""G. GARIBALDI"" MARSALA",TPTD03050X,"I.T.E.T. ""GARIBALDI"" CORSO SERALE",VIA DANTE ALIGHIERI 120,91025,E974,MARSALA,PERCORSO II LIVELLO,ISTITUTO TECNICO COMMERCIALE,NO,Non Disponibile,TPTD03000E@istruzione.it,Non Disponibile,www.itetgaribaldi.edu.it,NO
202526,ISOLE,SICILIA,PALERMO,PAIS02400E,E. MEDI,PATF024013,ENRICO MEDI,VIA LEONARDO DA VINCI 364,90135,G273,PALERMO,NORMALE,ISTITUTO TECNICO INDUSTRIALE,NO,Non Disponibile,PAIS02400E@istruzione.it,Non Disponibile,https//www.iissenricomedi.edu.it/,SI
202526,ISOLE,SICILIA,PALERMO,PATD09000P,CARLO ALBERTO DALLA CHIESA,PATD09000P,CARLO ALBERTO DALLA CHIESA,CORSO DEI MILLE 517,90047,G348,PARTINICO,NORMALE,IST TEC COMMERCIALE E PER GEOMETRI,SI,Non Disponibile,PATD09000P@istruzione.it,patd09000p@pec.istruzione.it,www.itdallachiesa.edu.it,SI
202526,ISOLE,SICILIA,PALERMO,PAIS018007,I.I.S. P. DOMINA PETRALIA SOTTANA,PATF018504,IST.TECN.INDUSTR.PETRALIA SOPRANA SERALE,CORSO UMBERTO I,90026,G510,PETRALIA SOPRANA,PERCORSO II LIVELLO,ISTITUTO TECNICO INDUSTRIALE,NO,Non Disponibile,PAIS018007@istruzione.it,Non Disponibile,https//iispietrodomina.edu.it,NO
202526,ISOLE,SICILIA,MESSINA,MEIS03300G,"I.I.S.S. ""PUGLIATTI "" TAORMINA",METD03301T,"I.I.S.S. ""PUGLIATTI "" TAORMINA",CONTRADA ARANCIO SNC,98039,L042,TAORMINA,NORMALE,ISTITUTO TECNICO COMMERCIALE,NO,Non Disponibile,MEIS03300G@istruzione.it,Non Disponibile,www.iisspugliatti.edu.it,SI
202526,ISOLE,SICILIA,RAGUSA,RGIS003008,GIOSUE' CARDUCCI,RGTD00301E,IST. TECN. ECONOMICO G. CARDUCCI,VIA HO CHI MIN,97013,C927,COMISO,NORMALE,ISTITUTO TECNICO COMMERCIALE,NO,Non Disponibile,RGIS003008@istruzione.it,Non Disponibile,www.istitutocarducci.gov.it,SI
202526,ISOLE,SICILIA,CALTANISSETTA,CLIS01900D,"I.I.S. ""A. VOLTA""",CLTF019012,"""A. VOLTA""",VIA MARTOGLIO,93100,B429,CALTANISSETTA,NORMALE,ISTITUTO TECNICO INDUSTRIALE,NO,Non Disponibile,CLIS01900D@istruzione.it,Non Disponibile,www.liceoscientificovolta.edu.it,SI
202526,ISOLE,SICILIA,CATANIA,CTTD160007,"I.T.E.""GIOACCHINO RUSSO""",CTTD160007,"I.T.E.""GIOACCHINO RUSSO""",VIA PARINIS.N.,95047,G371,PATERNO',NORMALE,ISTITUTO TECNICO COMMERCIALE,SI,Non Disponibile,CTTD160007@istruzione.it,cttd160007@pec.istruzione.it,www.iterusso.edu.it,SI
202526,ISOLE,SICILIA,CATANIA,CTIS01700V,IS G. B. VACCARINI,CTTF01701B,VACCARINI,VIA ORCHIDEA 9,95123,C351,CATANIA,NORMALE,ISTITUTO TECNICO INDUSTRIALE,NO,Non Disponibile,CTIS01700V@istruzione.it,Non Disponibile,www.vaccarinict.edu.it/,SI
202526,ISOLE,SICILIA,CATANIA,CTIS03300R,I.S. G. FERRARIS,CTTF033019,ITI G. FERRARIS,VIA TRAPANI N.4,95024,A028,ACIREALE,NORMALE,ISTITUTO TECNICO INDUSTRIALE,NO,Non Disponibile,CTIS03300R@istruzione.it,Non Disponibile,www.iissferraris.edu.it,SI
202526,ISOLE,SICILIA,PALERMO,PAIS027002,A. VOLTA,PATF02701E,A. VOLTA,PASSAGGIO DEI PICCIOTTI 1,90123,G273,PALERMO,NORMALE,ISTITUTO TECNICO INDUSTRIALE,NO,Non Disponibile,PAIS027002@istruzione.it,Non Disponibile,www.iissvolta.edu.it,SI
202526,ISOLE,SICILIA,RAGUSA,RGTD03000T,F. BESTA,RGTD03002X,SEZ.STACCATA ITC BESTA RAGUSA,PIAZZA DEGLI STUDI,97017,I178,SANTA CROCE CAMERINA,NORMALE,ISTITUTO TECNICO COMMERCIALE,NO,Non Disponibile,RGTD03000T@ISTRUZIONE.IT,Non Disponibile,www.itcbesta.edu.it,SI
202526,ISOLE,SICILIA,CALTANISSETTA,CLIS01200P,"I.I.S. ""S. MOTTURA""",CLTF012017,SETTORE TECNOLOGICO S. MOTTURA,VIALE DELLA REGIONE 71,93100,B429,CALTANISSETTA,NORMALE,ISTITUTO TECNICO INDUSTRIALE,NO,Non Disponibile,CLIS01200P@istruzione.it,Non Disponibile,www.istitutomottura.edu.it,SI
202526,ISOLE,SICILIA,PALERMO,PAIS013004,IISS STENIO,PATF01301L,ISTITUTO TEC.INDUS.DI CERDA,VIA ROMA N. 42,90010,C496,CERDA,NORMALE,ISTITUTO TECNICO INDUSTRIALE,NO,Non Disponibile,PAIS013004@istruzione.it,Non Disponibile,www.stenio.gov.it,SI
202526,ISOLE,SICILIA,PALERMO,PAIS02300P,F. FERRARA,PATD02351A,F. FERRARA - SERALE,VIA SGARLATA 11,90133,G273,PALERMO,PERCORSO II LIVELLO,ISTITUTO TECNICO COMMERCIALE,NO,Non Disponibile,PAIS02300P@istruzione.it,Non Disponibile,www.francescoferrara.org,NO
202526,ISOLE,SICILIA,CATANIA,CTIS01100X,IISS BENEDETTO RADICE,CTTD01151G,BENEDETTO RADICE - SERALE,VIA SELVAGGI S.N.,95034,B202,BRONTE,PERCORSO II LIVELLO,ISTITUTO TECNICO COMMERCIALE,NO,Non Disponibile,CTIS01100X@istruzione.it,Non Disponibile,www.isradice.edu.it,NO
202526,ISOLE,SICILIA,CATANIA,CTIS04300B,MARCONI-MANGANO,CTTF043508,CORSO SERALE ISTITUTO TECNICO INDUSTR.,VIA VESCOVO MAURIZIO 82,95126,C351,CATANIA,PERCORSO II LIVELLO,ISTITUTO TECNICO INDUSTRIALE,NO,Non Disponibile,CTIS04300B@istruzione.it,Non Disponibile,http//www.itimarconi.ct.it,NO
202526,ISOLE,SICILIA,MESSINA,METD08000A,"ITET ""E. FERMI"" ECONOMICO E TECNOLOGICO",METD08000A,"ITET ""E. FERMI"" ECONOMICO E TECNOLOGICO",VIA PITAGORA 42,98051,A638,BARCELLONA POZZO DI GOTTO,NORMALE,IST TEC COMMERCIALE E PER GEOMETRI,SI,Non Disponibile,METD08000A@istruzione.it,metd08000a@pec.istruzione.it,www.itcgtfermi.edu.it,SI
202526,ISOLE,SICILIA,MESSINA,MEIS00900P,I.S.MINUTOLI MESSINA,METL00951R,G. MINUTOLI (CORSO SERALE),FONDO FUCILE C.DA GAZZI,98147,F158,MESSINA,PERCORSO II LIVELLO,ISTITUTO TECNICO PER GEOMETRI,NO,Non Disponibile,MEIS00900P@istruzione.it,Non Disponibile,www.istitutosuperioreminutoli.gov.it,NO
202526,ISOLE,SICILIA,AGRIGENTO,AGIS02300R,IIS - N. GALLO - L. SCIASCIA,AGTD023024,LEONARDO SCIASCIA,VIA GIORGIO LA PIRA 10,92014,F299,PORTO EMPEDOCLE,NORMALE,ISTITUTO TECNICO COMMERCIALE,NO,Non Disponibile,AGIS02300R@istruzione.it,Non Disponibile,www.istitutosuperiorecrispiribera.gov.it,NO
202526,ISOLE,SICILIA,CATANIA,CTIS016003,FRANCESCO REDI,CTTF01650X,GALILEO FERRARIS SERALE,VIA LEONARDO SCIASCIA 3,95032,A766,BELPASSO,PERCORSO II LIVELLO,ISTITUTO TECNICO INDUSTRIALE,NO,Non Disponibile,CTIS016003@istruzione.it,Non Disponibile,WWW.isfrancescoredi.gov.it,NO
202526,ISOLE,SICILIA,PALERMO,PAIS03800C,PIO LA TORRE,PATD03801P,"I.T. ECONOMICO E TURISMO ""PIO LA TORRE""",VIA NINA SICILIANA 22,90135,G273,PALERMO,NORMALE,ISTITUTO TECNICO COMMERCIALE,NO,Non Disponibile,PAIS03800C@istruzione.it,Non Disponibile,www.iisspiolatorre.edu.it,SI
202526,ISOLE,SICILIA,SIRACUSA,SRTF01000Q,E.FERMI,SRTF010505,"IST. TEC. IND. E.""FERMI"" SERALE",VIA TORINO N. 137,96100,I754,SIRACUSA,PERCORSO II LIVELLO,ISTITUTO TECNICO INDUSTRIALE,NO,Non Disponibile,SRTF01000Q@istruzione.it,Non Disponibile,www.fermisiracusa.it,NO
202526,ISOLE,SICILIA,TRAPANI,TPIS02200A,"I.I.S.S. ""SCIASCIA E BUFALINO"" ERICE",TPTD02202N,"IST.TEC. ECONOMICO ""SCIASCIA E BUFALINO""",VIA CESARO' N.36,91016,D423,ERICE,NORMALE,ISTITUTO TECNICO COMMERCIALE,NO,Non Disponibile,TPIS02200A@istruzione.it,Non Disponibile,www.sciasciaebufalino.edu.it/,SI
202526,ISOLE,SICILIA,PALERMO,PAIS04400Q,IS DUCA ABRUZZI - E. PARETO,PATD044012,ITCG E TURISMO DUCA ABRUZZI - GRASSI,VIA FAZIO N. 1,90143,G273,PALERMO,NORMALE,IST TEC COMMERCIALE E PER GEOMETRI,NO,Non Disponibile,PAIS04400Q@istruzione.it,Non Disponibile,https//www.isducaeinaudipareto.edu.it/,SI
202526,ISOLE,SICILIA,PALERMO,PAIS02800T,E ASCIONE,PATF02801A,E. ASCIONE,VIA CENTURIPE 11,90135,G273,PALERMO,NORMALE,ISTITUTO TECNICO INDUSTRIALE,NO,Non Disponibile,PAIS02800T@istruzione.it,Non Disponibile,www.iissernestoascione.edu.it,SI
202526,ISOLE,SICILIA,CATANIA,CTIS04200G,I.S. RAMACCA - PALAGONIA,CTTD042506,IT COMM. SERALE PALAGONIA,VIA C. BATTISTI S.N.,95046,G253,PALAGONIA,PERCORSO II LIVELLO,ISTITUTO TECNICO COMMERCIALE,NO,Non Disponibile,CTIS04200G@istruzione.it,Non Disponibile,www.iissramacca-palagonia.gov.it,NO
202526,ISOLE,SICILIA,AGRIGENTO,AGIS02400L,IIS - ENRICO FERMI,AGTF024015,E. FERMI,VIA MINIERA TACCIA CACI PIRANDELLO,92021,A351,ARAGONA,NORMALE,ISTITUTO TECNICO INDUSTRIALE,NO,Non Disponibile,AGIS02400L@istruzione.it,Non Disponibile,www.iissfermi.edu.it,SI
202526,ISOLE,SICILIA,CATANIA,CTIS01700V,IS G. B. VACCARINI,CTTL01701G,G. B. VACCARINI,VIA ORCHIDEA 9,95123,C351,CATANIA,NORMALE,ISTITUTO TECNICO PER GEOMETRI,NO,Non Disponibile,CTIS01700V@istruzione.it,Non Disponibile,www.vaccarinict.it/,SI
202526,ISOLE,SICILIA,CATANIA,CTIS03800X,I.I.S. FERMI EREDIA,CTTA038504,F.EREDIA CORSO SERALE,VIA DEL BOSCO N.43,95125,C351,CATANIA,PERCORSO II LIVELLO,ISTITUTO TECNICO AGRARIO,NO,Non Disponibile,CTIS03800X@istruzione.it,Non Disponibile,www.FERMIEREDIA.IT,NO
202526,ISOLE,SICILIA,SIRACUSA,SRIS029009,L. EINAUDI,SRTL029034,IIS EINAUDI ITG CASA CIRCOND. CAVADONNA,STR. MONASTERI 20,96100,D636,FLORIDIA,SPEC. PER CARCERARI,ISTITUTO TECNICO PER GEOMETRI,NO,Non Disponibile,SRIS029009@istruzione.it,Non Disponibile,http//www.istitutoraelinoto.gov.it/,SI
202526,ISOLE,SICILIA,MESSINA,METD05000E,I.T. L.DA VINCI ECONOMICO TECNOLOGICO,METD05050X,L. DA VINCI,Non Disponibile,Non Disponibile,F206,MILAZZO,PERCORSO II LIVELLO,IST TEC COMMERCIALE E PER GEOMETRI,NO,Non Disponibile,METD05000E@istruzione.it,Non Disponibile,www.davincimilazzo.edu.it,NO
202526,ISOLE,SICILIA,MESSINA,METF020001,ISTITUTO TECNICO TECNOLOGICO E.MAJORANA,METF020001,ISTITUTO TECNICO TECNOLOGICO E.MAJORANA,VIA TRE MONTI 4,98057,F206,MILAZZO,NORMALE,ISTITUTO TECNICO INDUSTRIALE,SI,Non Disponibile,METF020001@istruzione.it,metf020001@pec.istruzione.it,www.itimajorana.edu.it,SI
202526,ISOLE,SICILIA,CATANIA,CTIS04900A,"I.S. ""MAJORANA-ARCOLEO""",CTTD049512,I.T.C. SERALE CALTAGIORNE,VIALE AUTONOMIA 6,95041,B428,CALTAGIRONE,PERCORSO II LIVELLO,ISTITUTO TECNICO COMMERCIALE,NO,Non Disponibile,CTIS04900A@istruzione.it,Non Disponibile,www.ismajoranarcoleo.edu.it,NO
202526,ISOLE,SICILIA,CATANIA,CTIS03300R,I.S. G. FERRARIS,CTTF03350N,GALILEO FERRARIS CORSO SERALE,Non Disponibile,Non Disponibile,A028,ACIREALE,PERCORSO II LIVELLO,ISTITUTO TECNICO INDUSTRIALE,NO,Non Disponibile,CTIS03300R@istruzione.it,Non Disponibile,http//www.iissferraris.edu.it,NO
202526,ISOLE,SICILIA,AGRIGENTO,AGIS01700D,IIS - LUIGI PIRANDELLO,AGTD01701Q,LORENZO PANEPINTO,C.DA SANTA FILOMENA SNC,92010,A896,BIVONA,NORMALE,IST TEC COMMERCIALE E PER GEOMETRI,NO,Non Disponibile,AGIS01700D@istruzione.it,Non Disponibile,www.liceobivona.altervista.org,SI
202526,ISOLE,SICILIA,PALERMO,PAIS02200V,JACOPO DEL DUCA - DIEGO BIANCA AMATO,PATD02251E,JACOPO DEL DUCA,VIA PIETRAGROSSA 68,90015,C421,CEFALU',PERCORSO II LIVELLO,IST TEC COMMERCIALE E PER GEOMETRI,NO,Non Disponibile,PAIS02200V@istruzione.it,Non Disponibile,www.delduca-biancaamato.it,NO
202526,ISOLE,SICILIA,ENNA,ENIS00700G,"I.I.S. ""E. MAJORANA-GEN. A. CASCINO""",ENTF00750C,CORSO SERALE TURISMO - PIAZZA ARM.,PIAZZA SENATORE MARESCALCHI,94015,G580,PIAZZA ARMERINA,PERCORSO II LIVELLO,ISTITUTO TECNICO INDUSTRIALE,NO,Non Disponibile,ENIS00700G@istruzione.it,Non Disponibile,www.itispiazza.gov.it,NO
202526,ISOLE,SICILIA,RAGUSA,RGIS01300V,GALILEO FERRARIS,RGTF01301B,IST. TECNOL. ETTORE MAJORANA,VIA PIETRO NENNI,97100,H163,RAGUSA,NORMALE,ISTITUTO TECNICO INDUSTRIALE,NO,Non Disponibile,RGIS01300V@istruzione.it,Non Disponibile,www.istitutoferraris.it,SI
202526,ISOLE,SICILIA,CALTANISSETTA,CLIS016002,"I.I.S. ""G.B. HODIERNA""",CLTD016018,G. B. HODIERNA,CONTRADA PRATO,93014,F830,MUSSOMELI,NORMALE,IST TEC COMMERCIALE E PER GEOMETRI,NO,Non Disponibile,CLIS016002@istruzione.it,Non Disponibile,www.iishodierna.edu.it,SI
202526,ISOLE,SICILIA,AGRIGENTO,AGIS01600N,IIS - DON MICHELE ARENA,AGTD016519,"""DON MICHELE ARENA"" - CORSO SERALE",VIA GIOTTO 20,92019,I533,SCIACCA,PERCORSO II LIVELLO,ISTITUTO TECNICO COMMERCIALE,NO,Non Disponibile,AGIS01600N@istruzione.it,Non Disponibile,iissarena.edu.it,NO
202526,ISOLE,SICILIA,MESSINA,MEIS027008,VERONA TRENTO - MESSINA,METF027505,IST TECN. TECNOL. VERONA TRENTO SERALE,VIA UGO BASSI IS. 148,98122,F158,MESSINA,PERCORSO II LIVELLO,ISTITUTO TECNICO INDUSTRIALE,NO,Non Disponibile,MEIS027008@istruzione.it,Non Disponibile,http//www.veronatrento.it,NO
202526,ISOLE,SICILIA,MESSINA,MEIS03300G,"I.I.S.S. ""PUGLIATTI "" TAORMINA",METD033506,IST TEC. COMM.LE PUGLIATTI SERALE,CONTRADA ARANCIO SNC,98039,L042,TAORMINA,PERCORSO II LIVELLO,ISTITUTO TECNICO COMMERCIALE,NO,Non Disponibile,MEIS03300G@istruzione.it,Non Disponibile,http//www.iisspugliatti.edu.it,NO
202526,ISOLE,SICILIA,CATANIA,CTIS04200G,I.S. RAMACCA - PALAGONIA,CTTD04202V,IGEA RAMACCA,VIA FASTUCHERIA 48,95040,H168,RAMACCA,NORMALE,ISTITUTO TECNICO COMMERCIALE,NO,Non Disponibile,CTIS04200G@istruzione.it,Non Disponibile,www.iisramacca-palagonia.gov.it,SI
202526,ISOLE,SICILIA,MESSINA,MEIS001004,I.S.MISTRETTA MANZONI,METD00101A,"""ARCANGELO FLORENA""",VIA MARINA,98077,I370,SANTO STEFANO DI CAMASTRA,NORMALE,ISTITUTO TECNICO COMMERCIALE,NO,Non Disponibile,MEIS001004@istruzione.it,Non Disponibile,https//www.iismanzoni.edu.it/,SI
202526,ISOLE,SICILIA,PALERMO,PAIS03200D,DAMIANI ALMEYDA - FRANCESCO CRISPI,PATD03201Q,TD CRISPI,L.GO MARIO MINEO4,90145,G273,PALERMO,NORMALE,ISTITUTO TECNICO COMMERCIALE,NO,Non Disponibile,PAIS03200D@istruzione.it,Non Disponibile,https//www.iisdamianialmeyda-crispi.edu.it,SI
202526,ISOLE,SICILIA,SIRACUSA,SRIS024006,"I.S. ""RIZZA-INSOLERA""",SRTD02401C,"I.S. ""RIZZA-INSOLERA""",VIALE A. DIAZ 12,96100,I754,SIRACUSA,NORMALE,ISTITUTO TECNICO COMMERCIALE,NO,Non Disponibile,SRIS024006@istruzione.it,Non Disponibile,www.istitutorizza.edu.it,SI
202526,ISOLE,SICILIA,PALERMO,PAIS026006,ISTITUTO SUPERIORE STATALE MARIO RUTELLI,PATL026518,IST. TECN. PER GEOMETRI RUTELLI - SERALE,PIAZZA GIANGIACOMO CIACCIO MONTALTO 3,90131,G273,PALERMO,PERCORSO II LIVELLO,ISTITUTO TECNICO PER GEOMETRI,NO,Non Disponibile,PAIS026006@istruzione.it,Non Disponibile,www.istitutosuperiorerutellipa.it,NO
202526,ISOLE,SICILIA,TRAPANI,TPIS008004,POLO STATALE I.S.S. PIERSANTI MATTARELLA,TPTD00801A,TECNICO- A.F.M.AMM. FINANZA E MARKETING,VIA LEONARDO DA VINCI 60,91014,B385,CALATAFIMI-SEGESTA,NORMALE,ISTITUTO TECNICO COMMERCIALE,NO,Non Disponibile,TPIS008004@istruzione.it,Non Disponibile,www.mattarelladolci.edu.it,NO
202526,ISOLE,SICILIA,CATANIA,CTIS05400T,I.S. CARRERA MILITELLO,CTTD05450C,CORSO SERALE CARRERA MILITELLO,VIA GRENCHEN SNC,95043,F209,MILITELLO IN VAL DI CATANIA,PERCORSO II LIVELLO,ISTITUTO TECNICO COMMERCIALE,NO,Non Disponibile,CTIS05400T@istruzione.it,Non Disponibile,https//www.istitutocarreramilitello.edu.it/,NO
202526,ISOLE,SICILIA,CATANIA,CTTD160007,"I.T.E.""GIOACCHINO RUSSO""",CTTD16050L,CORSO SERALE,VIA PARINI S.N.,95047,G371,PATERNO',PERCORSO II LIVELLO,ISTITUTO TECNICO COMMERCIALE,NO,Non Disponibile,CTTD160007@istruzione.it,Non Disponibile,www.iterusso.gov.it,NO
202526,ISOLE,SICILIA,RAGUSA,RGIS02100T,ARCHIMEDE,RGTL02101E,IST. TECN. L.B.ALBERTI,VIA FABRIZIO 10,97015,F258,MODICA,NORMALE,ISTITUTO TECNICO PER GEOMETRI,NO,Non Disponibile,RGIS02100T@istruzione.it,Non Disponibile,www.archimedemodica.edu.it,SI
202526,ISOLE,SICILIA,CALTANISSETTA,CLIS022009,"I.I.S. ""E. MORSELLI - L. STURZO""",CLTF02201T,"I.T.T. ""E. MORSELLI""",VIA PITAGORA,93012,D960,GELA,NORMALE,ISTITUTO TECNICO INDUSTRIALE,NO,Non Disponibile,CLIS022009@istruzione.it,Non Disponibile,www.morsellisturzo.edu.it,SI
202526,ISOLE,SICILIA,TRAPANI,TPIS01200Q,"""A. DAMIANI"" MARSALA",TPTA01250X,"I.T.A. ""A. DAMIANI"" CORSO SERALE MARSALA",VIA TRAPANI 218,91025,E974,MARSALA,PERCORSO II LIVELLO,ISTITUTO TECNICO AGRARIO,NO,Non Disponibile,TPIS01200Q@istruzione.it,Non Disponibile,www.istitutodamiani.edu.it,NO
202526,ISOLE,SICILIA,CATANIA,CTTF01000G,ISTITUTO TECNICO ARCHIMEDE,CTTF01000G,ISTITUTO TECNICO ARCHIMEDE,VIALE REGINA MARGHERITA 22,95123,C351,CATANIA,NORMALE,ISTITUTO TECNICO INDUSTRIALE,SI,Non Disponibile,CTTF01000G@istruzione.it,cttf01000g@pec.istruzione.it,www.itarchimede.it,SI
202526,ISOLE,SICILIA,CATANIA,CTTD18000C,PIETRO BRANCHINA,CTTD18001D,ISTITUTO TECNICO INDUSTRIALE - IND CHIM,VIA GIAMBATTISTA VICO 12,95033,A841,BIANCAVILLA,NORMALE,IST TECNICO ECONOMICO E TECNOLOGICO,NO,Non Disponibile,CTTD18000C@istruzione.it,Non Disponibile,WWW.BRANCHINA.EDU.IT,SI
202526,ISOLE,SICILIA,CATANIA,CTTF03000R,ITI CANNIZZARO,CTTF03000R,ITI CANNIZZARO,VIA CARLO PISACANE 1,95122,C351,CATANIA,NORMALE,ISTITUTO TECNICO INDUSTRIALE,SI,Non Disponibile,CTTF03000R@istruzione.it,cttf03000r@pec.istruzione.it,www.cannizzaroct.edu.it,SI
202526,ISOLE,SICILIA,SIRACUSA,SRIS029009,L. EINAUDI,SRTL02951B,"IIS ""L.EINAUDI""-ITG C. SERALE",VIA C.N.AGNELLO 17,96100,I754,SIRACUSA,PERCORSO II LIVELLO,ISTITUTO TECNICO PER GEOMETRI,NO,Non Disponibile,SRIS029009@istruzione.it,Non Disponibile,http//www.istitutoraelinoto.gov.it/,NO
202526,ISOLE,SICILIA,RAGUSA,RGIS00800B,QUINTINO CATAUDELLA,RGTD008502,"I.T.C. ""Q. CATAUDELLA"" - SERALE",VIA PRIMULA,97018,I535,SCICLI,PERCORSO II LIVELLO,ISTITUTO TECNICO COMMERCIALE,NO,Non Disponibile,RGIS00800B@istruzione.it,Non Disponibile,www.istitutocataudella.edu.it,NO
202526,ISOLE,SICILIA,AGRIGENTO,AGIS018009,IIS - GIUDICI SAETTA E LIVATINO,AGTD01801G,GINO ZAPPA,VIA ARCADIPANE 12,Non Disponibile,B520,CAMPOBELLO DI LICATA,NORMALE,ISTITUTO TECNICO COMMERCIALE,NO,Non Disponibile,AGIS018009@istruzione.it,Non Disponibile,WWW.SAETTALIVATINORAVANUSA.IT,SI
202526,ISOLE,SICILIA,TRAPANI,TPIS01400B,"I.I.S.S. ""R. D'ALTAVILLA -",TPTL01452E,ISTITUTO TECNICO PER GEOMETRI,C.DA TORREGGIANO VIA R.R. SORRENTINO,91020,M281,PETROSINO,PERCORSO II LIVELLO,ISTITUTO TECNICO PER GEOMETRI,NO,Non Disponibile,TPIS01400B@istruzione.it,Non Disponibile,www.isruggierodaltavilla.edu.it,NO
202526,ISOLE,SICILIA,AGRIGENTO,AGIS027004,IIS - GALILEO GALILEI,AGTD02701A,ITCG GALILEO GALILEI,VIA PIRANDELLO 4,92024,B602,CANICATTI',NORMALE,IST TEC COMMERCIALE E PER GEOMETRI,NO,Non Disponibile,AGIS027004@istruzione.it,Non Disponibile,www.galileicanicatti.edu.it,SI
202526,ISOLE,SICILIA,CATANIA,CTIS00400R,IIS CUCUZZA - EUCLIDE,CTTA00401L,CUCUZZA-EUCLIDE - SEZ. ITA,VIA DELLE BALATAZZE32,95041,B428,CALTAGIRONE,NORMALE,ISTITUTO TECNICO AGRARIO,NO,Non Disponibile,CTIS00400R@istruzione.it,Non Disponibile,www.iiscucuzzaeuclide.edu.it,SI
202526,ISOLE,SICILIA,CATANIA,CTIS05600D,ISTITUTO SUPERIORE VIZZINI,CTTD056515,I.S. MAJORANA PROFESS. PER L'AGRICOLTURA,VIA BUCCHERI,95049,M100,VIZZINI,PERCORSO II LIVELLO,ISTITUTO TECNICO COMMERCIALE,NO,Non Disponibile,CTIS05600D@istruzione.it,Non Disponibile,https//iosvizzini.edu.it,NO
202526,ISOLE,SICILIA,RAGUSA,RGTD03000T,F. BESTA,RGTD03000T,F. BESTA,VIA ALDO MORO N. 2,97100,H163,RAGUSA,NORMALE,ISTITUTO TECNICO COMMERCIALE,SI,Non Disponibile,RGTD03000T@istruzione.it,rgtd03000t@pec.istruzione.it,www.itcbesta.edu.it,SI
202526,ISOLE,SICILIA,CATANIA,CTIS008004,IS FILIPPO BRUNELLESCHI,CTTN008504,CORSO SERALE TURISMO,VIA GUICCIARDINI SN,95024,A028,ACIREALE,PERCORSO II LIVELLO,ISTITUTO TECNICO PER IL TURISMO,NO,Non Disponibile,CTIS008004@istruzione.it,Non Disponibile,www.iis-brunelleschi.it,NO
202526,ISOLE,SICILIA,CATANIA,CTIS023006,IS CARLO GEMMELLARO,CTTF02301P,GEMMELLARO - INFORMATICA,CORSO INDIPENDENZA 229,95122,C351,CATANIA,NORMALE,ISTITUTO TECNICO INDUSTRIALE,NO,Non Disponibile,CTIS023006@istruzione.it,Non Disponibile,www.iis-gemmellaro.edu.it,SI
202526,ISOLE,SICILIA,CATANIA,CTIS03400L,I.S. DE FELICE GIUFFRIDA - OLIVETTI,CTTD034507,DE FELICE - GIUFFRIDA SERALE,PIAZZA ROMA 4,95125,C351,CATANIA,PERCORSO II LIVELLO,ISTITUTO TECNICO COMMERCIALE,NO,Non Disponibile,CTIS03400L@istruzione.it,Non Disponibile,www.defeliceolivetti.gov.it,NO
202526,ISOLE,SICILIA,PALERMO,PAIS03800C,PIO LA TORRE,PATD038514,ITC. PIO LA TORRE,VIA NINA SICILIANA 22,90135,G273,PALERMO,PERCORSO II LIVELLO,ISTITUTO TECNICO COMMERCIALE,NO,Non Disponibile,PAIS03800C@istruzione.it,Non Disponibile,www.iseinaudipareto.gov.it,NO
202526,ISOLE,SICILIA,TRAPANI,TPIS002005,"I.I.S.S. ""F. D'AGUIRRE - D. ALIGHIERI""",TPTD00201B,IST. TECNICO ECONOMICO - SALEMI,VIA SAN LEONARDO S.N.C.,91018,H700,SALEMI,NORMALE,ISTITUTO TECNICO COMMERCIALE,NO,Non Disponibile,TPIS002005@istruzione.it,Non Disponibile,www.istitutodaguirre.edu.it,SI
202526,ISOLE,SICILIA,RAGUSA,RGIS00600Q,GIORGIO LA PIRA,RGTH00601Q,IST. TECNOL. NAUTICO G.LA PIRA,VIA ENRICO GIUNTA,97016,G953,POZZALLO,NORMALE,ISTITUTO TECNICO NAUTICO,NO,Non Disponibile,RGIS00600Q@istruzione.it,Non Disponibile,WWW.ISLAPIRA.EDU.IT,SI
202526,ISOLE,SICILIA,CATANIA,CTIS001009,I.S. AMARI-RIZZO-PANTANO GIARRE-RIPOSTO,CTTD00101G,E. PANTANO,VIA ROMA 66,95018,H325,RIPOSTO,NORMALE,ISTITUTO TECNICO COMMERCIALE,NO,Non Disponibile,CTIS001009@istruzione.it,Non Disponibile,WWW.IISAMARI.EDU.IT,SI
202526,ISOLE,SICILIA,CALTANISSETTA,CLIS00600B,"I.I.S. ""E. MAJORANA""",CLTL00651D,SERALI CAT IPSS NAUTICO - MAJORANA GELA,VIA PITAGORA 41,93012,D960,GELA,PERCORSO II LIVELLO,ISTITUTO TECNICO PER GEOMETRI,NO,Non Disponibile,CLIS00600B@istruzione.it,Non Disponibile,www.istitutomajoranagela.gov.it,NO
202526,ISOLE,SICILIA,PALERMO,PATF030009,I.T.S.T. VITTORIO EMANUELE III,PATF030009,I.T.S.T. VITTORIO EMANUELE III,VIA DUCA DELLA VERDURA 48,90143,G273,PALERMO,NORMALE,ISTITUTO TECNICO INDUSTRIALE,SI,Non Disponibile,PATF030009@istruzione.it,patf030009@pec.istruzione.it,www.itive3pa.edu.it,SI
202526,ISOLE,SICILIA,ENNA,ENIS01300V,"IST. OMNICOMPRENSIVO ""DON BOSCO-MAJORANA",ENTD013015,ETTORE MAJORANA,VIA ALDO MORO N.147,94018,L448,TROINA,NORMALE,IST TEC COMMERCIALE E PER GEOMETRI,NO,Non Disponibile,ENIS01300V@istruzione.it,Non Disponibile,icdonboscotroina.edu.it,SI
202526,ISOLE,SICILIA,SIRACUSA,SRIS003005,IST.ISTR.SUPERIORE PALAZZOLO ACREIDE,SRTF00301N,TECNICO INDUSTRIALE,VIA ANTONINO UCCELLO,96010,G267,PALAZZOLO ACREIDE,NORMALE,ISTITUTO TECNICO INDUSTRIALE,NO,Non Disponibile,SRIS003005@istruzione.it,Non Disponibile,www.polivalentepalazzolo.edu.it,SI
202526,ISOLE,SICILIA,SIRACUSA,SRIS011004,"""PIER LUIGI NERVI- ALAIMO "" LENTINI",SRTD01102B,IST. TEC. COMM. FRANCOFONTE,C.DA S. ANTONIO S.N.,96015,D768,FRANCOFONTE,NORMALE,ISTITUTO TECNICO COMMERCIALE,NO,Non Disponibile,SRIS011004@istruzione.it,Non Disponibile,https//www.istitutonervialaimo.edu.it/,SI
202526,ISOLE,SICILIA,CATANIA,CTIS01700V,IS G. B. VACCARINI,CTTL017511,G.B. VACCARINI - SERALE,VIA ORCHIDEA,95123,C351,CATANIA,PERCORSO II LIVELLO,ISTITUTO TECNICO PER GEOMETRI,NO,Non Disponibile,CTIS01700V@istruzione.it,Non Disponibile,WWW.VACCARINICT.IT,NO
202526,ISOLE,SICILIA,PALERMO,PAIS026006,ISTITUTO SUPERIORE STATALE MARIO RUTELLI,PATL02601V,IST. TECN. GEOMETRI E TURISMO M.RUTELLI,PIAZZA GIANGIACOMO CIACCIO MONTALTO 3,90131,G273,PALERMO,NORMALE,ISTITUTO TECNICO PER GEOMETRI,NO,Non Disponibile,PAIS026006@istruzione.it,Non Disponibile,www.istitutosuperiorerutellipa.it/,SI
202526,ISOLE,SICILIA,CATANIA,CTIS007008,I.S.I.S. D. ABRUZZI POLITECNICO DEL MARE,CTTH00750L,SERALE IST.TEC NAUTICO ABRUZZI,VIA ARTALE ALAGONA 97,95126,C351,CATANIA,PERCORSO II LIVELLO,ISTITUTO TECNICO NAUTICO,NO,Non Disponibile,CTIS007008@istruzione.it,Non Disponibile,www.politecnicodelmare.it,NO
202526,ISOLE,SICILIA,RAGUSA,RGIS017006,ENRICO FERMI,RGTA01750A,I.T.A. - I.T.C. SERALE E. FERMI,VIA COMO N. 435,97019,M088,VITTORIA,PERCORSO II LIVELLO,ISTITUTO TECNICO AGRARIO,NO,Non Disponibile,RGIS017006@istruzione.it,Non Disponibile,http//www.fermivittoria.it/,NO
202526,ISOLE,SICILIA,AGRIGENTO,AGIS01200A,IIS - CALOGERO AMATO VETRANO,AGTA012016,"IST. TECNICO AGRARIO ""C. AMATO VETRANO""",C/DA MARCHESA,92019,I533,SCIACCA,NORMALE,ISTITUTO TECNICO AGRARIO,NO,Non Disponibile,AGIS01200A@istruzione.it,Non Disponibile,http//www.amatovetranosciacca.edu.it,SI
202526,ISOLE,SICILIA,PALERMO,PAIS01700B,"""G. SALERNO""",PATD017513,"""G. SALERNO"" SERALE",VIA ROCCO CHINNICI S.N.C,90024,D907,GANGI,PERCORSO II LIVELLO,ISTITUTO TECNICO COMMERCIALE,NO,Non Disponibile,PAIS01700B@istruzione.it,Non Disponibile,www.isisgangi.edu.it,NO
202526,ISOLE,SICILIA,MESSINA,METF040006,I.T.I.TORRICELLI - G.TOMASI DI LAMPEDUSA,METF04050G,I.T.I.TORRICELLI-LAMPEDUSA CORSO SERALE,VIA VALLONE POSTA SNC,98076,I199,SANT'AGATA DI MILITELLO,PERCORSO II LIVELLO,ISTITUTO TECNICO INDUSTRIALE,NO,Non Disponibile,METF040006@istruzione.it,Non Disponibile,www.itisetorricelli.edu.it,NO
202526,ISOLE,SICILIA,RAGUSA,RGIS00600Q,GIORGIO LA PIRA,RGTD006012,IST. TECN. ECONOMICO G. LA PIRA,VIA PERTINI,97016,G953,POZZALLO,NORMALE,ISTITUTO TECNICO COMMERCIALE,NO,Non Disponibile,RGIS00600Q@istruzione.it,Non Disponibile,www.islapira.edu.it,SI
202526,ISOLE,SICILIA,CALTANISSETTA,CLIS016002,"I.I.S. ""G.B. HODIERNA""",CLTD01651N,CORSO SERALE A.F.M. - C.A.T. - MUSSOMELI,CONTRADA PRATO,93014,F830,MUSSOMELI,PERCORSO II LIVELLO,ISTITUTO TECNICO COMMERCIALE,NO,Non Disponibile,CLIS016002@istruzione.it,Non Disponibile,www.iishodierna.edu.it,NO
202526,ISOLE,SICILIA,PALERMO,PAIS013004,IISS STENIO,PATF013501,ISTSUP.IISS STENIO T.IM. SEZ.CERDA,VIA ROMA N.42,90010,C496,CERDA,PERCORSO II LIVELLO,ISTITUTO TECNICO INDUSTRIALE,NO,Non Disponibile,PAIS013004@istruzione.it,Non Disponibile,www.stenio.it,NO
202526,ISOLE,SICILIA,MESSINA,METF03000G,ITT-LSSA COPERNICO,METF030501,ITT-LSSA COPERNICO BARCELLONA P.G SERALE,VIA ROMA 250,98051,A638,BARCELLONA POZZO DI GOTTO,PERCORSO II LIVELLO,ISTITUTO TECNICO INDUSTRIALE,NO,Non Disponibile,METF03000G@istruzione.it,Non Disponibile,www.istitutocopernico.edu.it,NO
202526,ISOLE,SICILIA,AGRIGENTO,AGIS022001,IIS - G.B. ODIERNA,AGTF02201D,G .B. ODIERNA,CORSO SICILIA,92020,G282,PALMA DI MONTECHIARO,NORMALE,ISTITUTO TECNICO INDUSTRIALE,NO,Non Disponibile,AGIS022001@istruzione.it,Non Disponibile,iisodierna.edu.it,SI
202526,ISOLE,SICILIA,PALERMO,PAIS013004,IISS STENIO,PATD01350P,ITC. STENIO,VIA E. FERMI,90018,L112,TERMINI IMERESE,PERCORSO II LIVELLO,ISTITUTO TECNICO COMMERCIALE,NO,Non Disponibile,PAIS013004@istruzione.it,Non Disponibile,www.stenio.it,NO
202526,ISOLE,SICILIA,CALTANISSETTA,CLIS007007,"I.I.S. ""C.M. CARAFA"" - MAZZARINO E RIESI",CLTD00701D,C.M. CARAFA,PIAZZA CARLO MARIA CARAFA,93013,F065,MAZZARINO,NORMALE,IST TEC COMMERCIALE E PER GEOMETRI,NO,Non Disponibile,CLIS007007@istruzione.it,Non Disponibile,iisscmcarafa.edu.it,SI
202526,ISOLE,SICILIA,CALTANISSETTA,CLTD090005,"I.T.E.T. ""RAPISARDI-DA VINCI""",CLTD09050E,"""M. RAPISARDI"" CORSO SERALE - CALTANISS",VIALE REGINA MARGHERITA,93100,B429,CALTANISSETTA,PERCORSO II LIVELLO,ISTITUTO TECNICO COMMERCIALE,NO,Non Disponibile,CLTD090005@istruzione.it,Non Disponibile,www.rapisardidavinci.gov.it,NO
202526,ISOLE,SICILIA,SIRACUSA,SRIS009004,"IS ""RUIZ"" DI AUGUSTA",SRTD00951Q,"IST. TEC. COMM.""RUIZ"" SERALE",VIA CATANIA 83,96011,A494,AUGUSTA,PERCORSO II LIVELLO,ISTITUTO TECNICO COMMERCIALE,NO,Non Disponibile,SRIS009004@istruzione.it,Non Disponibile,www.itisaugusta.it,NO
202526,ISOLE,SICILIA,CATANIA,CTTF140008,"ITIS ""G. FERRARIS""",CTTF14050N,ITIS FERRARIS CORSO SERALE,VIA G. MOTTA 85,95037,H922,SAN GIOVANNI LA PUNTA,PERCORSO II LIVELLO,ISTITUTO TECNICO INDUSTRIALE,NO,Non Disponibile,CTTF140008@istruzione.it,Non Disponibile,https//www.itisgferraris.edu.it/,NO
202526,ISOLE,SICILIA,AGRIGENTO,AGIS02300R,IIS - N. GALLO - L. SCIASCIA,AGTL02301D,"ITG ""BRUNELLESCHI""",CONTRADA CALCARELLE,92100,A089,AGRIGENTO,NORMALE,ISTITUTO TECNICO PER GEOMETRI,NO,Non Disponibile,AGIS02300R@istruzione.it,Non Disponibile,www.isgallosciascia.edu.it,SI
202526,ISOLE,SICILIA,PALERMO,PAIS013004,IISS STENIO,PATD01301A,STENIO TERMINI IMERESE,VIA E.FERMI,90018,L112,TERMINI IMERESE,NORMALE,IST TEC COMMERCIALE E PER GEOMETRI,NO,Non Disponibile,PAIS013004@istruzione.it,Non Disponibile,www.stenio.gov.it,SI
202526,ISOLE,SICILIA,CALTANISSETTA,CLIS00600B,"I.I.S. ""E. MAJORANA""",CLTL006014,"TRASPORTI E LOGISTICA ""E. MAJORANA""",VIA PITAGORA N. 41,93012,D960,GELA,NORMALE,ISTITUTO TECNICO PER GEOMETRI,NO,Non Disponibile,CLIS00600B@istruzione.it,Non Disponibile,WWW.ISTITUTOMAJORANAGELA.GOV.IT,SI
202526,ISOLE,SICILIA,TRAPANI,TPIS028009,"I.I.S. ""S.CALVINO - G. B. AMICO""",TPTD02801G,"I.T.C. I.T.E. ""S.CALVINO"" TRAPANI",VIA S. MICHELE N.2,91100,L331,TRAPANI,NORMALE,ISTITUTO TECNICO COMMERCIALE,NO,Non Disponibile,TPIS028009@istruzione.it,Non Disponibile,www.iscalvinoamico.edu.it,SI
202526,ISOLE,SICILIA,AGRIGENTO,AGIS021005,IIS - FRANCESCO CRISPI,AGTD02151R,"I.T.C.G.""GIOVANNI XXIII""(CORSO SERALE)",VIA PRESTI N.2,92016,H269,RIBERA,PERCORSO II LIVELLO,IST TEC COMMERCIALE E PER GEOMETRI,NO,Non Disponibile,AGIS021005@istruzione.it,Non Disponibile,www.istitutosuperiorecrispiribera.gov.it,NO
202526,ISOLE,SICILIA,RAGUSA,RGTD03000T,F. BESTA,RGTD030518,ISTITUTO TECNICO COMMERCIALE SERALE,VIA ALDO MORO N. 2,97100,H163,RAGUSA,PERCORSO II LIVELLO,IST TECNICO ECONOMICO E TECNOLOGICO,NO,Non Disponibile,RGTD03000T@istruzione.it,Non Disponibile,www.itcbesta.gov.it,NO
202526,ISOLE,SICILIA,AGRIGENTO,AGIS01100E,IIS - ENRICO FERMI - RE CAPRIATA,AGTD011516,"I.T.C. ""F.RE CAPRIATA"" CORSO SERALE",VIA CAMPOBELLO,92027,E573,LICATA,PERCORSO II LIVELLO,ISTITUTO TECNICO COMMERCIALE,NO,Non Disponibile,AGIS01100E@istruzione.it,Non Disponibile,http//www.amatovetranosciacca.edu.it,NO
202526,ISOLE,SICILIA,CATANIA,CTIS03800X,I.I.S. FERMI EREDIA,CTTA03801Q,F. EREDIA,VIA DEL BOSCO 43,95125,C351,CATANIA,NORMALE,ISTITUTO TECNICO AGRARIO,NO,Non Disponibile,CTIS03800X@istruzione.it,Non Disponibile,www.fermieredia.edu.it,SI
202526,ISOLE,SICILIA,CATANIA,CTTD18000C,PIETRO BRANCHINA,CTTD18050T,PIETRO BRANCHINA,VIA PASQUALE SIMONE NERI 11,95031,A056,ADRANO,PERCORSO II LIVELLO,ISTITUTO TECNICO COMMERCIALE,NO,Non Disponibile,CTTD18000C@istruzione.it,Non Disponibile,www.branchina.gov.it,NO
202526,ISOLE,SICILIA,TRAPANI,TPIS02100E,I.S. G.B.FERRIGNO V. ACCARDI - V. TITONE,TPTD02101R,"I.T.C. ""G.B.FERRIGNO"" C/VETRANO",VIA G. GENTILE S.N.C.,91022,C286,CASTELVETRANO,NORMALE,ISTITUTO TECNICO COMMERCIALE,NO,Non Disponibile,TPIS02100E@istruzione.it,Non Disponibile,www.ferrignoaccardititone.edu.it,SI
202526,ISOLE,SICILIA,AGRIGENTO,AGIS02300R,IIS - N. GALLO - L. SCIASCIA,AGTD02351C,"I.T.C. "" L. SCIASCIA "" SERALE",VIA G. LA PIRA 10,92014,F299,PORTO EMPEDOCLE,PERCORSO II LIVELLO,ISTITUTO TECNICO COMMERCIALE,NO,Non Disponibile,AGIS02300R@istruzione.it,Non Disponibile,www.isgallosciascia.edu.it,NO
202526,ISOLE,SICILIA,SIRACUSA,SRIS02300A,"I.I.S.S ""MAJORANA""",SRTD023501,MAJORANA- SERALE,VIA A. LABRIOLA,96012,A522,AVOLA,PERCORSO II LIVELLO,ISTITUTO TECNICO COMMERCIALE,NO,Non Disponibile,SRIS02300A@istruzione.it,Non Disponibile,www.istitutomajoranaavola.it,NO
202526,ISOLE,SICILIA,PALERMO,PAIS018007,I.I.S. P. DOMINA PETRALIA SOTTANA,PATD01801D,IST.TEC. COSTR. AMBIENTE E TERRITORIO,PIAZZA MATTEOTTI 1,90028,G792,POLIZZI GENEROSA,NORMALE,IST TEC COMMERCIALE E PER GEOMETRI,NO,Non Disponibile,PAIS018007@istruzione.it,Non Disponibile,https//iispietrodomina.edu.it,SI
202526,ISOLE,SICILIA,CALTANISSETTA,CLIS007007,"I.I.S. ""C.M. CARAFA"" - MAZZARINO E RIESI",CLTD00750T,CORSO SERALE - C.A.T. - MAZZARINO,Non Disponibile,Non Disponibile,F065,MAZZARINO,PERCORSO II LIVELLO,IST TEC COMMERCIALE E PER GEOMETRI,NO,Non Disponibile,CLIS007007@istruzione.it,Non Disponibile,isisscarafa.org,NO
202526,ISOLE,SICILIA,CATANIA,CTTF03000R,ITI CANNIZZARO,CTTF030517,CANNIZZARO,VIA CARLO PISACANE 1,95122,C351,CATANIA,PERCORSO II LIVELLO,ISTITUTO TECNICO INDUSTRIALE,NO,Non Disponibile,CTTF03000R@istruzione.it,Non Disponibile,www.cannizzaroct.edu.it,NO
202526,ISOLE,SICILIA,MESSINA,MEIS00800V,IS ISA CONTI ELLER VAINICHER,METD008015,ISA CONTI ELLER VAINICHER,VIA TORRENTE S.LUCIA,98055,E606,LIPARI,NORMALE,IST TEC COMMERCIALE E PER GEOMETRI,NO,Non Disponibile,MEIS00800V@istruzione.it,Non Disponibile,www.isaconti.it,SI
202526,ISOLE,SICILIA,PALERMO,PAIS03200D,DAMIANI ALMEYDA - FRANCESCO CRISPI,PATD032504,ALMEYDA - CRISPI,LARGO MARIO MINEO 4,Non Disponibile,G273,PALERMO,PERCORSO II LIVELLO,ISTITUTO TECNICO COMMERCIALE,NO,Non Disponibile,PAIS03200D@istruzione.it,Non Disponibile,www.iisdamianialmeyda-crispi.it,NO
202526,ISOLE,SICILIA,RAGUSA,RGIS02100T,ARCHIMEDE,RGTD02150C,ARCHIMEDE -ALBERTI SERALE,VIA FABRIZIO 10,97015,F258,MODICA,PERCORSO II LIVELLO,ISTITUTO TECNICO COMMERCIALE,NO,Non Disponibile,RGIS02100T@istruzione.it,Non Disponibile,www.archimedemodica.edu.it,NO
202526,ISOLE,SICILIA,CALTANISSETTA,CLIS022009,"I.I.S. ""E. MORSELLI - L. STURZO""",CLTF022517,CORSO SERALE MECC. - GELA,VIA PITAGORA,93012,D960,GELA,PERCORSO II LIVELLO,ISTITUTO TECNICO INDUSTRIALE,NO,Non Disponibile,CLIS022009@istruzione.it,Non Disponibile,www.morsellisturzo.edu.it,NO
202526,ISOLE,SICILIA,PALERMO,PATD09000P,CARLO ALBERTO DALLA CHIESA,PATD090504,ITC C.A.DALLA CHIESA SERALE,CORSO DEI MILLE,90047,G348,PARTINICO,PERCORSO II LIVELLO,ISTITUTO TECNICO COMMERCIALE,NO,Non Disponibile,PATD09000P@istruzione.it,Non Disponibile,www.itdallachiesa.gov.it,NO
202526,ISOLE,SICILIA,SIRACUSA,SRIS009004,"IS ""RUIZ"" DI AUGUSTA",SRTF009512,IST.TEC. IND.LE AUGUSTA SERALE,VIA CATANIA 83,96011,A494,AUGUSTA,PERCORSO II LIVELLO,ISTITUTO TECNICO INDUSTRIALE,NO,Non Disponibile,SRIS009004@istruzione.it,Non Disponibile,www.2superioreaugusta.edu.it,NO
202526,ISOLE,SICILIA,CATANIA,CTIS023006,IS CARLO GEMMELLARO,CTTD02350R,CARLO GEMMELLARO SERALE,CORSO INDIPENDENZA 229,95122,C351,CATANIA,PERCORSO II LIVELLO,ISTITUTO TECNICO COMMERCIALE,NO,Non Disponibile,CTIS023006@istruzione.it,Non Disponibile,www.iis-gemmellaro.edu.it,NO
202526,ISOLE,SICILIA,TRAPANI,TPIS028009,"I.I.S. ""S.CALVINO - G. B. AMICO""",TPTL028012,"I.T.G. I.T.T. ""G.B. AMICO"" TRAPANI",VIA SALEMI N.49,91100,L331,TRAPANI,NORMALE,ISTITUTO TECNICO PER GEOMETRI,NO,Non Disponibile,TPIS028009@istruzione.it,Non Disponibile,www.iscalvinoamico.edu.it,SI
202526,ISOLE,SICILIA,AGRIGENTO,AGIS01600N,IIS - DON MICHELE ARENA,AGTD01601X,"ITC ""DON MICHELE ARENA""",VIA GIOTTO,92019,I533,SCIACCA,NORMALE,ISTITUTO TECNICO COMMERCIALE,NO,Non Disponibile,AGIS01600N@istruzione.it,Non Disponibile,https//www.iissarena.edu.it,SI
202526,ISOLE,SICILIA,MESSINA,METD08000A,"ITET ""E. FERMI"" ECONOMICO E TECNOLOGICO",METD08050Q,"ITET ""E. FERMI"" ECON. E TECN. (SERALE)",VIA PITAGORA N. 42,98051,A638,BARCELLONA POZZO DI GOTTO,PERCORSO II LIVELLO,IST TEC COMMERCIALE E PER GEOMETRI,NO,Non Disponibile,METD08000A@istruzione.it,Non Disponibile,www.itcgtfermi.edu.it,NO
202526,ISOLE,SICILIA,CATANIA,CTTB01000A,ITAER A. FERRARIN,CTTB01000A,ITAER A. FERRARIN,VIA GALERMO 172,95123,C351,CATANIA,NORMALE,ISTITUTO TECNICO AERONAUTICO,SI,Non Disponibile,CTTB01000A@istruzione.it,cttb01000a@pec.istruzione.it,www.itaerferrarin.edu.it,SI
202526,ISOLE,SICILIA,CATANIA,CTIS03400L,I.S. DE FELICE GIUFFRIDA - OLIVETTI,CTTD03401V,ITC DE FELICE GIUFFRIDA,PIAZZA ROMA 4,95125,C351,CATANIA,NORMALE,ISTITUTO TECNICO COMMERCIALE,NO,Non Disponibile,CTIS03400L@istruzione.it,Non Disponibile,www.defeliceolivetti.gov.it,SI
202526,ISOLE,SICILIA,TRAPANI,TPIS01200Q,"""A. DAMIANI"" MARSALA",TPTA01201G,"IST. TEC. AGRARIO ""A. DAMIANI"" MARSALA",VIA TRAPANI 218,91025,E974,MARSALA,CONVITTO ANNESSO,ISTITUTO TECNICO AGRARIO,NO,Non Disponibile,TPIS01200Q@istruzione.it,Non Disponibile,www.istitutodamiani.edu.it,SI
202526,ISOLE,SICILIA,MESSINA,MEIS03300G,"I.I.S.S. ""PUGLIATTI "" TAORMINA",METD03302V,FURCI SICULO,VIA MARCONI,98023,D824,FURCI SICULO,NORMALE,IST TEC COMMERCIALE E PER GEOMETRI,NO,Non Disponibile,MEIS03300G@istruzione.it,Non Disponibile,https//www.iisspugliatti.edu.it,SI
202526,ISOLE,SICILIA,TRAPANI,TPIS02100E,I.S. G.B.FERRIGNO V. ACCARDI - V. TITONE,TPTL02151L,ISTITUTO TECNICO PER GEOMETRI,VIA ROMA PROLUNGAMENTO,91021,B521,CAMPOBELLO DI MAZARA,PERCORSO II LIVELLO,ISTITUTO TECNICO PER GEOMETRI,NO,Non Disponibile,TPIS02100E@istruzione.it,Non Disponibile,www.gbferrigno.edu.it,NO
202526,ISOLE,SICILIA,AGRIGENTO,AGIS021005,IIS - FRANCESCO CRISPI,AGTD02101B,ITCG GIOVANNI XXIII,VIA PRESTI N. 2,92016,H269,RIBERA,NORMALE,IST TEC COMMERCIALE E PER GEOMETRI,NO,Non Disponibile,AGIS021005@istruzione.it,Non Disponibile,www.istitutosuperiorecrispiribera.edu.it,SI
202526,ISOLE,SICILIA,ENNA,ENIS017006,"I.I.S. ""L. DA VINCI""",ENTD01701C,LEONARDO DA VINCI,VIA VITTORIO ALFIERI 6,94015,G580,PIAZZA ARMERINA,NORMALE,IST TEC COMMERCIALE E PER GEOMETRI,NO,Non Disponibile,ENIS017006@istruzione.it,Non Disponibile,www.iisdavinciarmerina.edu.it,SI
202526,ISOLE,SICILIA,CATANIA,CTTF140008,"ITIS ""G. FERRARIS""",CTTF140008,"ITIS ""G. FERRARIS""",VIA G. MOTTA N.85,95037,H922,SAN GIOVANNI LA PUNTA,NORMALE,ISTITUTO TECNICO INDUSTRIALE,SI,Non Disponibile,CTTF140008@istruzione.it,cttf140008@pec.istruzione.it,https//www.itisgferraris.edu.it/,SI
202526,ISOLE,SICILIA,MESSINA,MEIS02400R,ITC CAPO D'ORLANDO MERENDINO,METD024013,ITC CAPO D'ORLANDO MERENDINO,C/DA SANTA LUCIA,98071,B666,CAPO D'ORLANDO,NORMALE,IST TEC COMMERCIALE E PER GEOMETRI,NO,Non Disponibile,MEIS02400R@istruzione.it,Non Disponibile,www.merendino.edu.it,SI
202526,ISOLE,SICILIA,RAGUSA,RGIS017006,ENRICO FERMI,RGTD01701C,I.T.C.G. ENRICO FERMI,VIA COMO N.435,97019,M088,VITTORIA,NORMALE,IST TEC COMMERCIALE E PER GEOMETRI,NO,Non Disponibile,RGIS017006@istruzione.it,Non Disponibile,http//www.fermivittoria.it,SI
202526,ISOLE,SICILIA,SIRACUSA,SRIS011004,"""PIER LUIGI NERVI- ALAIMO "" LENTINI",SRTD01101A,IST. TEC. COMM. LENTINI,VIA RICCARDO DA LENTINI 89B,96016,E532,LENTINI,NORMALE,ISTITUTO TECNICO COMMERCIALE,NO,Non Disponibile,SRIS011004@istruzione.it,Non Disponibile,https//www.istitutonervialaimo.edu.it/,SI
202526,ISOLE,SICILIA,RAGUSA,RGIS00800B,QUINTINO CATAUDELLA,RGTD00801N,"I.T.C. "" Q.CATAUDELLA """,VIA PRIMULA,97018,I535,SCICLI,NORMALE,ISTITUTO TECNICO COMMERCIALE,NO,Non Disponibile,RGIS00800B@istruzione.it,Non Disponibile,www.istitutocataudella.it/,SI
202526,ISOLE,SICILIA,CATANIA,CTIS03900Q,"I.I.S. ""E. FERMI - GUTTUSO""",CTTF039018,ITI ENRICO FERMI,VIA NUNZIO MACCARRONE 4,95014,E017,GIARRE,NORMALE,ISTITUTO TECNICO INDUSTRIALE,NO,Non Disponibile,CTIS03900Q@istruzione.it,Non Disponibile,www.isfermiguttuso.edu.it,SI
202526,ISOLE,SICILIA,SIRACUSA,SRIS024006,"I.S. ""RIZZA-INSOLERA""",SRTH024016,G.A.DELLA TARGIA,PIAZZA DEI MATILA N. 9,96100,I754,SIRACUSA,NORMALE,ISTITUTO TECNICO NAUTICO,NO,Non Disponibile,SRIS024006@istruzione.it,Non Disponibile,www.istitutorizza.edu.it,SI
202526,ISOLE,SICILIA,SIRACUSA,SRTF01000Q,E.FERMI,SRTF01000Q,E.FERMI,VIA TORINO N: 137,96100,I754,SIRACUSA,NORMALE,ISTITUTO TECNICO INDUSTRIALE,SI,Non Disponibile,SRTF01000Q@istruzione.it,srtf01000q@pec.istruzione.it,https//www.fermisiracusa.edu.it/,SI
202526,ISOLE,SICILIA,SIRACUSA,SRIS029009,L. EINAUDI,SRTL029023,IIS EINAUDI - ITG - CASA RECLUS. BRUCOLI,CONTRADA PIANO IPPOLITO 1,96011,A494,AUGUSTA,SPEC. PER CARCERARI,ISTITUTO TECNICO PER GEOMETRI,NO,Non Disponibile,SRIS029009@istruzione.it,Non Disponibile,http//www.istitutoraelinoto.gov.it/,SI
202526,ISOLE,SICILIA,TRAPANI,TPIS008004,POLO STATALE I.S.S. PIERSANTI MATTARELLA,TPTD00802B,"TECNICO TURISMO - ITC ""P. MATTARELLA""",VIA FLEMING 19,91014,C130,CASTELLAMMARE DEL GOLFO,NORMALE,ISTITUTO TECNICO COMMERCIALE,NO,Non Disponibile,TPIS008004@istruzione.it,Non Disponibile,www.mattarelladolci.edu.it,SI
202526,ISOLE,SICILIA,TRAPANI,TPTD02000X,"I.T.E.T. ""G. CARUSO"" ALCAMO",TPTD02000X,"I.T.E.T. ""G. CARUSO"" ALCAMO",VIA J.F. KENNEDY N. 2,91011,A176,ALCAMO,NORMALE,IST TEC COMMERCIALE E PER GEOMETRI,SI,Non Disponibile,TPTD02000X@istruzione.it,tptd02000x@pec.istruzione.it,www.gcaruso.edu.it,SI
202526,ISOLE,SICILIA,CATANIA,CTTF01000G,ISTITUTO TECNICO ARCHIMEDE,CTTF010501,ISTITUTO TECNICO ARCHIMEDE,VIALE REGINA MARGHERITA 22,95123,C351,CATANIA,PERCORSO II LIVELLO,ISTITUTO TECNICO INDUSTRIALE,NO,Non Disponibile,CTTF01000G@istruzione.it,Non Disponibile,www.itisarchimede.com/index.php?option=com_content&view=article&id=479&Itemid=250,NO
202526,ISOLE,SICILIA,PALERMO,PATN01000Q,MARCO POLO,PATN01000Q,MARCO POLO,VIA UGO LA MALFA 113,90146,G273,PALERMO,NORMALE,ISTITUTO TECNICO PER IL TURISMO,SI,Non Disponibile,PATN01000Q@istruzione.it,patn01000q@pec.istruzione.it,https//www.itetmarcopolo.edu.it/,SI
202526,ISOLE,SICILIA,CALTANISSETTA,CLIS01200P,"I.I.S. ""S. MOTTURA""",CLTF01251L,CORSO SERALE S. MOTTURA - CALTANISSETTA,VIALE DELLA REGIONE 71,93100,B429,CALTANISSETTA,PERCORSO II LIVELLO,ISTITUTO TECNICO INDUSTRIALE,NO,Non Disponibile,CLIS01200P@istruzione.it,Non Disponibile,www.istitutomottura.edu.it,NO
202526,ISOLE,SICILIA,MESSINA,MEIS03700V,"I.I.S. ""A.M.JACI - CAIO DUILIO""",METH03701V,"I.T.T.L. ""CAIO DUILIO""",VIA GIUSEPPE LA FARINA N.70,98123,F158,MESSINA,NORMALE,ISTITUTO TECNICO NAUTICO,NO,Non Disponibile,MEIS03700V@istruzione.it,Non Disponibile,www.jaci.edu.it,SI
202526,ISOLE,SICILIA,RAGUSA,RGIS00800B,QUINTINO CATAUDELLA,RGTA008017,I.T.A. SCICLI,C/DA BOMMACCHIELLA S.N.C.,97018,I535,SCICLI,NORMALE,ISTITUTO TECNICO AGRARIO,NO,Non Disponibile,RGIS00800B@istruzione.it,Non Disponibile,www.istitutocataudella.edu.it,SI
202526,ISOLE,SICILIA,CATANIA,CTIS001009,I.S. AMARI-RIZZO-PANTANO GIARRE-RIPOSTO,CTTH001019,LUIGI RIZZO - NAPOLEONE COLAJANNI,VIA FEDERICO CAFIERO N. 2,95018,H325,RIPOSTO,NORMALE,ISTITUTO TECNICO NAUTICO,NO,Non Disponibile,CTIS001009@istruzione.it,Non Disponibile,https//www.iisamari.edu.it,SI
202526,ISOLE,SICILIA,AGRIGENTO,AGIS01100E,IIS - ENRICO FERMI - RE CAPRIATA,AGTL01151L,"I.T.G.""I.G.CURELLA"" (CORSO SERALE)",VIA PALMA N.322,92027,E573,LICATA,PERCORSO II LIVELLO,ISTITUTO TECNICO PER GEOMETRI,NO,Non Disponibile,AGIS01100E@istruzione.it,Non Disponibile,www.fermilicata.gov,NO
202526,ISOLE,SICILIA,SIRACUSA,SRIS011004,"""PIER LUIGI NERVI- ALAIMO "" LENTINI",SRTF011512,I.T.I. CARLENTINI-SERALE-,VIA CAPORALE MORELLI 4,96013,B787,CARLENTINI,PERCORSO II LIVELLO,ISTITUTO TECNICO INDUSTRIALE,NO,Non Disponibile,SRIS011004@istruzione.it,Non Disponibile,www.istitutonervialaimo.edu.it/,NO
202526,ISOLE,SICILIA,CALTANISSETTA,CLIS01300E,"I.I.S. ""L. RUSSO""",CLTE013018,LUIGI RUSSO,VIA LEONE XIII 48/D,93100,B429,CALTANISSETTA,NORMALE,ISTITUTO TECNICO PER ATTIVITA' SOCIALI (GIA' ITF),NO,Non Disponibile,CLIS01300E@istruzione.it,Non Disponibile,www.iissrusso.edu.it,SI
202526,ISOLE,SICILIA,PALERMO,PAIS01600G,IS MAJORANA,PATF016014,ITI MAJORANA,VIA G. ASTORINO 56,90146,G273,PALERMO,NORMALE,ISTITUTO TECNICO INDUSTRIALE,NO,Non Disponibile,PAIS01600G@istruzione.it,Non Disponibile,www.majoranapa.edu.it,SI
202526,ISOLE,SICILIA,MESSINA,MEIS027008,VERONA TRENTO - MESSINA,METF02701R,"IST. TECN. TECNOLOGICO ""VERONA TRENTO""",VIA UGO BASSI IS 148,98122,F158,MESSINA,NORMALE,ISTITUTO TECNICO INDUSTRIALE,NO,Non Disponibile,MEIS027008@istruzione.it,Non Disponibile,www.veronatrento.it,SI
202526,ISOLE,SICILIA,TRAPANI,TPIS02100E,I.S. G.B.FERRIGNO V. ACCARDI - V. TITONE,TPTL021017,I.T.G. V. ACCARDI - CAMPOBELLO DI MAZARA,VIA ROMA - PROLUNGAMENTO,91021,B521,CAMPOBELLO DI MAZARA,NORMALE,ISTITUTO TECNICO PER GEOMETRI,NO,Non Disponibile,TPIS02100E@istruzione.it,Non Disponibile,www.gbferrigno.edu.it,SI
202526,ISOLE,SICILIA,MESSINA,MEIS019009,"IST.ISTR.SUP. ""ANTONELLO"" MESSINA",METN01901D,IST. TECNICO TURISMO GRAFICA ANTONELLO,VIALE GIOSTRA 2,98121,F158,MESSINA,NORMALE,ISTITUTO TECNICO PER IL TURISMO,NO,Non Disponibile,MEIS019009@istruzione.it,Non Disponibile,www.isminutoli.it,NO
202526,ISOLE,SICILIA,CATANIA,CTIS01100X,IISS BENEDETTO RADICE,CTTD011016,BENEDETTO RADICE,VIA SARAJEVO1,95034,B202,BRONTE,NORMALE,ISTITUTO TECNICO COMMERCIALE,NO,Non Disponibile,CTIS01100X@istruzione.it,Non Disponibile,www.isradice.edu.it,SI
202526,ISOLE,SICILIA,PALERMO,PAIS042004,S.D'ACQUISTO BAGHERIA,PATF04201L,IST. TECNICO D'ACQUISTO,VIA CONSOLARE,90011,A546,BAGHERIA,NORMALE,ISTITUTO TECNICO INDUSTRIALE,NO,Non Disponibile,PAIS042004@istruzione.it,Non Disponibile,https//www.iisdacquistobagheria.edu.it,SI
202526,ISOLE,SICILIA,AGRIGENTO,AGIS018009,IIS - GIUDICI SAETTA E LIVATINO,AGTD01850X,GINO ZAPPA,Non Disponibile,Non Disponibile,B520,CAMPOBELLO DI LICATA,PERCORSO II LIVELLO,ISTITUTO TECNICO COMMERCIALE,NO,Non Disponibile,AGIS018009@istruzione.it,Non Disponibile,www.saettalivatino.it,NO
202526,ISOLE,SICILIA,SIRACUSA,SRIS01400G,MICHELANGELO BARTOLO,SRTF01451D,"I.T.I.""BARTOLO"" SERALE",VIA FIUME,96018,G211,PACHINO,PERCORSO II LIVELLO,ISTITUTO TECNICO INDUSTRIALE,NO,Non Disponibile,SRIS01400G@istruzione.it,Non Disponibile,www.istitutobartolo.edu.it,NO
202526,ISOLE,SICILIA,PALERMO,PAIS027002,A. VOLTA,PATF02750V,IST.TECN.IND.ALESSANDRO VOLTA,VIA PASSAGGIO DEI PICCIOTTI N.1,90123,G273,PALERMO,PERCORSO II LIVELLO,ISTITUTO TECNICO INDUSTRIALE,NO,Non Disponibile,PAIS027002@istruzione.it,Non Disponibile,www.itivolta.pa.it,NO
202526,ISOLE,SICILIA,PALERMO,PAIS039008,I.I.S. G. D'ALESSANDRO,PATD03901E,ITC SEZ. ST. CIMINNA,VIA C.A. DALLA CHIESA,90023,C696,CIMINNA,NORMALE,ISTITUTO TECNICO COMMERCIALE,NO,Non Disponibile,PAIS039008@istruzione.it,Non Disponibile,https//www.iisdalessandro.edu.it/lsdalessandro/,NO
202526,ISOLE,SICILIA,PALERMO,PATF030009,I.T.S.T. VITTORIO EMANUELE III,PATF03050P,I.T.I.V.E.III SERALE,VIA DUCA DELLA VERDURA 48,90143,G273,PALERMO,PERCORSO II LIVELLO,ISTITUTO TECNICO INDUSTRIALE,NO,Non Disponibile,PATF030009@istruzione.it,Non Disponibile,www.itive3pa.edu.it,NO
202526,ISOLE,SICILIA,CATANIA,CTIS04300B,MARCONI-MANGANO,CTTF04301X,ITI G.MARCONI,VIA VESCOVO MAURIZIO82,95126,C351,CATANIA,NORMALE,ISTITUTO TECNICO INDUSTRIALE,NO,Non Disponibile,CTIS04300B@istruzione.it,Non Disponibile,www.iismarconi-mangano.edu.it,SI
202526,ISOLE,SICILIA,CALTANISSETTA,CLIS01300E,"I.I.S. ""L. RUSSO""",CLTE01350L,CORSO SERALE BIOTEC. - CALTANISSETTA,VIA LEONE XIII 48/D,93100,B429,CALTANISSETTA,PERCORSO II LIVELLO,ISTITUTO TECNICO PER ATTIVITA' SOCIALI (GIA' ITF),NO,Non Disponibile,CLIS01300E@istruzione.it,Non Disponibile,www.issrusso.gov.it,NO
202526,ISOLE,SICILIA,CALTANISSETTA,CLTD090005,"I.T.E.T. ""RAPISARDI-DA VINCI""",CLTD090027,"""M. RAPISARDI"" CARCERARIO - CALTANISSETT",VIALE REGINA MARGHERITA,93100,B429,CALTANISSETTA,SPEC. PER CARCERARI,ISTITUTO TECNICO COMMERCIALE,NO,Non Disponibile,CLTD090005@istruzione.it,Non Disponibile,www.hodierna.it,SI
202526,ISOLE,SICILIA,AGRIGENTO,AGIS01100E,IIS - ENRICO FERMI - RE CAPRIATA,AGTD01101R,"ITC ""F. RE CAPRIATA""",VIA CAMPOBELLO,92027,E573,LICATA,NORMALE,ISTITUTO TECNICO COMMERCIALE,NO,Non Disponibile,AGIS01100E@istruzione.it,Non Disponibile,http//www.amatovetranosciacca.edu.it,SI
202526,ISOLE,SICILIA,SIRACUSA,SRIS011004,"""PIER LUIGI NERVI- ALAIMO "" LENTINI",SRTD01152R,CORSO SERALE,Non Disponibile,Non Disponibile,D768,FRANCOFONTE,PERCORSO II LIVELLO,ISTITUTO TECNICO COMMERCIALE,NO,Non Disponibile,SRIS011004@istruzione.it,Non Disponibile,www.istitutonervialaimo.edu.it/,NO
202526,ISOLE,SICILIA,PALERMO,PAIS01100C,I.I.S.S. LERCARA FRIDDI,PATF011011,M. PICONE,C.SO VITTORIO EMANUELE III,90029,L603,VALLEDOLMO,NORMALE,ISTITUTO TECNICO INDUSTRIALE,NO,Non Disponibile,PAIS01100C@istruzione.it,Non Disponibile,www.icsustica.it,NO
202526,ISOLE,SICILIA,TRAPANI,TPIS02600N,"I.I.S. ""F. FERRARA"" MAZARA DEL VALLO",TPTD02601X,"I.T.S.E. ""F. FERRARA"" MAZARA DEL VALLO",VIA SAN PIO N.4 C/DA AFFACCIATA,91026,F061,MAZARA DEL VALLO,NORMALE,ISTITUTO TECNICO COMMERCIALE,NO,Non Disponibile,TPIS02600N@istruzione.it,Non Disponibile,www.iisferraramazara.edu.it,SI
202526,ISOLE,SICILIA,SIRACUSA,SRIS011004,"""PIER LUIGI NERVI- ALAIMO "" LENTINI",SRTF01101L,I.T.I. CARLENTINI,VIA CAPORALE MORELLI 4,96013,B787,CARLENTINI,NORMALE,ISTITUTO TECNICO INDUSTRIALE,NO,Non Disponibile,SRIS011004@istruzione.it,Non Disponibile,https//www.istitutonervialaimo.edu.it/,SI
202526,ISOLE,SICILIA,TRAPANI,TPIS02200A,"I.I.S.S. ""SCIASCIA E BUFALINO"" ERICE",TPTD02203P,"IST.TEC. ECONOMICO ""SCIASCIA E BUFALINO""",VIA SIMONE CATALANO N. 203,91019,G319,VALDERICE,NORMALE,ISTITUTO TECNICO COMMERCIALE,NO,Non Disponibile,TPIS02200A@istruzione.it,Non Disponibile,www.sciasciaebufalino.edu.it/,SI
202526,ISOLE,SICILIA,CATANIA,CTTD22000N,"I.T.E.T. ""ENRICO DE NICOLA""",CTTD220503,"IIS ""ENRICO DE NICOLA"" - CORSO SIRIO",VIA G. MOTTA N.87,95037,H922,SAN GIOVANNI LA PUNTA,PERCORSO II LIVELLO,ISTITUTO TECNICO COMMERCIALE,NO,Non Disponibile,CTTD22000N@istruzione.it,Non Disponibile,www.denicola.edu.it,NO
202526,ISOLE,SICILIA,CALTANISSETTA,CLTD090005,"I.T.E.T. ""RAPISARDI-DA VINCI""",CLTD090016,"""M. RAPISARDI"" CARCERARIO - SAN CATALDO",PIAZZA MARCONI 1,93017,H792,SAN CATALDO,SPEC. PER CARCERARI,ISTITUTO TECNICO COMMERCIALE,NO,Non Disponibile,CLTD090005@istruzione.it,Non Disponibile,www.hodierna.it,SI
202526,ISOLE,SICILIA,RAGUSA,RGIS017006,ENRICO FERMI,RGTA017012,I.T.A. - VITTORIA,VIA SAN MARTINO,97019,M088,VITTORIA,NORMALE,ISTITUTO TECNICO AGRARIO,NO,Non Disponibile,RGIS017006@istruzione.it,Non Disponibile,www.fermivittoria.edu.it,SI
202526,ISOLE,SICILIA,AGRIGENTO,AGIS026008,IIS - ARCHIMEDE,AGTD02601E,"ITIA ""ARCHIMEDE""",VIALE KENNEDY N. 29,92025,C275,CASTELTERMINI,NORMALE,ISTITUTO TECNICO COMMERCIALE,NO,Non Disponibile,AGIS026008@istruzione.it,Non Disponibile,www.iiss-archimede.edu.it,SI
202526,ISOLE,SICILIA,SIRACUSA,SRIS024006,"I.S. ""RIZZA-INSOLERA""",SRTH02451G,IST.TEC.NAUTICO-CORSO SERALE,Non Disponibile,96100,I754,SIRACUSA,PERCORSO II LIVELLO,ISTITUTO TECNICO NAUTICO,NO,Non Disponibile,SRIS024006@istruzione.it,Non Disponibile,www.istitutorizza.gov.it,NO
202526,ISOLE,SICILIA,PALERMO,PAIS01100C,I.I.S.S. LERCARA FRIDDI,PATL01150D,ITG. VICARI,VIA SOPRA LE AIE,90020,L837,VICARI,PERCORSO II LIVELLO,ISTITUTO TECNICO PER GEOMETRI,NO,Non Disponibile,PAIS01100C@istruzione.it,Non Disponibile,https//www.iislercarafriddi.edu.it/,NO
202526,ISOLE,SICILIA,CATANIA,CTIS001009,I.S. AMARI-RIZZO-PANTANO GIARRE-RIPOSTO,CTTD001511,SERALE ISTITUTO TECNICO COMMERCIALE,VIA ROMA 66,95018,H325,RIPOSTO,PERCORSO II LIVELLO,ISTITUTO TECNICO COMMERCIALE,NO,Non Disponibile,CTIS001009@istruzione.it,Non Disponibile,Non Disponibile,NO
202526,ISOLE,SICILIA,CATANIA,CTIS03900Q,"I.I.S. ""E. FERMI - GUTTUSO""",CTTF03951N,ENRICO FERMI,VIA NUNZIO MACCARRONE 4,95014,E017,GIARRE,PERCORSO II LIVELLO,ISTITUTO TECNICO INDUSTRIALE,NO,Non Disponibile,CTIS03900Q@istruzione.it,Non Disponibile,www.isfermiguttuso.gov.it,NO
202526,ISOLE,SICILIA,CATANIA,CTIS05600D,ISTITUTO SUPERIORE VIZZINI,CTTD05602R,"I.T.C. ""G. ARCOLEO"" SEZ. DI GRAMMICHELE",VIA L. EINAUDI N.5,95042,E133,GRAMMICHELE,NORMALE,ISTITUTO TECNICO COMMERCIALE,NO,Non Disponibile,CTIS05600D@istruzione.it,Non Disponibile,www.icvizzini.edu.it,SI
202526,ISOLE,SICILIA,PALERMO,PAIS01400X,DON CALOGERO DI VINCENTI,PATD014016,DON CALOGERO DI VINCENTI,VIA SALERNO,90032,A882,BISACQUINO,NORMALE,IST TEC COMMERCIALE E PER GEOMETRI,NO,Non Disponibile,PAIS01400X@istruzione.it,Non Disponibile,istitutosuperiorebisacquino.gov.it,NO
202526,ISOLE,SICILIA,TRAPANI,TPTD02000X,"I.T.E.T. ""G. CARUSO"" ALCAMO",TPTD020509,"I.T.E.T. ""G. CARUSO"" SERALE ALCAMO",VIA J.F. KENNEDY N. 2,91011,A176,ALCAMO,PERCORSO II LIVELLO,ISTITUTO TECNICO COMMERCIALE,NO,Non Disponibile,TPTD02000X@istruzione.it,Non Disponibile,www.gcaruso.edu.it,NO
202526,ISOLE,SICILIA,CATANIA,CTIS05400T,I.S. CARRERA MILITELLO,CTTD054014,I.S. CARRERA AFM TECN. BIOTEC SANITARIE,VIA GRENCHEN SN,95043,F209,MILITELLO IN VAL DI CATANIA,NORMALE,IST TEC COMMERCIALE E PER GEOMETRI,NO,Non Disponibile,CTIS05400T@istruzione.it,Non Disponibile,https//www.istitutocarreramilitello.edu.it/,SI
202526,ISOLE,SICILIA,PALERMO,PAIS01100C,I.I.S.S. LERCARA FRIDDI,PATD01101P,I.T.C. DI ALIA,C.DA CHIANCHITELLO,90021,A195,ALIA,NORMALE,ISTITUTO TECNICO COMMERCIALE,NO,Non Disponibile,PAIS01100C@istruzione.it,Non Disponibile,www.iislercarafriddi.it,NO
202526,ISOLE,SICILIA,MESSINA,MEIS00900P,I.S.MINUTOLI MESSINA,METD009011,"ITC ""QUASIMODO"" MESSINA",FONDO FUCILE,98147,F158,MESSINA,NORMALE,ISTITUTO TECNICO COMMERCIALE,NO,Non Disponibile,MEIS00900P@istruzione.it,Non Disponibile,www.istitutosuperioreminutoli.gov.it,SI
202526,ISOLE,SICILIA,SIRACUSA,SRIS016007,"""MATTEO RAELI""",SRTE016022,P.SSA G. DI SAVOIA NOTO,VIA PITAGORA,96017,F943,NOTO,NORMALE,ISTITUTO TECNICO PER ATTIVITA' SOCIALI (GIA' ITF),NO,Non Disponibile,SRIS016007@istruzione.it,Non Disponibile,https//www.istitutoraelinoto.edu.it/,NO
202526,ISOLE,SICILIA,SIRACUSA,SRIS029009,L. EINAUDI,SRTL029012,"IIS ""LUIGI EINAUDI"" - IST.TECN.GEOM.CAT",VIALE SANTA PANAGIA 131,96100,I754,SIRACUSA,NORMALE,ISTITUTO TECNICO PER GEOMETRI,NO,Non Disponibile,SRIS029009@istruzione.it,Non Disponibile,http//www.istitutoraelinoto.gov.it/,SI
202526,ISOLE,SICILIA,CATANIA,CTIS00400R,IIS CUCUZZA - EUCLIDE,CTTL00401D,CUCUZZA-EUCLIDE CALTAGIRONE -SEZ. ITG,VIA MARIO SCELBA 5,95041,B428,CALTAGIRONE,NORMALE,ISTITUTO TECNICO PER GEOMETRI,NO,Non Disponibile,CTIS00400R@istruzione.it,Non Disponibile,www.iiscucuzzaeuclide.edu.it,NO
202526,ISOLE,SICILIA,TRAPANI,TPIS00400R,"I. S. ""V. ALMANZA - A. D'AJETTI""",TPTD004013,ISTITUTO TECNICO ECONOMICO PANTELLERIA,VIA NAPOLI N.32,91017,G315,PANTELLERIA,NORMALE,ISTITUTO TECNICO COMMERCIALE,NO,Non Disponibile,TPIS00400R@istruzione.it,Non Disponibile,www.omnicomprensivopantelleria.edu.it,SI
202526,ISOLE,SICILIA,CALTANISSETTA,CLIS022009,"I.I.S. ""E. MORSELLI - L. STURZO""",CLTD02201G,L. STURZO,VIA ETTORE ROMAGNOLI 78,93012,D960,GELA,NORMALE,ISTITUTO TECNICO COMMERCIALE,NO,Non Disponibile,CLIS022009@istruzione.it,Non Disponibile,www.morsellisturzo.edu.it,SI
202526,ISOLE,SICILIA,PALERMO,PAIS04300X,I.S. DON LUIGI STURZO,PATD043016,IS. TEC. EC. E PER IL TUR. DON L. STURZO,Non Disponibile,90011,A546,BAGHERIA,NORMALE,ISTITUTO TECNICO COMMERCIALE,NO,Non Disponibile,PAIS04300X@istruzione.it,Non Disponibile,www.donluigisturzobagheria.edu.it,SI
202526,ISOLE,SICILIA,TRAPANI,TPIS028009,"I.I.S. ""S.CALVINO - G. B. AMICO""",TPTD028511,"I.T.C. I.T.E. ""S.CALVINO"" CORSO SERALE",VIA S. MICHELE N.2,91100,L331,TRAPANI,PERCORSO II LIVELLO,ISTITUTO TECNICO COMMERCIALE,NO,Non Disponibile,TPIS028009@istruzione.it,Non Disponibile,www.iscalvinoamico.gov.it,NO
202526,ISOLE,SICILIA,RAGUSA,RGIS02100T,ARCHIMEDE,RGTD021014,ARCHIMEDE,VIA FABRIZIO 10,97015,F258,MODICA,NORMALE,ISTITUTO TECNICO COMMERCIALE,NO,Non Disponibile,RGIS02100T@istruzione.it,Non Disponibile,www.archimedemodica.edu.it,SI
202526,ISOLE,SICILIA,CATANIA,CTIS00400R,IIS CUCUZZA - EUCLIDE,CTTF004019,CUCUZZA-EUCLIDE - SEZ. ITI,VIA MARIO SCELBA N.1,95041,B428,CALTAGIRONE,NORMALE,ISTITUTO TECNICO INDUSTRIALE,NO,Non Disponibile,CTIS00400R@istruzione.it,Non Disponibile,www.iiscucuzzaeuclide.edu.it,SI
202526,ISOLE,SICILIA,MESSINA,MEIS00900P,I.S.MINUTOLI MESSINA,META00901E,PIETRO CUPPARI,SAN PLACIDO CALONERO',98139,F158,MESSINA,CONVITTO ANNESSO,ISTITUTO TECNICO AGRARIO,NO,Non Disponibile,MEIS00900P@istruzione.it,Non Disponibile,www.istitutosuperioreminutoli.gov.it,SI
202526,ISOLE,SICILIA,PALERMO,PAIS03600R,"I.I.S.S. "" GIOENI - TRABIA """,PATH036505,GIOENI TRABIA,VIA VITTORIO EMANUELE 27,90133,G273,PALERMO,PERCORSO II LIVELLO,ISTITUTO TECNICO NAUTICO,NO,Non Disponibile,PAIS03600R@istruzione.it,Non Disponibile,www.nauticopa.edu.it,NO
202526,ISOLE,SICILIA,MESSINA,MEIS00900P,I.S.MINUTOLI MESSINA,METL00902C,SEDE CARCERARIA GAZZI,FONDO FUCILE GAZZI,Non Disponibile,F158,MESSINA,SPEC. PER CARCERARI,ISTITUTO TECNICO PER GEOMETRI,NO,Non Disponibile,MEIS00900P@istruzione.it,Non Disponibile,www.istitutosuperioreminutoli.gov.it,SI
202526,ISOLE,SICILIA,CATANIA,CTIS023006,IS CARLO GEMMELLARO,CTTD02301C,GEMMELLARO - AMMINISTFIN. E MKT,CORSO INDIPENDENZA229,95122,C351,CATANIA,NORMALE,ISTITUTO TECNICO COMMERCIALE,NO,Non Disponibile,CTIS023006@istruzione.it,Non Disponibile,www.iis-gemmellaro.edu.it,SI
202526,ISOLE,SICILIA,TRAPANI,TPIS002005,"I.I.S.S. ""F. D'AGUIRRE - D. ALIGHIERI""",TPTD00251R,IST.TEC. ECON. -PERC. II LIVELLO -SALEMI,VIA SAN LEONARDO S.N.C.,91018,H700,SALEMI,PERCORSO II LIVELLO,ISTITUTO TECNICO COMMERCIALE,NO,Non Disponibile,TPIS002005@istruzione.it,Non Disponibile,www.istitutodaguirre.edu.it,NO
202526,ISOLE,SICILIA,PALERMO,PAIS01400X,DON CALOGERO DI VINCENTI,PATA01401Q,IST.TEC.AGRARIO DON CALOGERO DI VINCENTI,PIAZZA SANTA MARIA,90034,D009,CORLEONE,NORMALE,ISTITUTO TECNICO AGRARIO,NO,Non Disponibile,PAIS01400X@istruzione.it,Non Disponibile,iisemanuelebasile.it,NO
202526,ISOLE,SICILIA,SIRACUSA,SRIS009004,"IS ""RUIZ"" DI AUGUSTA",SRTF00901L,IST.TEC. SETT.TECNOLOGICO-LIC.SC.,VIA CATANIA 83,96011,A494,AUGUSTA,NORMALE,ISTITUTO TECNICO INDUSTRIALE,NO,Non Disponibile,SRIS009004@istruzione.it,Non Disponibile,www.2superioreaugusta.edu.it,SI
202526,ISOLE,SICILIA,MESSINA,METD05000E,I.T. L.DA VINCI ECONOMICO TECNOLOGICO,METD05000E,I.T. L.DA VINCI ECONOMICO TECNOLOGICO,VIA COLONNELLO MAGISTRI,98057,F206,MILAZZO,NORMALE,IST TEC COMMERCIALE E PER GEOMETRI,SI,Non Disponibile,METD05000E@istruzione.it,metd05000e@pec.istruzione.it,www.davincimilazzo.edu.it,SI
202526,ISOLE,SICILIA,AGRIGENTO,AGIS02300R,IIS - N. GALLO - L. SCIASCIA,AGTF023019,N. GALLO,VIA G. LA PIRA,92014,F299,PORTO EMPEDOCLE,NORMALE,ISTITUTO TECNICO INDUSTRIALE,NO,Non Disponibile,AGIS02300R@istruzione.it,Non Disponibile,www.isgallosciascia.edu.it,SI
202526,ISOLE,SICILIA,PALERMO,PAIS033009,V.RAGUSA E OTAMA KIYOHARA - F.PARLATORE,PATL033012,FILIPPO - PARLATORE,PIAZZA MONTEVERGINI8,90134,G273,PALERMO,NORMALE,ISTITUTO TECNICO PER GEOMETRI,NO,Non Disponibile,PAIS033009@istruzione.it,Non Disponibile,www.iisragusakiyoharaparlatore.edu.it,SI
202526,ISOLE,SICILIA,CATANIA,CTIS00600C,IS ENRICO MEDI,CTTD00601P,ENRICO MEDI,VIA PAPA GIOVANNI PAOLO II,95036,H175,RANDAZZO,NORMALE,ISTITUTO TECNICO COMMERCIALE,NO,Non Disponibile,CTIS00600C@istruzione.it,Non Disponibile,www.iissmedirandazzo.edu.it,SI
202526,ISOLE,SICILIA,SIRACUSA,SRIS02200E,"I.I.S.S. LICEO ARTISTICO ""A GAGINI""",SRTE022018,P.SSA GIOVANNA DI SAVOIA SIRACUSA,VIA PIAZZA ARMERINA 1,96100,I754,SIRACUSA,NORMALE,ISTITUTO TECNICO PER ATTIVITA' SOCIALI (GIA' ITF),NO,Non Disponibile,SRIS02200E@istruzione.it,Non Disponibile,www.iissgagini.edu.it,SI
202526,ISOLE,SICILIA,SIRACUSA,SRIS01400G,MICHELANGELO BARTOLO,SRTF014014,MICHELANGELO BARTOLO,VIA FIUME,96018,G211,PACHINO,NORMALE,ISTITUTO TECNICO INDUSTRIALE,NO,Non Disponibile,SRIS01400G@istruzione.it,Non Disponibile,www.istitutobartolo.edu.it,SI
202526,ISOLE,SICILIA,PALERMO,PAIS04300X,I.S. DON LUIGI STURZO,PATD04351G,IST.T.COM. DON LUIGI STURZO SERALE,VIA S. IGNAZIO DI LOYOLA 7,90011,A546,BAGHERIA,PERCORSO II LIVELLO,ISTITUTO TECNICO COMMERCIALE,NO,Non Disponibile,PAIS04300X@istruzione.it,Non Disponibile,www.iisdalessandro.com,NO
202526,ISOLE,SICILIA,MESSINA,METD08000A,"ITET ""E. FERMI"" ECONOMICO E TECNOLOGICO",METD08001B,SEDE CARCERARIA,Non Disponibile,Non Disponibile,A638,BARCELLONA POZZO DI GOTTO,SPEC. PER CARCERARI,IST TEC COMMERCIALE E PER GEOMETRI,NO,Non Disponibile,METD08000A@istruzione.it,Non Disponibile,www.itcgtfermi.edu.it,SI
202526,ISOLE,SICILIA,CALTANISSETTA,CLIS023005,"I.I.S. ""G.GALILEI - A. DI ROCCO""",CLTA023011,AGRARIA - AGROALIMENTARE - AGROINDUSTRIA,VIA LEONE XIII 64,93100,B429,CALTANISSETTA,CONVITTO ANNESSO,ISTITUTO TECNICO AGRARIO,NO,Non Disponibile,CLIS023005@istruzione.it,Non Disponibile,WWW.IISGALILEIDIROCCO.EDU.IT,SI
202526,ISOLE,SICILIA,SIRACUSA,SRIS02300A,"I.I.S.S ""MAJORANA""",SRTD02301L,MAJORANA AFM -TURISTICO,VIA LABRIOLA1,96012,A522,AVOLA,NORMALE,ISTITUTO TECNICO COMMERCIALE,NO,Non Disponibile,SRIS02300A@istruzione.it,Non Disponibile,https//www.istitutomajoranaavola.edu.it,SI
202526,ISOLE,SICILIA,SIRACUSA,SRIS009004,"IS ""RUIZ"" DI AUGUSTA",SRTD00903C,I.T.C. RUIZ CARCERE AUGUSTA,CONTRADA PIANO IPPOLITO 1,96011,A494,AUGUSTA,SPEC. PER CARCERARI,ISTITUTO TECNICO COMMERCIALE,NO,Non Disponibile,SRIS009004@istruzione.it,Non Disponibile,www.itisaugusta.it,NO
202526,ISOLE,SICILIA,AGRIGENTO,AGIS02300R,IIS - N. GALLO - L. SCIASCIA,AGTL02351V,BRUNELLESCHI,Non Disponibile,Non Disponibile,A089,AGRIGENTO,PERCORSO II LIVELLO,ISTITUTO TECNICO PER GEOMETRI,NO,Non Disponibile,AGIS02300R@istruzione.it,Non Disponibile,www.isgallosciascia.edu.it,NO
202526,ISOLE,SICILIA,MESSINA,MEIS03700V,"I.I.S. ""A.M.JACI - CAIO DUILIO""",METD03751E,"IST. TEC. ECONOMICO "" A.M. JACI""",VIA CESARE BATTISTI 88,98122,F158,MESSINA,PERCORSO II LIVELLO,ISTITUTO TECNICO COMMERCIALE,NO,Non Disponibile,MEIS03700V@istruzione.it,Non Disponibile,JACI.EDU.IT,NO
202526,ISOLE,SICILIA,PALERMO,PAIS01100C,I.I.S.S. LERCARA FRIDDI,PATD01102Q,I.T.C.G. PRIZZI,C.DA CATUSIS.N.,90038,H070,PRIZZI,NORMALE,IST TEC COMMERCIALE E PER GEOMETRI,NO,Non Disponibile,PAIS01100C@istruzione.it,Non Disponibile,https//www.iislercarafriddi.edu.it/,SI
202526,ISOLE,SICILIA,SIRACUSA,SRIS009004,"IS ""RUIZ"" DI AUGUSTA",SRTD00901A,"IST.TEC. SETT. ECONOMICO ""A. RUIZ""",VIA CATANIA 83 E VIA PIRANDELLO 21,96011,A494,AUGUSTA,NORMALE,ISTITUTO TECNICO COMMERCIALE,NO,Non Disponibile,SRIS009004@istruzione.it,Non Disponibile,www.2superioreaugusta.edu.it,SI
202526,ISOLE,SICILIA,MESSINA,METF040006,I.T.I.TORRICELLI - G.TOMASI DI LAMPEDUSA,METF040017,I.T.I. TORRICELLI-G. TOMASI DI LAMPEDUSA,VIA MISERICORDIA,98078,L308,TORTORICI,NORMALE,ISTITUTO TECNICO INDUSTRIALE,NO,Non Disponibile,METF040006@istruzione.it,Non Disponibile,www.itisetorricelli.edu.it,SI
202526,ISOLE,SICILIA,MESSINA,MEIS023001,IIS BORGHESE - FARANDA - PATTI,METD023017,ITCG PATTI BORGHESE,VIA MONSIGNORE A.FICARRA,98066,G377,PATTI,NORMALE,IST TEC COMMERCIALE E PER GEOMETRI,NO,Non Disponibile,MEIS023001@istruzione.it,Non Disponibile,https//www.iisborghesefaranda.edu.it/,SI
202526,ISOLE,SICILIA,PALERMO,PAIS01600G,IS MAJORANA,PATA01601B,I.T.A. AGRARIO MAJORANA,VIA G. ASTORINO 56,90146,G273,PALERMO,NORMALE,ISTITUTO TECNICO AGRARIO,NO,Non Disponibile,PAIS01600G@istruzione.it,Non Disponibile,www.majoranapa.edu.it,SI
202526,ISOLE,SICILIA,ENNA,ENIS00700G,"I.I.S. ""E. MAJORANA-GEN. A. CASCINO""",ENTF007014,ETTORE MAJORANA,PIAZZA SENATORE MARESCALCHI 2,94015,G580,PIAZZA ARMERINA,NORMALE,ISTITUTO TECNICO INDUSTRIALE,NO,Non Disponibile,ENIS00700G@istruzione.it,Non Disponibile,https//www.majoranacascino.edu.it/,SI
202526,ISOLE,SICILIA,TRAPANI,TPIS01800P,"IST. ISTRUZ. SUP. ""L.DA VINCI"" TRAPANI",TPTF018017,"I.T.I. ""L.DA VINCI"" TRAPANI",PIAZZA XXI APRILE S.N.C.,91100,L331,TRAPANI,NORMALE,ISTITUTO TECNICO INDUSTRIALE,NO,Non Disponibile,TPIS01800P@istruzione.it,Non Disponibile,www.isdavincitorre.eu,SI
202526,ISOLE,SICILIA,TRAPANI,TPIS02200A,"I.I.S.S. ""SCIASCIA E BUFALINO"" ERICE",TPTD02201L,"I.I.S.S. ""SCIASCIA E BUFALINO"" - CARCERE",VIA SAN CUSUMANO - CASA CIRCONDARIALE,91016,D423,ERICE,SPEC. PER CARCERARI,ISTITUTO TECNICO COMMERCIALE,NO,Non Disponibile,TPIS02200A@istruzione.it,Non Disponibile,www.gbferrigno.gov.it,NO
202526,ISOLE,SICILIA,PALERMO,PATN01000Q,MARCO POLO,PATN010505,IST.T. TURISMO MARCO POLO SERALE,VIA UGO LA MALFA 113,90146,G273,PALERMO,PERCORSO II LIVELLO,ISTITUTO TECNICO PER IL TURISMO,NO,Non Disponibile,PATN01000Q@istruzione.it,Non Disponibile,www.ittmarcopolo.org,NO
202526,ISOLE,SICILIA,TRAPANI,TPTD03000E,"I.T.E.T. ""G. GARIBALDI"" MARSALA",TPTD03000E,"I.T.E.T. ""G. GARIBALDI"" MARSALA",VIA FICI 23,91025,E974,MARSALA,NORMALE,ISTITUTO TECNICO COMMERCIALE,SI,Non Disponibile,TPTD03000E@istruzione.it,tptd03000e@pec.istruzione.it,www.itetgaribaldi.edu.it,SI
202526,ISOLE,SICILIA,CATANIA,CTIS008004,IS FILIPPO BRUNELLESCHI,CTTN008018,I.I.S. F. BRUNELLESCHI - SEZ. TURISTICO,VIA GUICCIARDINI SN,95024,A028,ACIREALE,NORMALE,ISTITUTO TECNICO PER IL TURISMO,NO,Non Disponibile,CTIS008004@istruzione.it,Non Disponibile,https//www.iis-brunelleschi.edu.it/,SI
202526,ISOLE,SICILIA,CATANIA,CTIS04200G,I.S. RAMACCA - PALAGONIA,CTTD04201T,I.T.COMMERCIALE(SEZ.ASS.I.I.S.PALAGONIA),VIA C. BATTISTI S.N.,95046,G253,PALAGONIA,NORMALE,ISTITUTO TECNICO COMMERCIALE,NO,Non Disponibile,CTIS04200G@istruzione.it,Non Disponibile,www.iisramacca-palagonia.gov.it,SI
202526,ISOLE,SICILIA,CATANIA,CTIS016003,FRANCESCO REDI,CTTF01601G,"""GALILEO FERRARIS""",VIA LEONARDO SCIASCIA 3,95032,A766,BELPASSO,NORMALE,ISTITUTO TECNICO INDUSTRIALE,NO,Non Disponibile,CTIS016003@istruzione.it,Non Disponibile,WWW.isfrancescoredi.gov.it,SI
202526,ISOLE,SICILIA,CALTANISSETTA,CLTD090005,"I.T.E.T. ""RAPISARDI-DA VINCI""",CLTD090005,"I.T.E.T. ""RAPISARDI-DA VINCI""",VIALE REGINA MARGHERITA 27,93100,B429,CALTANISSETTA,NORMALE,IST TEC COMMERCIALE E PER GEOMETRI,SI,Non Disponibile,CLTD090005@istruzione.it,cltd090005@pec.istruzione.it,www.rapisardidavinci.edu.it/,SI
202526,ISOLE,SICILIA,SIRACUSA,SRIS017003,"""ARCHIMEDE"" ROSOLINI",SRTF017533,IST.TEC.IND. ROSOLINI - CORSO SERALE,VIA SANTA ALESSANDRA KM1,96019,H574,ROSOLINI,PERCORSO II LIVELLO,ISTITUTO TECNICO INDUSTRIALE,NO,Non Disponibile,SRIS017003@istruzione.it,Non Disponibile,www.istitutosuperiorearchimede.it,NO
202526,ISOLE,SICILIA,PALERMO,PAIS01700B,"""G. SALERNO""",PATD01701N,"""G. SALERNO""",VIA ROCCO CHINNICI S.N.C,90024,D907,GANGI,NORMALE,ISTITUTO TECNICO COMMERCIALE,NO,Non Disponibile,PAIS01700B@istruzione.it,Non Disponibile,www.isisgangi.edu.it,SI
202526,ISOLE,SICILIA,AGRIGENTO,AGIS02300R,IIS - N. GALLO - L. SCIASCIA,AGTD023013,I.T.E.T. LEONARDO SCIASCIA,VIA RICCARDO QUARTARARO S.N.C.,92100,A089,AGRIGENTO,NORMALE,ISTITUTO TECNICO COMMERCIALE,NO,Non Disponibile,AGIS02300R@istruzione.it,Non Disponibile,www.isgallosciascia.edu.it,SI
202526,ISOLE,SICILIA,ENNA,ENIS02100T,"I.I.S. ""A. LINCOLN""",ENTD02151D,CORSO SERALE DUCA D'AOSTA - ENNA,VIA SALVATORE MAZZA N. 3,94100,C342,ENNA,PERCORSO II LIVELLO,ISTITUTO TECNICO COMMERCIALE,NO,Non Disponibile,ENIS02100T@istruzione.it,Non Disponibile,http//www.iisabramolincolnenna.gov.it,NO
202526,ISOLE,SICILIA,CATANIA,CTIS02600N,"I.I.S.LICEO ""C. MARCHESI"" CL./SC.",CTTF026016,ITI - MASCALUCIA,VIA CASE NUOVE 37,95030,F005,MASCALUCIA,NORMALE,ISTITUTO TECNICO INDUSTRIALE,NO,Non Disponibile,CTIS02600N@istruzione.it,Non Disponibile,www.iismarchesimascalucia.edu.it,SI
202526,ISOLE,SICILIA,ENNA,ENIS00800B,"I.I.S. ""F. FEDELE""",ENTD00801N,SALVATORE CITELLI,VIA PALERMO 78,94017,H221,REGALBUTO,NORMALE,ISTITUTO TECNICO COMMERCIALE,NO,Non Disponibile,ENIS00800B@istruzione.it,Non Disponibile,https//www.fortunatofedele.edu.it/,SI
202526,ISOLE,SICILIA,TRAPANI,TPIS002005,"I.I.S.S. ""F. D'AGUIRRE - D. ALIGHIERI""",TPTD00202C,IST. TECN. ECONOMICO E AGRARIO PARTANNA,VIA A.GRAMSCI N.1,91028,G347,PARTANNA,NORMALE,ISTITUTO TECNICO COMMERCIALE,NO,Non Disponibile,TPIS002005@istruzione.it,Non Disponibile,www.istitutodaguirre.gov.it,SI
202526,ISOLE,SICILIA,SIRACUSA,SRIS024006,"I.S. ""RIZZA-INSOLERA""",SRTD02451T,"IST.TEC.COMM.""RIZZA"" SERALE",VIALE DIAZ 12,96100,I754,SIRACUSA,PERCORSO II LIVELLO,ISTITUTO TECNICO COMMERCIALE,NO,Non Disponibile,SRIS024006@istruzione.it,Non Disponibile,www.istitutorizza.gov.it,NO
202526,ISOLE,SICILIA,CATANIA,CTIS001009,I.S. AMARI-RIZZO-PANTANO GIARRE-RIPOSTO,CTTL001012,ISTITUTO TECNICO L. RIZZO - N.COLAJANNI,Non Disponibile,95018,H325,RIPOSTO,NORMALE,ISTITUTO TECNICO PER GEOMETRI,NO,Non Disponibile,CTIS001009@istruzione.it,Non Disponibile,www.politecnicodelmare.it,NO
202526,ISOLE,SICILIA,CATANIA,CTIS00400R,IIS CUCUZZA - EUCLIDE,CTTA004501,CAT- ITA- IPSSEOA SERALE,VIA MARIO SCELBA5,95041,B428,CALTAGIRONE,PERCORSO II LIVELLO,ISTITUTO TECNICO AGRARIO,NO,Non Disponibile,CTIS00400R@ISTRUZIONE.IT,Non Disponibile,www.isiscucuzza.it,NO
202526,ISOLE,SICILIA,CATANIA,CTIS04200G,I.S. RAMACCA - PALAGONIA,CTTF042014,ITI RAMACCA,VIA FASTUCHERIA 48,95040,H168,RAMACCA,NORMALE,ISTITUTO TECNICO INDUSTRIALE,NO,Non Disponibile,CTIS04200G@istruzione.it,Non Disponibile,www.iisramacca-palagonia.gov.it,SI
202526,ISOLE,SICILIA,TRAPANI,TPIS01800P,"IST. ISTRUZ. SUP. ""L.DA VINCI"" TRAPANI",TPTF01850G,"I.T.I. ""L.DA VINCI"" SERALE -TRAPANI",PIAZZA XXI APRILE S.N.C.,91100,L331,TRAPANI,PERCORSO II LIVELLO,ISTITUTO TECNICO INDUSTRIALE,NO,Non Disponibile,TPIS01800P@istruzione.it,Non Disponibile,www.isdavincitorre.eu,NO
202526,ISOLE,SICILIA,CATANIA,CTIS023006,IS CARLO GEMMELLARO,CTTN02301A,GEMMELLARO - TURISMO,CORSO INDIPENDENZA N. 229,95122,C351,CATANIA,NORMALE,ISTITUTO TECNICO PER IL TURISMO,NO,Non Disponibile,CTIS023006@istruzione.it,Non Disponibile,www.iis-gemmellaro.edu.it,SI
