nome,larghezza_cm,altezza_cm,titolo,sottotitolo,lettura,fonte
edu_fig01_storia_posizione,30,21,"Bagheria migliora su tutti e 5 gli indicatori educativi, e su tutti e 5 scivola indietro","Posizione di Bagheria fra i 390 comuni siciliani su 5 indicatori di istruzione e lavoro, ai tre censimenti decennali 1991-2011: a sinistra quanto è cambiata la quota, a destra il percentile favorevole, cioè la posizione ribaltata (100 meno il percentile) dove salire è peggio, così che in alto significhi sempre ""davanti"". Migliorare e arretrare vanno insieme: la quota di Bagheria sale, quella della mediana regionale sale di più, e a destra si misura la seconda cosa, quella che una politica di convergenza deve spostare. Il capitale umano cresce di più di tutto: diploma o laurea fra i 25-64enni passa da 20,2% a 42,5%, ma la Sicilia cresce di più, e quello stesso indicatore scende dal 63° al 39° percentile. L'occupazione giovanile è il caso limite: +0,4 punti in vent'anni (19,6% → 20%) valgono un crollo dal 32° al 13° percentile.","ogni riga è un indicatore e ogni linea segue Bagheria attraverso i tre censimenti: la pendenza è il movimento in graduatoria, non il movimento del valore. Le etichette di fine linea sono scostate in verticale quel tanto che basta a non sovrapporsi: i pallini stanno sul valore vero, le scritte no. Il nome di ogni riga porta il verso dell'indicatore, così non serve ricordarsi quale direzione sia quella buona, e le fasce d'età, diverse da indicatore a indicatore, sono indicate nel nome di ciascuno. Il percentile è calcolato su tutti e 390 i comuni siciliani di quel censimento, senza esclusioni.","ISTAT, 8milaCensus, censimenti 1991, 2001 e 2011. Il confronto si ferma al 2011, perché 8milaCensus non prosegue oltre e le tavole 2018-2024 hanno definizioni diverse: i due periodi non formano una serie continua. Elaborazione: pipeline/edu (thread educazione), data/processed/edu_historical_bagheria.csv e edu_historical_change_1991_2011.csv."
edu_fig02_catena_2011,28,22,Nel 2011 la scuola dell'obbligo a Bagheria tiene; il distacco comincia subito dopo,"Distanza fra Bagheria e tre territori di riferimento (Palermo, Sicilia e Italia) su sei indicatori del censimento 2011, disposti lungo la catena che porta dalla competenza di base all'ingresso nel lavoro. Lo zero è Bagheria: ogni pallino dice di quanti punti quel territorio sta MEGLIO di Bagheria, con il segno già ribaltato dove scendere è meglio (uscita precoce, NEET). La catena è l'ordine logico dei passaggi, non una serie storica né una coorte seguita nel tempo. Sulla licenza media Bagheria è davanti a Palermo e alla Sicilia, ed è l'unica riga con pallini a sinistra dello zero. Sulle altre 5 tutti e tre i riferimenti le stanno davanti, e la sola distanza dalla Sicilia vale 5,4 punti sull'uscita precoce, 5,4 sul NEET e 4,3 sull'occupazione giovanile. Il passaggio critico sta dopo la licenza media.","ogni riga è un indicatore e i tre pallini sono i tre riferimenti. La riga verticale allo zero è la parità con Bagheria: a destra dello zero il riferimento sta meglio, a sinistra Bagheria sta meglio. L'etichetta numerica compare solo sulla Sicilia, che è il riferimento citato nel testo; Palermo e Italia si leggono sull'asse. Le righe hanno basi diverse e fasce d'età diverse, scritte in ogni riga: si confrontano il segno e l'ordine dei riferimenti, non la lunghezza di una riga contro quella di un'altra, e i sei valori non sono momenti successivi della stessa coorte. Diploma o laurea 25-64 e titolo universitario 30-34 sono gli stessi indicatori di edu_fig01, qui al solo livello 2011: là interessa il movimento nel tempo, qui la posizione rispetto ai riferimenti.","ISTAT, 8milaCensus, censimento 2011. Elaborazione: pipeline/edu (thread educazione), data/processed/edu_historical_benchmarks_2011.csv e edu_historical_bagheria.csv."
edu_fig03_composizione,26,21,"Fra i giovani di Bagheria si svuota la ricerca di lavoro, mentre l'inattività tiene","Composizione della condizione professionale dei 15-24enni di Bagheria, in percentuale della popolazione della classe, dal 2018 al 2024: i quattro stati sono esaustivi e si escludono a vicenda, quindi sommano al 100% in ogni annata rilevata. La pila è appoggiata sugli inattivi non studenti, cioè il segmento di cui parla il claim, perché nella pila solo la banda che tocca lo zero ha uno spessore confrontabile fra annate. Sopra ci sta chi cerca lavoro: insieme sono l'area ""fuori da lavoro e studio"", il cui bordo superiore è la linea tratteggiata, e che è la somma dei due stati alla base e non un quinto stato. In sei anni la quota di chi cerca crolla dal 18,1% al 7,9%, mentre gli inattivi non studenti passano dal 19,6% al 19%: la banda alla base è la stessa di sei anni fa.","la pila è appoggiata sugli inattivi non studenti, cioè il segmento di cui parla il claim, così che la sua banda parta dalla linea di base e il suo spessore si legga senza doverlo misurare a metà pila. Lo spessore verticale di ogni banda in un'annata è la quota di quello stato in quell'anno. Le etichette numeriche riportano la prima e l'ultima annata, mentre le intermedie si leggono sullo spessore delle bande. La striscia grigia verticale occupa l'annata mancante: l'asse si comprime, dove c'è la striscia non c'è misura, e il 2020 non è interpolato. Poiché la composizione somma sempre a 100, una banda che si assottiglia può farlo perché quel gruppo si riduce o perché un altro cresce: la scomposizione fra i due effetti sta in edu_fig04. «Inattivi non studenti» sono i 15-24enni che non lavorano, non cercano e non sono in istruzione: vanno letti per quello, non come il NEET ISTAT 15-29, che a livello comunale non è calcolabile su queste annate.","ISTAT, Censimento permanente della popolazione, tavola della condizione professionale, classe 15-24 anni, 2018-2024 (6.243 residenti nel 2018 e 5.904 nel 2024). Elaborazione: pipeline/edu (thread educazione), data/processed/edu_youth_states_2018_2024.csv."
edu_fig04_scomposizione,28,23,Il recupero dei giovani di Bagheria è quasi tutto ricerca di lavoro che si spegne,"Scomposizione della variazione del numero di 15-24enni di Bagheria in ciascuno dei quattro stati della condizione professionale, fra il 2018 e il 2024, in PERSONE: quante ne toglie o ne aggiunge il restringersi della coorte, e quante il cambiamento del tasso. Le due sommano alla variazione netta. È aritmetica, non un modello: non attribuisce cause al di là del denominatore. Chi cerca lavoro cala di 663 persone e quasi tutto è cambiamento di tasso (-601); gli inattivi non studenti calano di appena 102, e di questi 66 li toglie soltanto la coorte più piccola: il tasso si muove di -35 persone. Il nucleo che non cerca si è quasi solo rimpicciolito con la demografia.","ogni pannello è uno stato e le barre si leggono in cascata: il grigio è l'effetto del restringimento della coorte, il colore è l'effetto del cambiamento del tasso, e la barra vermiglia è la variazione totale, cioè la somma esatta delle due. La riga verticale allo zero separa le variazioni negative dalle positive. Un effetto di popolazione grande con un effetto di tasso piccolo significa che quello stato non si è svuotato per un cambiamento di comportamento, ma perché ci sono meno giovani. La scomposizione è shift-share sui due estremi del periodo: l'effetto popolazione è la variazione della coorte a tasso 2018 fermo, l'effetto tasso è la variazione del tasso applicata alla coorte 2024, e la somma è esatta, con controllo nel notebook. Le variazioni in persone non sommano a zero fra i quattro pannelli, perché la coorte 15-24 si è ristretta (da 6.243 a 5.904 residenti): la loro somma è esattamente l'effetto demografico complessivo, mentre a sommare a zero sono gli effetti di tasso. «Fuori da lavoro e studio» non ha un pannello perché è la somma di «in cerca» e «inattivi non studenti»: vale -764 persone, ma affiancarlo alle sue componenti le conterebbe due volte.","ISTAT, Censimento permanente della popolazione, tavola della condizione professionale, classe 15-24 anni, 2018 e 2024. Elaborazione: pipeline/edu (thread educazione), data/processed/edu_change_decomposition_2018_2024.csv (con edu_youth_states_2018_2024.csv per la coorte)."
edu_fig05_forbice_25_49,30,21,"Bagheria cresce su istruzione e lavoro, ma nel 2024 è dove la Sicilia era già anni prima","Due misure della classe 25-49 anni a Bagheria e in Sicilia, una per pannello, sullo stesso asse degli anni, dal 2018 al 2024: a sinistra la quota con almeno il diploma, a destra il tasso di occupazione, entrambe in percentuale della popolazione della classe. Il 2018 di Bagheria e quello della Sicilia stanno sulla stessa verticale, e la distanza fra le due linee è il divario di quell'annata. I due pannelli vengono da due tavole aggregate distinte, quindi la figura dice se il territorio avanza su entrambe le dimensioni, non se sia lo stesso individuo a essere diplomato e occupato. Bagheria sale su tutte e due e il divario resta stabile, ma la Sicilia resta avanti: nel 2024 è al 62,4% di diplomati contro 66,5% e al 53,6% di occupati contro 59,3%. Il tratteggio porta il livello di Bagheria 2024 indietro fino all'annata in cui la Sicilia lo aveva già raggiunto: 4 anni sul diploma, 3 anni sull'occupazione. Il territorio si muove, con anni di ritardo.","in ogni pannello le due linee sono Bagheria e la Sicilia sullo stesso asse degli anni, quindi la distanza verticale fra le due in un'annata è il divario di quell'annata. La linea tratteggiata orizzontale porta il livello di Bagheria nel 2024 indietro nel tempo fino all'annata in cui la Sicilia lo aveva già raggiunto: la sua lunghezza è il ritardo in anni, ed è la quantità che il titolo enuncia. Il ritardo è letto sui punti osservati ed è una stima per difetto, perché il sorpasso vero è avvenuto prima, in un punto fra due rilevazioni che qui non si stima. I due pannelli hanno scale verticali proprie, perché misurano cose diverse: le altezze non vanno confrontate fra pannelli, solo le distanze dentro ciascuno. Il 2020 esiste nella tavola istruzione e manca in quella lavoro: nel pannello destro la linea è interrotta e nessun valore è interpolato, mentre l'asse resta lineare in entrambi perché i due pannelli devono restare allineati. L'incrocio fra titolo di studio e condizione professionale non esiste nei dati comunali pubblici: questa non è l'occupazione dei diplomati. La fascia 25-49 è quella dove le due tavole condividono l'età: è più larga del target 15-34 dell'hackathon e resta separata dalle serie 15-24 delle altre figure del thread.","ISTAT, Censimento permanente della popolazione, tavola istruzione e tavola della condizione professionale, classe 25-49 anni, 2018-2024. Elaborazione: pipeline/edu (thread educazione), data/processed/edu_gaps_vs_sicily.csv."
edu_fig06_gap_sicilia,26,19,"Bagheria recupera, e il divario con la Sicilia resta dov'era","Differenza fra Bagheria e la Sicilia, in punti percentuali, su tre misure della classe 15-24 anni, dal 2018 al 2024: tasso di occupazione, quota di inattivi non studenti e quota fuori da lavoro e studio. La figura mostra i divari e non i livelli, ed è una scelta di misura: il confronto in differenze regge alla rottura di misura fra il 2019 e il 2021, comune a tutti i territori, mentre i livelli delle singole componenti no. L'occupazione resta 3,1 punti sotto (era 3,1 nel 2018); inattività e area fuori da lavoro e studio restano sopra.","la riga orizzontale allo zero è la parità con la Sicilia, e la distanza di ogni punto da quella riga è il divario di quell'annata. Il verso favorevole cambia da misura a misura, e va letto insieme al nome: per l'occupazione un divario negativo è sfavorevole a Bagheria, mentre per gli inattivi non studenti e per l'area fuori da lavoro e studio è sfavorevole un divario positivo. La striscia grigia verticale occupa l'annata mancante: dove c'è la striscia non c'è misura, e il 2020 non è interpolato. Fra il 2019 e il 2021 il censimento permanente cambia la definizione di «in cerca di occupazione»: è la ragione per cui la figura si limita alle differenze.","ISTAT, Censimento permanente della popolazione, tavola della condizione professionale, classe 15-24 anni, 2018-2024 (5.904 residenti a Bagheria e 508.999 in Sicilia nell'ultima annata). Elaborazione: pipeline/edu (thread educazione), data/processed/edu_gaps_vs_sicily.csv (con edu_youth_states_2018_2024.csv per i denominatori)."
edu_fig07_pari_2011,27,22,"Fra 10 comuni siciliani costruiti per somigliarle, Bagheria è in mezzo sull'istruzione e in fondo sul lavoro","Posizione di Bagheria dentro un gruppo di 10 comuni siciliani costruiti per somigliarle, su cinque indicatori del censimento 2011: ogni riga è un indicatore e mostra dove cade Bagheria nella nuvola dei suoi pari. Ogni pallino grigio è uno dei pari; il vermiglio è Bagheria, la tacca scura la mediana dei pari. I tre indicatori in alto sono serviti a scegliere i pari, quindi che Bagheria stia in mezzo è atteso per costruzione: quel blocco è il collaudo dell'appaiamento, non un risultato. I due in basso non hanno partecipato alla selezione, e lì la posizione dice qualcosa: sull'occupazione giovanile Bagheria sta 4,1 punti sotto la mediana dei pari (20% contro 24,1%). Il divario resta anche fra comuni scelti per somigliarle, oltre che nel confronto con Palermo o con la media regionale.","ogni pallino grigio è uno dei 10 comuni pari, il pallino vermiglio è Bagheria e la tacca scura è la mediana dei soli pari, con Bagheria esclusa dal calcolo. Lo scarto citato nel sottotitolo è in punti favorevoli: è il valore di Bagheria meno la mediana dei pari dove salire è meglio, e l'opposto dove salire è peggio, quindi un valore negativo significa sempre che Bagheria sta peggio. Le righe hanno basi diverse e fasce d'età diverse, scritte in ogni riga: si confronta la posizione dentro ciascuna nuvola, non la lunghezza di una riga contro quella di un'altra. Con 10 osservazioni conta la dispersione più della graduatoria: la figura mostra dove cade Bagheria dentro la nuvola, non che posto occupa. I pari sono i comuni siciliani più vicini a Bagheria entro un caliper di popolazione, appaiati su struttura demografica, abitativa ed educativa, e gli esiti (occupazione 15-29 e NEET 15-29) restano fuori dalla distanza di appaiamento: è ciò che rende la loro posizione informativa. Resta un confronto descrittivo fra territori e mai causale: comuni simili su alcune variabili osservabili non sono un controllo sperimentale.","ISTAT, 8milaCensus, censimento 2011. Anno e fasce sono diversi dalle serie 2018-2024 delle altre figure del thread: è il gruppo di controllo storico, non un termine di paragone con il censimento permanente. Elaborazione: pipeline/edu (thread educazione), data/processed/edu_matched_peers_2011.csv."
edu_fig08_popolazione,24,19,Lo stock di giovani si assottiglia a Bagheria esattamente come in tutta la Sicilia,"Popolazione residente nella fascia 15-34 anni dal 2021 al 2024 su quattro territori, espressa come numero indice con base 100 nel 2021: quattro territori di dimensione incomparabile si confrontano così sul ritmo e non sui totali, e l'indice non dice nulla sui livelli. Bagheria perde il 2,6% dei suoi 15-34enni, la Sicilia il 2,6%: le due traiettorie divergono di poco a metà periodo e si richiudono, e alla fine distano 0,02 punti d'indice. È un risultato negativo, e serve: il calo giovanile di Bagheria è la demografia dell'isola, prima che un'anomalia locale da spiegare con la fuga. Che l'Italia nello stesso periodo faccia +1,2% dimostra che questa scala le differenze le mostra, quando ci sono.","ogni linea è un territorio e parte da 100 nel 2021: la sua altezza in un'annata è quindi la variazione percentuale cumulata da quell'anno, non un valore assoluto. Le etichette di fine linea sono scostate in verticale quel tanto che basta a non sovrapporsi, perché Bagheria e Sicilia arrivano a 0,02 punti d'indice l'una dall'altra: i pallini stanno sul valore vero, le scritte no. Che le due linee siano quasi sovrapposte è il finding, e che l'Italia se ne stacchi dimostra che questa scala le differenze le mostra quando ci sono. Lo stock non identifica la migrazione: una popolazione che si riduce somma nascite, morti, immigrazioni, emigrazioni e l'invecchiamento delle coorti che entrano ed escono dalla fascia, e il numero non va citato come misura di chi se ne va. La finestra parte dal 2021 perché le età singole, necessarie a ricostruire la fascia 15-34, esistono solo da quell'anno: le altre figure del thread usano la classe 15-24 sul 2018-2024, e le due finestre restano separate.","ISTAT, Censimento permanente della popolazione, popolazione residente per età singola, fascia 15-34 anni, 2021-2024 (nel 2021: Bagheria 12.174; Palermo 137.091; Italia 12.002.452; Sicilia 1.060.515 residenti). Elaborazione: pipeline/edu (thread educazione), data/processed/edu_youth_population_15_34.csv."
edu_fig09_appendice_modelli,28,25,Bagheria sta sotto l'atteso in tutte e 6 le specifiche; sull'occupazione le tre restano senza capacità predittiva,"Quanto Bagheria si discosta dal valore che un modello, addestrato sugli altri 389 comuni siciliani con Bagheria esclusa, le assegnerebbe: a sinistra il residuo (osservato meno previsto) su due esiti del censimento 2011 e tre specifiche ciascuno, a destra la capacità predittiva di ognuno di quei modelli. I due pannelli si leggono insieme, perché il primo dice il segno dello scarto e il secondo dice se quel numero abbia una grandezza citabile. A sinistra tutti e sei i residui sono sfavorevoli e nessun intervallo tocca lo zero. A destra il motivo per cui questa resta una pagina d'appendice. Sull'occupazione il R² in validazione vale -0,05, -0,04, 0,05: 2 di quei tre modelli prevedono peggio di chi rispondesse sempre la media (sono quelli col pallino vuoto) e il terzo, a 0,05, non fa molto meglio. Su quell'esito il residuo ha un segno leggibile e nessuna grandezza citabile. Sul NEET storico la capacità predittiva è moderata (0,38-0,45), e lì il residuo si legge come misura, restando descrittivo.","nel pannello di sinistra ogni riga è una specifica e la barra orizzontale è l'intervallo di confidenza bootstrap al 95% del residuo: che nessun intervallo tocchi lo zero significa che lo scarto è nella stessa direzione in tutte le specifiche. Il residuo è in punti favorevoli, cioè osservato meno previsto dove salire è meglio (occupazione) e il segno opposto dove salire è peggio (NEET); gli estremi dell'intervallo si ribaltano e si scambiano insieme al residuo, così il basso resta il basso. Nel pannello di destra il pallino pieno segnala un modello con capacità predittiva positiva, il pallino vuoto un modello che sui dati non visti fa peggio della semplice media: davanti a un pallino vuoto il residuo della riga corrispondente si legge solo come segno, mai come misura. La riga verticale allo zero separa i due casi, e la misura è l'R quadro in validazione incrociata a 10 falde: quando è negativo il modello non è «poco preciso», è senza contenuto predittivo. Le tre specifiche aggiungono variabili una sull'altra (istruzione, poi mobilità, poi contesto territoriale) e non sono modelli alternativi da mettere in gara: servono a vedere se il segno del residuo sopravvive a specifiche diverse. Sono regressioni ecologiche fra comuni e mai causali: il residuo dice che Bagheria si discosta dai comuni con tratti simili, non che un tratto produca l'esito.","ISTAT, 8milaCensus, censimento 2011. Elaborazione: pipeline/edu (thread educazione), data/processed/edu_model_robustness_2011.csv e edu_historical_bagheria.csv."
edu_fig10_appendice_mobilita,29,26,"Da Bagheria si esce per lavorare molto più che per studiare, e dove si vada resta fuori dal dato","Appendice sulla mobilità: nel pannello di sinistra la quota di chi esce dal comune sul totale di chi si sposta ogni giorno per quel motivo, per quattro territori e per i due motivi (lavoro e studio), anno 2019; nei pannelli di destra due indicatori storici di mobilità del censimento 2011, ciascuno con il proprio denominatore. La figura descrive e non spiega: serve a dire cosa la mobilità permette di affermare e cosa no. Nel 2019 il 38,4% di chi si sposta per lavoro esce dal comune, contro il 14,9% di chi si sposta per studio: 23,4 punti di distanza, la più larga dopo quella italiana. Rispetto alla Sicilia Bagheria manda fuori PIÙ lavoratori (38,4% contro 30,9%) e MENO studenti (14,9% contro 20,6%). È una descrizione, non una spiegazione. Quello che manca è ciò che servirebbe a farne una policy: la tavola si ferma a «fuori comune», quindi la destinazione resta ignota; i due indicatori storici hanno denominatori incompatibili e stanno in due pannelli separati; e il GTFS disponibile copre la rete urbana di Palermo, non il collegamento da Bagheria.","nel pannello di sinistra ogni riga è un territorio e i due pallini sono i due motivi dello spostamento: la loro distanza descrive quel territorio, non un divario fra lavoro e studio, perché i pendolari per lavoro e quelli per studio sono due popolazioni distinte. Il confronto legittimo è quindi fra territori sullo stesso motivo. Nei pannelli di destra ogni pannello ha il suo asse perché i due indicatori non condividono il denominatore (M2 rapporta chi esce dal comune alla popolazione fino a 64 anni, M6 rapporta chi usa il mezzo collettivo ai soli residenti che si spostano ogni giorno): le due altezze non vanno confrontate a occhio. Bagheria è in vermiglio, gli altri territori restano in grigio o nei colori che portano in tutta la cartella. Palermo compare a valori bassissimi per costruzione e non per merito: è il capoluogo del proprio bacino, quindi i suoi residenti trovano lavoro e scuole dentro il comune. La destinazione non è nel dato: la tavola distingue solo «stesso comune» e «altro comune», e nessun numero di questa figura dice quante persone vanno a Palermo. Il feed GTFS disponibile (AMAT Palermo S.p.A., 20260727-20260831: 71 linee, 1.653 fermate) descrive la rete urbana di Palermo e non include il tratto Bagheria-Palermo, quindi nessun risultato ne dipende. La mobilità resta contesto: nel pilota può entrare solo come barriera registrata caso per caso e testata su uno specifico sottogruppo, mai come causa identificata del divario occupazionale.","ISTAT, Censimento permanente della popolazione, tavola del pendolarismo giornaliero, 2019 (pannello sinistro), e ISTAT, 8milaCensus, censimento 2011 (pannelli destri). Elaborazione: pipeline/edu (thread educazione), data/processed/edu_census_commuting_long.csv, edu_commuting_appendix.csv, edu_indicator_dictionary.csv e edu_palermo_gtfs_summary.csv."
fig01_gap_tre_scale,34,19,"Delle tre scale del divario, solo il livello femminile tiene Bagheria in fondo ogni anno","Tasso di occupazione della classe 15-24 anni, dal 2018 al 2024, su cinque territori, letto su tre scale della stessa disuguaglianza: il divario in punti percentuali (tasso maschile meno tasso femminile), il rapporto fra i due tassi (quante volte il tasso maschile contiene quello femminile) e il livello femminile (occupate ogni 100 coetanee residenti). Le tre scale misurano lo stesso fenomeno e ordinano i territori in modo diverso, quindi vanno lette una per volta: non si sommano e non si convertono l'una nell'altra. In punti il divario è più largo dove si lavora di più: l'Italia sta sopra Bagheria (9,7 contro 8,3 nel 2024) perché lì lavora il 17,3% delle ragazze contro l'8,2%. Su questa scala Bagheria compare fra le più virtuose, ed è proprio l'avvertenza da tenere. In rapporto è il più sbilanciato del panel nella maggioranza delle annate: un ragazzo ha il doppio della probabilità di lavorare di una coetanea. Ma il vicinato lo segue a un soffio (1,98× contro 2,01×) e comune per comune Santa Flavia arriva a 2,29×: in rapporto il divario è un tratto di zona. A reggere ogni annata è la terza scala: il tasso femminile di Bagheria (8,2% nel 2024) è il minimo del panel in tutti gli anni misurati. È il livello, non il divario, il claim da portare nella proposal.","la striscia grigia verticale fra il 2019 e il 2021 occupa l'annata mancante: il 2020 manca alla fonte sulla classe 15-24 in tutti i territori, la serie resta interrotta e nessun valore è interpolato. Nel pannello centrale la riga tratteggiata orizzontale a 1,0 è la parità fra i due tassi. Le bande del primo pannello sono l'intervallo di confidenza al 95% di Newcombe sulla differenza fra due proporzioni, costruito sui limiti di Wilson dei due tassi; sul secondo e sul terzo pannello la banda manca perché l'intervallo esportato è quello della differenza, e ricalcolarlo in R sposterebbe una trasformazione fuori dalla pipeline. Bagheria è in vermiglio, Palermo in viola, la Sicilia in ambra, l'Italia in grigio, il vicinato in verde acqua; blu e rosa restano riservati a maschi e femmine nelle altre figure di questa cartella. Il divario in punti è compresso dai livelli bassi: dove lavorano poche persone di entrambi i generi la differenza assoluta resta piccola anche a parità di svantaggio relativo, ed è la ragione per cui il primo pannello mette Bagheria in posizione apparentemente buona. Sul livello Bagheria è ultima in ogni annata, ma per poco: nel 2023 sono 8,0% contro 8,1%, quindi a distinguere Bagheria è il livello, non lo scarto in graduatoria. Vicinato = i cinque comuni più vicini per distanza fra i centroidi, con i conteggi sommati prima del rapporto; le serie dei singoli comuni stanno in genere_gap_occupazione_ci_vicini.csv, dove su 10-28 mila abitanti gli intervalli sono larghi il quintuplo.","ISTAT, Censimento permanente della popolazione, tavola della condizione professionale, classe 15-24 anni, 2018-2024. Elaborazione: notebooks/genere.ipynb (data/processed/genere_gap_occupazione_ci.csv, genere_gap_occupazione_ci_vicini.csv e genere_platea.csv)."
fig02_composizione_stato,30,24,"Stessa quota fuori da lavoro e istruzione, ragioni opposte: una ragazza su sette è casalinga","Come si distribuiscono i 5.904 residenti di 15-24 anni di Bagheria nell'anno 2024: dal totale ai due generi, dai sei stati della condizione professionale ai tre esiti. Lo spessore di ogni nastro è un numero di persone, non una percentuale. È una partizione della stessa popolazione in un solo anno, quindi ogni nastro è una quota di oggi e non un percorso individuale; il confronto fra territori sulla quota di casalinghe, la sola statistica che separa Bagheria dal panel, sta in fig02b. Fuori da lavoro e istruzione (il proxy del NEET calcolabile a scala comunale) c'è più di un giovane su quattro in entrambi i generi: 26,7% delle ragazze (771) e 27,1% dei ragazzi (818). Ma i due nastri arrivano da monte opposto: sono casalinghe il 13,4% delle ragazze contro l'1,7% dei ragazzi, quasi il triplo dell'incidenza nazionale (4,6%), mentre l'«altra condizione» pesa il 16,1% sui ragazzi contro il 6,4% sulle ragazze. E le casalinghe non sono spose: le già coniugate 15-24 sono 41 contro 387 casalinghe, quindi almeno l'89% è nubile. Il terzo nodo (fuori anche dalla ricerca di lavoro) raccoglie 573 ragazze e 549 ragazzi: è il gruppo che nessuna politica attiva intercetta, perché non si presenta a nessuno sportello.","si legge da sinistra a destra, in quattro colonne: il totale, i due generi, i sei stati della condizione, i tre esiti. Lo spessore di ogni nastro resta costante da un capo all'altro, perché il flusso si conserva e nessuno si perde per strada. Il colore dei nastri è lo stato di partenza, quindi dove due nastri di colore diverso entrano nello stesso nodo d'arrivo si vede da dove arriva ciascun genere. I nodi d'arrivo sono grigi perché sono somme e non categorie. L'etichetta dentro un blocco compare solo dove il blocco è abbastanza alto da contenerla: gli stati più piccoli li dice la legenda, e le loro quote stanno nel sottotitolo. Le posizioni verticali sono geometria del diagramma e non una scala: per questo non c'è asse e non c'è griglia. I tre nodi d'arrivo sono la convenzione di questo repo («fuori da lavoro e istruzione» = tutti meno occupati e studenti), spezzata in due secondo la ricerca di lavoro: vanno letti per quello, non come il NEET ISTAT 15-29, che a livello comunale esiste solo al 2011 (fig08).","ISTAT, Censimento permanente della popolazione, tavola della condizione professionale, classe 15-24 anni, 2024, più DCIS_POPRES1 (1° gennaio 2025) per lo stato civile. Elaborazione: notebooks/genere.ipynb (data/processed/genere_composizione_stato_dettaglio.csv per persone ed esiti, genere_fuori_lavoro_istruzione.csv per il totale del proxy, genere_casalinghe.csv e genere_stato_civile.csv per le nubili)."
fig02b_casalinghe_territori,26,17,La quota di casalinghe è un tratto di zona: il vicinato di Bagheria arriva ancora più in alto,"Quota di ragazze di 15-24 anni che il censimento classifica come casalinghe, in percentuale delle coetanee residenti, su cinque territori, anno 2024. La condizione non è dichiarata dalla persona né contata: dal 2021 ISTAT la stima con un modello, sommando per comune probabilità individuali, e non ne pubblica l'errore. Va letta come etichetta, non come misura del lavoro di cura; da dove arrivi questa quota dentro la popolazione 15-24 di Bagheria, e dove porti, lo mostra fig02. A Bagheria sono 13,4% (387 ragazze) e nei cinque comuni più vicini 13,6%: il livello prosegue oltre il confine comunale. Palermo è a 11,3%, la Sicilia a 10,1%, l'Italia a 4,6%, quindi Bagheria vale 2,9× l'incidenza nazionale. Fra i ragazzi la stessa condizione pesa l'1,7% a Bagheria e lo 0,6% in Italia: il divario è di zona, la condizione è di genere.","ogni riga è un territorio e la lunghezza del segmento è la quota, ripetuta in cifre a destra del pallino. L'ordine delle righe è geografico e non per valore, dal comune al paese: la discesa da Bagheria all'Italia è il finding, non l'effetto dell'ordinamento. I colori sono quelli che i territori portano in tutta la cartella (Bagheria in vermiglio, il vicinato in verde acqua, Palermo in viola, la Sicilia in ambra, l'Italia in grigio) e non codificano nessuna variabile in più. Vicinato = i cinque comuni più vicini per distanza fra i centroidi, con i conteggi sommati prima della quota: è la quota del blocco, non la media delle cinque quote. Una sola annata, quindi la figura è una fotografia e non una tendenza: la serie completa sta in genere_composizione_stato_dettaglio.csv, e si legge solo dal 2021, perché il 2018-2019 viene da un altro metodo. La quota è una stima di modello (i conteggi comunali non sono interi): le differenze piccole fra territori vicini vanno lette con cautela.","ISTAT, Censimento permanente della popolazione, tavola della condizione professionale, classe 15-24 anni, 2024. Elaborazione: notebooks/genere.ipynb (data/processed/genere_composizione_stato_dettaglio.csv, genere_composizione_stato_dettaglio_vicini.csv per il vicinato aggregato, genere_casalinghe.csv per il conteggio e genere_platea.csv per i denominatori; genere_interi_condizione.csv per la natura di stima)."
fig02c_composizione_territori,28,24,Alle ragazze di Bagheria mancano 9 punti di occupazione: riappaiono quasi tutti fra le casalinghe,"Composizione della condizione professionale della classe 15-24 anni, in percentuale della popolazione della classe, anno 2024, su cinque territori e separatamente per genere: un territorio per riga, in ordine geografico, e ogni barra somma 100. La figura mostra quindi come si ridistribuisce la stessa popolazione, non i livelli assoluti; la partizione su Bagheria sola, con i tre esiti aggregati e i conteggi, sta in fig02, e il dettaglio sulle sole casalinghe in fig02b. Fra le ragazze Bagheria sta a 8,2% di occupate contro 17,3% dell'Italia, mentre le casalinghe pesano 13,4% contro 4,6%: 9,1 punti persi da una parte, 8,8 ritrovati dall'altra. E il tempo va altrove che allo studio, perché le studentesse sono 65,1% contro 67,8%. Sui ragazzi il buco di occupazione è quasi identico (10,4 punti), ma la quota riemerge nell'«altra condizione» (+7,6), non fra le casalinghe. Stesso divario, destinazioni diverse. Il vicinato segue Bagheria o va oltre su entrambe le voci: il fenomeno prosegue oltre il confine comunale.","in una barra impilata solo i segmenti ancorati a un bordo sono confrontabili fra righe, perché gli altri partono da un offset diverso in ogni riga. Per questo l'ordine delle categorie non è narrativo: «occupati» sta al bordo sinistro e «casalinghe/i» al destro, e sono le due voci del confronto fra territori; le altre quattro si leggono dentro un territorio, non fra territori. L'ordine delle righe è geografico e non per valore, dal comune al paese. La graffa in cima aggrega i quattro stati oltre «studenti»: è la convenzione di questo repo («fuori da lavoro e istruzione» = tutti meno occupati e studenti), non il NEET ISTAT 15-29, che a scala comunale esiste solo al 2011. Il totale che la graffa aggrega viene da genere_fuori_lavoro_istruzione.csv, perché sommare qui le quote già arrotondate darebbe un decimo in più; per lo stesso motivo la barra normalizza per allineare i bordi, mentre l'etichetta resta il numero pubblicato. L'etichetta compare solo sui segmenti che la reggono (quota di almeno 4,5%): sotto quella soglia il testo è più largo del segmento e sconfinerebbe su quelli accanto. Vicinato = i cinque comuni più vicini per distanza fra i centroidi, con i conteggi sommati prima delle quote: sono le quote del blocco, non la media delle cinque quote.","ISTAT, Censimento permanente della popolazione, tavola della condizione professionale, classe 15-24 anni, 2024. Elaborazione: notebooks/genere.ipynb (data/processed/genere_composizione_stato_dettaglio.csv, genere_composizione_stato_dettaglio_vicini.csv per il vicinato aggregato e genere_platea.csv per i denominatori)."
fig03_coorti,24,21,"I ragazzi se ne vanno presto, le ragazze dopo i 25 anni","Quota della coorte del 2021 ancora residente tre anni dopo, in percentuale della coorte di partenza (chi aveva 15-19 anni nel 2021 ne ha 18-22 nel 2024), per genere e per classe quinquennale d'età, su cinque territori. È una misura netta di saldo: comprende sia chi parte sia chi arriva, non distingue le destinazioni e incorpora l'aggiustamento post-censuario delle stime di popolazione; lo stesso fenomeno per età singola, che individua la finestra esatta, sta in fig07. Sotto il 100% la coorte si è ridotta. Bagheria resta sotto il livello italiano in ogni cella, ma la perdita femminile si concentra dopo i 25 anni, l'età in cui il vantaggio educativo dovrebbe convertirsi in lavoro. Sulla coorte 25-29 le ragazze di Bagheria scendono a 96,3%, nel vicinato salgono a 102,4%: è un tratto di Bagheria, non della zona.","la riga tratteggiata verticale a 100% è la parità: a sinistra la coorte si è ridotta, a destra è cresciuta. Ogni riga è un territorio e ogni pannello una coorte. Il segmento grigio unisce i due generi dello stesso territorio, e la sua lunghezza è il divario. Il pallino grande rosa è il valore femminile, quello piccolo blu il maschile: i diametri sono diversi apposta, così dove i due valori coincidono si vede un anello e non un dato mancante. I numeri stampati ai lati del segmento sono gli stessi valori dei pallini che toccano, messi all'esterno per non sovrapporsi. I valori sono quote grezze, senza lisciamento, e la scala è stretta di pochi punti: si leggono i pattern rispetto al riferimento nazionale, non i decimali. Vicinato = i cinque comuni più vicini per distanza fra i centroidi, con le coorti sommate prima del rapporto: è il rapporto del blocco, non la media dei cinque rapporti.","ISTAT, Censimento permanente della popolazione, età singole, anni 2021 e 2024. Elaborazione: notebooks/genere.ipynb (data/processed/genere_coorti.csv, genere_coorti_vicini.csv e genere_ritenzione_eta.csv per i denominatori)."
fig04_mappa_sicilia,26,39,Nel 2024 Bagheria arriva dove stava la mediana siciliana nel 2011,"Tasso di occupazione femminile sulla popolazione di 15 anni e più, per comune siciliano, anno 2024: in alto la carta dell'isola, in basso la distribuzione dello stesso indicatore confrontata con quella del 2011. Conta la distanza fra livello e posizione; la graduatoria con i nomi sta in fig04c. Il livello di Bagheria sale da 18,1% a 23,7%, ma la mediana regionale sale da 23,6% a 28,3%. La posizione tiene: dal 12° al 17° percentile, con 66 comuni su 390 più in basso. Resta nella coda bassa della Sicilia, dov'era già nel 2011. Anche i cinque vicini restano sotto la mediana; Palermo, a 18 km, la supera appena (29,6%). Ed è una fotografia ancora valida: la graduatoria del 2011 predice quella del 2024 (rho di Spearman 0,848, in fig04b).","sulla carta il colore è il valore, su scala continua viridis: più chiaro significa occupazione femminile più alta, e la stessa scala vale per le barre dell'istogramma sotto. Sono etichettati Bagheria (bordo vermiglio) e i cinque comuni più vicini per distanza fra i centroidi (bordo scuro, tutti entro 8,1 km): a questa scala i loro poligoni sono un punto, quindi le sei righe sono raccolte da una graffa sola in mare, ordinate per valore decrescente. Palermo ha bordo viola e un richiamo suo perché non è un vicino ma il termine di paragone. Gli estremi regionali non sono etichettati sulla carta, perché cambiano comune fra le due annate, e si leggono agli estremi dell'istogramma. Misiliscemi, istituito nel 2021 per distacco da Trapani, è disegnato in grigio e resta fuori dai 390 comuni delle due annate: nel 2011 non esisteva e il dato non gli è attribuibile. È l'unica esclusione. Nell'istogramma le barre piene sono il 2024 e il profilo grigio vuoto è il 2011: sono sovrapposti e non affiancati perché il risultato è lo scorrimento dell'intera distribuzione. Le linee verticali tratteggiate sono i valori del 2011 e quelle piene i valori del 2024, in vermiglio per Bagheria e in grigio per la mediana regionale; la freccia vermiglia misura quanto Bagheria si è spostata. Le due annate vengono da due rilevazioni con disegni diversi (universale a questionario il censimento 2011, campionaria sui registri il permanente). Su questo indicatore il confronto fra livelli regge: nel 2018 il permanente dà valori entro un punto da quelli del 2011 su Bagheria, Palermo, Sicilia e Italia (notebooks/genere.ipynb, «Il ponte fra i due censimenti»). Per prudenza la persistenza della graduatoria, in fig04b, usa comunque i percentili. La fascia (15 anni e più) e gli anni sono diversi dalle serie 15-24 del thread: la figura è contesto di lungo periodo, non un termine di paragone. Il riquadro della carta è centrato sulla terraferma e non sull'estensione con tutte le isole minori: restano fuori Lampedusa e Linosa, Pantelleria e Marettimo, che sono comunque nel dato e nell'istogramma, mentre Ustica, Levanzo, Favignana e le Eolie sono in carta.","ISTAT, 8milaCensus, indicatore L11 (censimento 2011) e Censimento permanente della popolazione (2018-2024, il 2020 manca alla fonte), tasso di occupazione femminile sulla popolazione di 15 anni e più. Confini: ISTAT, unità amministrative generalizzate al 01/01/2026, sistema di riferimento EPSG:32633 (WGS 84 / UTM 33N). Elaborazione: notebooks/genere.ipynb (data/processed/genere_mappa_occupazione_femminile.csv, genere_mappa_2011_2024.csv e genere_distribuzione_390.csv)."
fig04b_persistenza,21,24,La graduatoria del 2011 predice quella del 2024: il posizionamento è una fotografia ancora valida,"Posizione di ogni comune siciliano nella graduatoria regionale del tasso di occupazione femminile, espressa in percentile: nel 2011 sull'asse orizzontale e nel 2024 sull'asse verticale. È un'affermazione di metodo e non di geografia, perché dice quanto duri una posizione; dove stia Bagheria nella distribuzione siciliana, e come si sia mossa tutta l'isola, sta in fig04. Ogni punto è uno dei 390 comuni. Sulla diagonale stanno i comuni che in graduatoria hanno tenuto il posto: la nuvola le sta stretta attorno (rho di Spearman 0,848). Nel quadrato in basso a sinistra il quintile più povero di lavoro femminile: 74% di chi ci stava nel 2011 ci sta ancora. Bagheria è fra quelli, dal 12° al 17° percentile: in tredici anni il livello è salito (fig04), la posizione ha tenuto.","ogni punto grigio è un comune. La retta tratteggiata è la diagonale, cioè «stessa posizione nelle due annate»: sopra la diagonale stanno i comuni risaliti in graduatoria, sotto quelli scesi, e più un punto è lontano dalla retta più si è mosso. Il quadrato grigio in basso a sinistra è il quintile più basso in entrambe le annate: 74% di chi ci stava nel 2011 ci sta ancora nel 2024. Bagheria è il punto vermiglio, i 5 comuni vicini sono in verde acqua, e stanno tutti dentro il quadrato: il richiamo di Bagheria esce a destra perché un'etichetta dentro il mucchio coprirebbe altri comuni. Gli assi non sono forzati a un quadrato: il rapporto lo danno le dimensioni della figura, e la diagonale resta comunque disegnata come retta di riferimento. Gli assi portano percentili e non punti percentuali di proposito, perché le due rilevazioni hanno disegni diversi (universale a questionario la prima, campionaria sui registri la seconda): il livello ne risente, il rango dentro l'anno molto meno, e i due valori di rho lo mostrano (0,848 fra 2011 e 2024, 0,919 dentro la sola rilevazione permanente). Misiliscemi, istituito nel 2021 per distacco da Trapani, è l'unica esclusione dai 390 comuni disegnati.","ISTAT, 8milaCensus, indicatore L11 (censimento 2011) e Censimento permanente della popolazione (2024), tasso di occupazione femminile sulla popolazione di 15 anni e più. Fascia e anni sono diversi dalle serie 15-24 del thread: è contesto di lungo periodo, non un termine di paragone. Elaborazione: notebooks/genere.ipynb (data/processed/genere_mappa_2011_2024.csv e genere_distribuzione_390.csv)."
fig04c_graduatoria_390,28,27,"In cima la costa ionica, in fondo l'entroterra: Bagheria è 324ª su 390","Graduatoria dei 390 comuni siciliani per tasso di occupazione femminile sulla popolazione di 15 anni e più, 2024: sono nominati gli 8 comuni in cima e gli 8 in fondo, più i sette territori di riferimento del thread al loro rango. Una sola annata, quindi la figura è una fotografia: il movimento sta in fig04b, la geografia in fig04. Bagheria è al 324° posto con 23,7%, sotto la mediana regionale (28,3%): e sotto la mediana ci stanno tutti e cinque i comuni vicini, dal 245° al 367°. Palermo è l'unico riferimento sopra la mediana (29,6%, 163°), e si ferma poco oltre. La coda alta è un blocco geografico, non una lista di casi: Taormina, Letojanni, Sant'Alessio Siculo, Santa Teresa di Riva, Furci Siculo sono comuni contigui della costa ionica messinese. La coda bassa è tutta interna, ma mescola città vere come Adrano (14.729 donne 15+) e paesi minuscoli come Bompensiere (220), dove il tasso è instabile: è la ragione per cui il punto ha la dimensione della platea.","le righe sono ordinate per valore ma spaziate in modo uniforme, quindi la distanza verticale fra due righe non misura niente: fra due righe adiacenti possono starci decine di comuni, e il rango stampato a destra è l'unica misura della distanza. Le righe punteggiate di rottura dicono quanti comuni stanno dentro ciascun salto. La linea guida colorata parte da 12% e non da zero, e non è una barra: serve solo a portare l'occhio dal nome al punto, e la sua lunghezza non è una quantità. Il diametro del punto è il numero di residenti femmine di 15 anni e più, su scala logaritmica che copre tre ordini di grandezza: è un ordine di grandezza, non una quantità leggibile a occhio, e serve a ricordare che nei comuni piccoli poche persone spostano molti punti percentuali. La riga tratteggiata verticale è la mediana regionale. Il colore dice il ruolo e non il valore: Bagheria in vermiglio e in maiuscolo, i cinque comuni vicini in verde acqua, Palermo in viola, i comuni delle due code in grigio scuro. La fascia è quella di lungo periodo (15 anni e più, l'indicatore L11 del codebook 8milaCensus), diversa dalle serie 15-24 del thread: la figura è contesto, non un termine di paragone.","ISTAT, Censimento permanente della popolazione, tavola della condizione professionale, popolazione di 15 anni e più, anno 2024. I 390 comuni sono presi ai confini del 2011, gli stessi di fig04 e fig04b, con Misiliscemi come unica esclusione. Elaborazione: notebooks/genere.ipynb (data/processed/genere_mappa_2011_2024.csv per tasso, rango e platea femminile, genere_distribuzione_390.csv per la mediana)."
fig05_forbice,22,22,Le ragazze di Bagheria superano i coetanei nel diploma e lavorano meno che in ogni altro territorio,"Posizione dei cinque territori sul piano che incrocia istruzione e lavoro delle ragazze, anno 2024, tutto sulla classe 15-24: sull'asse orizzontale il vantaggio educativo femminile, cioè quanti punti percentuali separano la quota di diplomate da quella dei diplomati, sull'asse verticale il tasso di occupazione femminile in percentuale delle coetanee residenti. È la fotografia di un solo anno; la stessa forbice nel tempo sta in fig05b. Le ragazze di Bagheria superano i coetanei nel diploma (+4,8 punti) e hanno il tasso di occupazione più basso dei cinque territori (8,2%). Il vicinato ha lo stesso mercato del lavoro (8,9% di occupazione femminile) ma un vantaggio educativo di appena +1,5 punti: lo svantaggio occupazionale è di zona, la forbice è di Bagheria. Bagheria sta nell'angolo in basso a destra: più istruite della mediana, meno occupate. Come ci sia arrivata sta in fig05b.","ogni punto è un territorio, e Bagheria è il punto vermiglio più grande. Le due linee tratteggiate chiare sono le mediane dei cinque valori disegnati, e dividono il piano in quadranti: l'angolo in basso a destra è «più istruite della mediana e meno occupate», ed è dove sta Bagheria. Con cinque territori e i loro errori campionari la posizione nel quadrante è una lettura, non un test: il confronto formale sul tasso femminile sta in fig01. La linea tratteggiata verticale allo zero è la parità educativa fra ragazze e ragazzi: a destra di quella riga le ragazze sono più istruite dei coetanei. Con cinque punti la mediana coincide con il punto centrale, quindi due territori siedono esattamente sulle guide. L'etichetta accanto a ogni punto ripete i suoi due valori. Il rapporto fra tasso maschile e femminile non è su questo piano: le tre scale del divario stanno in fig01, e qui l'occupazione è il livello femminile, la scala che regge in ogni annata. Sul vantaggio educativo Bagheria pareggia con la Sicilia, e sulla fascia 18-24 il primato passa ad altri (fig11b): ciò che la figura sostiene è il distacco dal vicinato e la mancata conversione, non il primato assoluto. Vicinato = i cinque comuni più vicini per distanza fra i centroidi, con i conteggi sommati prima dei tassi: sono i tassi del blocco, non la media dei cinque tassi.","ISTAT, Censimento permanente della popolazione, tavola istruzione, tavola della condizione professionale e demografia per età singola per i denominatori, anno 2024. Elaborazione: notebooks/genere.ipynb (data/processed/genere_forbice_quadrante.csv e genere_per_1000.csv per i denominatori)."
fig05b_forbice_serie,24,20,Dal 2021 il vantaggio educativo delle ragazze cresce a Bagheria e si chiude nel vicinato,"Quanti punti percentuali separano la quota di ragazze da quella di ragazzi con almeno il diploma, sulla fascia 9-24 anni, dal 2018 al 2024, su cinque territori: sopra lo zero le ragazze sono più istruite dei coetanei. La fascia è il 9-24 perché è l'unica pubblicata a livello comunale su tutta la serie, quindi misura una cosa vicina ma non la stessa della fotografia 15-24 di fig05: i due numeri restano separati. Bagheria e i cinque comuni vicini partivano appaiati (+3,1 e +2,9 nel 2018): dal 2021 il cuneo si apre, e nel 2024 sono +4,2 contro +0,5. Bagheria ha il vantaggio più ampio in 4 annate su 6, quindi è un tratto di Bagheria e non di zona. In tutte queste annate il vantaggio resta fuori dal mercato del lavoro (fig05).","l'area vermiglio chiaro è il cuneo fra Bagheria e il vicinato, cioè quanto le due lame si sono aperte: la sua altezza è la distanza fra le due linee, non un intervallo di confidenza. Bagheria è in vermiglio a tratto pieno, il vicinato in verde acqua; Palermo, Sicilia e Italia restano in grigio perché sono contesto, e si identificano dall'etichetta a fine linea. La striscia grigia verticale fra il 2019 e il 2021 occupa l'annata mancante: il 2020 manca alla fonte su ogni classe che contenga i 15-24, in tutti i territori, e nessun valore è interpolato. La fascia 9-24 include bambini che non hanno ancora l'età del diploma, quindi il livello della quota non va letto come tasso di diplomati: a essere confrontabile fra territori e nel tempo è la differenza fra i generi, che è ciò che la figura disegna. Vicinato = i cinque comuni più vicini per distanza fra i centroidi, con i conteggi sommati prima della quota.","ISTAT, Censimento permanente della popolazione, tavola istruzione, fascia 9-24 anni, 2018-2024. Elaborazione: notebooks/genere.ipynb (data/processed/genere_forbice_serie.csv e genere_istruzione.csv per i denominatori)."
fig06_quadrante,22,20,"La freccia punta in basso a destra in tutti e quattro i territori, e a Bagheria arriva più in basso di tutte","Posizione dei quattro territori di confronto sul piano che incrocia istruzione e lavoro, anno 2024: sull'asse orizzontale la quota con almeno il diploma sulla fascia 9-24 anni, in percentuale della popolazione della fascia, sull'asse verticale il tasso di occupazione della classe 15-24 anni, in percentuale dei residenti della classe. Ogni territorio compare due volte, una per genere, e la freccia unisce i suoi due punti. Ogni freccia va dal punto maschile a quello femminile: verso destra le ragazze sono più istruite dei coetanei, verso il basso sono meno occupate. Tutti e quattro i territori condividono il verso: a distinguere Bagheria è quanto in basso arriva. Sul 9-24 il vantaggio nel diploma è il più ampio del panel (+4,2 punti) e il tasso di occupazione femminile è il più basso (8,2%).","il pallino rosa è il valore femminile, quello blu il maschile. La freccia grigia parte dal punto maschile e arriva a quello femminile: quanto va verso destra è il vantaggio educativo delle ragazze, quanto scende è il loro svantaggio occupazionale. Una freccia che punta in basso a destra significa quindi «più istruite e meno occupate», ed è il verso che tutti e quattro i territori condividono. Il nome accanto alla punta identifica il territorio: qui i colori dicono il genere, non il territorio. Le due fasce degli assi non coincidono ma vivono sulla stessa popolazione, perché nessuno consegue un titolo prima dei 15 anni: i diplomati 9-24 sono i diplomati 15-24. Sull'asse orizzontale la fascia 9-24 include però bambini che non hanno ancora l'età del titolo, quindi il livello della quota va letto come posizione relativa e non come tasso di diplomati; il confronto fra generi e fra territori resta valido. Una sola annata, quindi la figura è una fotografia e non una tendenza: la serie sta in fig05b.","ISTAT, Censimento permanente della popolazione, tavola istruzione (fascia 9-24 anni) e tavola della condizione professionale (classe 15-24 anni), anno 2024. Il contesto regionale, cioè dove cade Bagheria nella distribuzione dei 390 comuni siciliani per occupazione femminile, sta in fig06b, che usa fascia e anni diversi e non va letta in serie con questa. Elaborazione: notebooks/genere.ipynb (data/processed/genere_quadrante.csv, con genere_platea.csv e genere_istruzione.csv per i denominatori)."
fig06b_creste_390,24,21,"Bagheria sale con tutta la Sicilia, fissa sul quinto più basso","Distribuzione del tasso di occupazione femminile fra i 390 comuni siciliani, una curva per anno, dal 2018 al 2024: ogni curva è una stima di densità sui comuni di quell'anno, non una serie storica. Il tempo scorre dal basso verso l'alto, e lo scivolamento verso destra è l'aumento generale dell'occupazione femminile in tutta la regione; la stessa relazione sui quattro territori di confronto sta in fig06. Il gambo scuro è la mediana regionale, quello vermiglio Bagheria, col suo percentile a fianco. In sei annate la mediana sale da 24,3% a 28,3% e Bagheria da 18,8% a 23,7%: guadagna più della mediana (+4,9 punti contro +4,0) e resta entro il 17° percentile, cioè dentro il quinto più basso della regione. Il tratteggio è il 2024 di Bagheria: cade ancora a sinistra della mediana siciliana del 2018.","ogni curva grigia è un'annata, etichettata sull'asse verticale, e le annate sono impilate dal 2018 in basso al 2024 in alto. Dentro ogni curva ci sono due gambi verticali: quello scuro è la mediana regionale, quello vermiglio è Bagheria, con il suo percentile scritto a fianco. La distanza fra i due gambi è il finding, e resta la stessa per tutte le annate. La linea punteggiata verticale è il valore di Bagheria nel 2024 e attraversa tutta la pila: serve a vedere che cade ancora a sinistra della mediana siciliana del 2018. Le etichette «Bagheria» e «mediana siciliana» compaiono una volta sola, sulla curva in cima: sotto, i gambi si riconoscono dal colore. Le curve sono stime di densità per nucleo con banda unica, scelta con la regola di Silverman sul pool delle annate, quindi le differenze di forma sono del dato e non del lisciamento; ogni curva ha area 1 e la scala verticale è comune, quindi anche le altezze si confrontano fra annate. Le annate disegnate sono 6 e non sette perché il 2020 manca alla fonte, e il 2011 di 8milaCensus resta fuori perché è un'altra rilevazione: il confronto fra le due epoche sta in fig04 e fig04b, dove lo stacco è dichiarato.","ISTAT, Censimento permanente della popolazione, tavola della condizione professionale, popolazione di 15 anni e più, 390 comuni siciliani, 2018-2024. Fascia e anni sono diversi dalle serie 15-24 del thread: è contesto regionale, non un termine di paragone. Elaborazione: notebooks/genere.ipynb (data/processed/genere_creste_390.csv e genere_distribuzione_390.csv)."
fig07_ritenzione_eta,28,20,La finestra per trattenere le ragazze di Bagheria è fra i 22 e i 25 anni,"Residenti di ogni età nel 2024 per 100 residenti della stessa coorte nel 2021: chi aveva 20 anni nel 2021 ne ha 23 nel 2024. Per età singola da 14 a 30 anni, per genere, su cinque territori. È una misura netta di saldo, che comprende sia chi parte sia chi arriva: dice a che età si perde, non da quando, e la stessa domanda su scala decennale sta in fig07b. Sotto il tratteggio la coorte si è ridotta. I ragazzi escono a ondate, a 17-19 e a 23-24 anni, e in parte rientrano dopo i 26. Le ragazze tengono fino ai 23 e da lì cedono, senza rientri: sulle età 25-29 restano fra 96,7% e 97,9%, contro una media di 97,7% in Sicilia e di 103% in Italia, che cresce per immigrazione. Ed è un tratto di Bagheria: fra i 22 e i 25 anni i cinque comuni vicini restano piatti (101,3% e 101,7%), mentre Bagheria scende da 103,3% a 97,1%. È l'età in cui il vantaggio educativo dovrebbe convertirsi in lavoro.","la riga tratteggiata orizzontale a 100% è la parità: sopra la coorte è cresciuta, sotto si è ridotta. Il rettangolo vermiglio chiaro, presente solo sul pannello delle femmine, è la finestra 22-25 anni, misurata sull'età del 2021: chi aveva 22-25 anni nel 2021 ne ha 25-28 nel 2024, ed è in quei tre anni che la coorte si riduce. Bagheria è in vermiglio e con la linea più spessa perché è il soggetto. Le linee sono medie mobili centrate su tre età, quindi si leggono i pattern e non i decimali; le età ai bordi servono solo a chiudere la media mobile e restano fuori dal grafico. Vicinato = Santa Flavia, Ficarazzi, Villabate, Casteldaccia, Misilmeri, cioè i cinque comuni più vicini per distanza fra i centroidi: le coorti sono sommate prima del rapporto, non è la media dei cinque rapporti, così il denominatore regge il confronto con Bagheria. Le serie dei singoli comuni, troppo piccole per essere lette per età, restano in genere_ritenzione_eta_vicini.csv. ","ISTAT, Censimento permanente della popolazione, età singole, anni 2021 e 2024. Elaborazione: notebooks/genere.ipynb (data/processed/genere_ritenzione_eta.csv e genere_ritenzione_eta_vicini.csv)."
fig07b_decennio,26,20,La falla si è aperta nel decennio 2011-2021: prima Bagheria tratteneva la coorte meglio di Palermo e Sicilia,"Residenti della coorte dieci anni dopo per 100 residenti iniziali, per genere e per quattro territori: sempre la stessa classe d'età (15-19 anni all'inizio del decennio) seguita due volte, nel 2001-2011 e nel 2011-2021. È una misura netta di saldo, che comprende sia chi parte sia chi arriva, e dice da quando si perde; a che età si perde lo dice fig07. Il tratteggio a 100 è la coorte che si conserva. Tre anni di dati non basterebbero a chiamarla fuga (fig07), dieci sì. Nel 2001-2011 le ragazze di Bagheria arrivavano a 102,9%, sopra Sicilia e Palermo; nel decennio successivo scendono a 88,6% (14,3 punti). Sui ragazzi il calo è di 14,5 punti e li porta sotto Palermo. È il decennio successivo a quello in cui si alza il muro dell'occupazione femminile (fig10, 2001-2011): prima si apre il divario sul lavoro, poi quello sulla permanenza.","la riga tratteggiata orizzontale a 100% è la coorte che si conserva: sopra è cresciuta, sotto si è ridotta. Ogni pannello è un genere e ogni linea un territorio, fra i due decenni: la pendenza della linea è il finding, non il livello. Bagheria è in vermiglio a tratto pieno perché è il soggetto, i tre riferimenti sono a tratto sottile. I valori in cifre sono stampati solo su Bagheria: con quattro etichette per estremo il pannello diventerebbe illeggibile. Il decennio 2011-2021 ha una gamba per rilevazione, perché il 2011 è censimento decennale e il 2021 censimento permanente: la distorsione nota va nel verso prudente, perché il censimento 2011 contò meno dell'anagrafe e sta quindi al denominatore del decennio che crolla e al numeratore di quello che tiene, e il divario fra i due decenni è una stima per difetto. Il controllo dentro la sola rilevazione permanente, sulla stessa coorte a cinque anni (2018-2023 e 2019-2024), dà per le femmine di Bagheria 92,8% e 93,3% contro 101,9% e 102,2% dell'Italia: il verso regge anche senza mescolare le due rilevazioni. Il vicinato non compare perché le classi quinquennali sono state scaricate solo per i quattro territori di confronto. Palermo è il controfattuale dichiarato del disegno di valutazione (notebook, sezione «Trend paralleli»).","ISTAT, classi quinquennali dei censimenti 2001 e 2011 e del Censimento permanente 2021 (il dataflow DF_DCSS_POP_DEMCITMIG_TV_1 le serve tutte e tre). Tutti i periodi disponibili, compresi quelli non disegnati, stanno in data/processed/genere_ritenzione_decennale.csv. Elaborazione: notebooks/genere.ipynb (data/processed/genere_ritenzione_decennale.csv)."
fig08_posizionamento,32,23,Sei indicatori su otto tengono qualunque gruppo di pari si scelga; l'occupazione femminile cambia lettura,"Posizione di Bagheria su otto indicatori del censimento 2011, letta con tre riferimenti diversi: nei primi due pannelli quanti comuni del gruppo di pari stanno sotto Bagheria su quell'indicatore, nel terzo il percentile di Bagheria fra tutti i comuni siciliani. La domanda è quale conclusione sopravviva al cambio di definizione di «comune simile». I due gruppi sono costruiti su variabili diverse e hanno un solo comune in comune (Misilmeri): quello che sopravvive a entrambi si può affermare. Reggono a tutte e due le letture i tre tratti che contano per la proposal: la disoccupazione femminile alta (8/10 in entrambi), l'occupazione giovanile bassa (2/10), e soprattutto i giovani che vivono da soli: Bagheria ne ha meno di ogni comune dei due gruppi. Quella è l'autonomia mancata, ed è il tratto proprio di Bagheria. Cambia invece proprio il claim centrale del thread: sull'occupazione femminile fra i pari strutturali Bagheria è nella norma (3/10, dentro i quartili), fra i comuni ugualmente scolarizzati è penultima (1/10, sotto il primo quartile). È uno svantaggio che resta a pari istruzione: il lavoro femminile non arriva. Concorde il modello del thread educazione: sull'occupazione giovanile Bagheria sta 5,9 punti sotto il valore atteso dai suoi tratti territoriali (un segno, non una misura: le cautele stanno in didascalia).","ogni riga è un indicatore e i tre pannelli vanno letti in orizzontale, sulla stessa riga. La riga verticale grigia è il riferimento: la mediana del gruppo di pari nei primi due pannelli (5 comuni su 10), la mediana regionale nel terzo (50° percentile). Il segmento va dal riferimento al valore di Bagheria, quindi la sua lunghezza è la distanza dalla mediana. Il colore è un giudizio e non un valore, e compare solo quando Bagheria esce dalla metà centrale del riferimento (oltre i quartili del gruppo nei due pannelli dei pari, sotto il 25° o sopra il 75° percentile nel terzo): vermiglio quando Bagheria sta peggio del riferimento, blu quando sta meglio, grigio quando è nella norma oppure quando l'indicatore non ha un verso «buono», e in quel caso il nome porta un asterisco. Il pallino mostra sempre la posizione, anche quando è grigio. Il verso di ciascun indicatore è fissato nel notebook ed è una scelta interpretativa dichiarata, non un dato. L'ordine delle righe è quello del primo pannello: che il secondo non scenda in modo monotono è il finding, e non serve nessun marcatore in più per vederlo. Che il differenziale educativo cambi lettura fra i due pannelli è atteso e non è un finding, perché il secondo gruppo è appaiato anche sull'istruzione e quindi su quell'asse è simile per costruzione. Pari strutturali = i 10 comuni più simili per dimensione, densità, struttura per età, stranieri, abitazioni e distanza da Palermo; pari per istruzione = i 10 comuni appaiati dal thread educazione con un disegno indipendente, che include il profilo educativo ed esclude gli esiti: rispondono a domande diverse e non vanno mai fusi in una classifica sola. Il residuo del modello citato nel sottotitolo vale -5,9 punti (intervallo bootstrap al 95% da -7,7 a -4,3), ma con un R quadro in validazione incrociata di 0,05 va letto come conferma di segno insieme agli altri pannelli, mai come effetto attribuibile al comune. Le fasce d'età cambiano da indicatore a indicatore, come le pubblica la fonte: 15 anni e più per occupazione e disoccupazione femminile, 6 anni e più per il differenziale educativo, 15-29 per NEET e occupazione giovanile, totale delle famiglie per giovani soli e coppie con figli, totale dei residenti per la mobilità.","ISTAT, 8milaCensus, censimento 2011, 390 comuni siciliani. Anno e fasce sono diversi dalle serie 15-24 del thread: è il gruppo di controllo storico, mai un termine di paragone con il censimento permanente 2018-2024. Elaborazione: notebooks/genere.ipynb (data/processed/genere_posizionamento.csv e genere_pari_lenti.csv) e pipeline/edu (data/processed/edu_model_robustness_2011.csv)."
fig09_kpi_finestra,28,27,"Quaranta ragazze: il KPI è realistico, ma la demografia se lo riprende","Il KPI della proposta tradotto in persone: a sinistra le 2.882 ragazze di 15-24 anni di Bagheria nel 2024, una per una, divise fra chi lavora oggi e i traguardi successivi; a destra lo stesso obiettivo messo di fronte al restringimento della platea nei due orizzonti della proposta. Non c'è nessun modello: è aritmetica sulla stessa popolazione, letta due volte. Quanto debba essere grande un effetto perché una rilevazione riesca a vederlo sta in fig09b. Oggi 236 ragazze su 2.882 lavorano. Allineare il tasso femminile a quello di Palermo vuol dire +40 occupate: il KPI realistico a 2-3 anni. La parità con i coetanei ne vorrebbe +239, il tasso nazionale +262: quelli non sono obiettivi, sono la misura del problema. E il +40 vale già meno alla scadenza: la platea 2029 è già nata ed è più piccola, così lo stesso tasso obiettivo ne vale +18 al 2029 e -2 al 2034. Il target va scritto in tasso e non in teste, oppure riparametrato ogni anno sulla platea corrente.","nel pannello sinistro ogni quadratino vale 10 ragazze e il blocco intero è la popolazione femminile 15-24. I colori sono una rampa ordinata su una tinta sola, non categorie: il vermiglio pieno è chi lavora oggi, le tinte via via più chiare sono i traguardi successivi (allineamento a Palermo, parità con i coetanei, tasso nazionale) e il grigio è chi resta comunque fuori. Le classi sono cumulative, quindi ogni fascia va letta come «e in più»; i quadratini sono arrotondati alla decina mentre i totali in legenda no, e la somma può scostarsi di poche unità. Nel pannello destro ogni faccia è un orizzonte e le tre barre si leggono in cascata: l'obiettivo sulla platea di oggi in arancio, quanto la platea si restringe in grigio (valore negativo, barra verso sinistra), quello che resta in vermiglio. La riga verticale grigia è lo zero. La lettura sta tutta nel confronto fra le due facce. Le platee del 2029 (2.651) e del 2034 (2.435) contano ragazze già nate e già residenti oggi: sono un tetto che si restringe, non una previsione demografica. Le due misure dell'attrito non coincidono, perché ciascuna si misura al tasso a cui la si applica: a tasso 2024 fermo la sola demografia toglie 19 occupate al 2029 e 37 al 2034 (lo scenario «non si fa niente»), mentre al tasso obiettivo di Palermo (9,59%) ne toglie 22 e 43, che è il numero disegnato nel pannello destro.","ISTAT, Censimento permanente della popolazione, tavola della condizione professionale, classe 15-24 anni, 2024, e demografia per età singola per le platee future. Elaborazione: notebooks/genere.ipynb (data/processed/genere_base_persone.csv, genere_gap_persone.csv, genere_platea.csv, genere_tetto_platea.csv e genere_kpi_netto.csv)."
fig09b_potenza,24,20,Aggregare anni non basta: sull'occupazione nessuna finestra vede l'effetto promesso,"Differenza minima rilevabile all'80% di potenza (MDE, in punti percentuali) per i due indicatori di popolazione della proposta, secondo quanti anni si accorpano in ciascun lato del confronto. Pallino vuoto: modello binomiale, che tratta ogni annata come un campione indipendente. Pallino pieno: variabilità osservata, senza interventi, nei 33 comuni siciliani di taglia simile a Bagheria. È una figura di disegno della misura, non un risultato sui giovani. Sull'occupazione femminile il binomiale promette che tre anni per lato bastino (potenza 90%); nei comuni simili la soglia resta fra 1,80 e 2,25 punti in ogni finestra, sopra il delta di 1,40, e la potenza sul triennio è del 41%. Sulle casalinghe (delta 2,1 punti) passa solo il biennio, con potenza 82%. Per questo il tasso comunale si legge come direzione della convergenza, e l'effetto del servizio si misura sui partecipanti.","ogni riga è una finestra di lettura: «anni pooled» è l'ampiezza di ciascuno dei due lati del confronto, quindi tre anni sono un triennio contro un triennio. Il pallino vuoto è la soglia binomiale (potenza 80%, alfa 5% bilaterale, trasformazione arcoseno); il pallino pieno è 2,8 volte la deviazione standard delle variazioni dei comuni simili, al netto della variazione mediana del gruppo. Il tratto grigio unisce i due metri della stessa finestra. La riga tratteggiata verticale è il delta che il KPI promette (l'allineamento a Palermo di fig09). Il colore è la conclusione sul metro osservato: blu quando la soglia sta a sinistra del tratteggio, grigio quando lo supera. Accanto a ogni riga la potenza sul delta promesso, osservata e fra parentesi binomiale. Comuni simili: fra metà e il doppio delle ragazze 15-24 di Bagheria nel 2024, Bagheria esclusa. Il metro osservato contiene anche le divergenze reali fra comuni e non contiene la variabilità propria di Palermo. Il triennio che i dati permettono (2018, 2019 e 2021 contro 2022-2024) attraversa la rottura di misura del 2021; il biennio 2021-2022 contro 2023-2024 no. Un pallino grigio non significa che l'intervento non funzioni, ma che quella lettura non basterebbe a dimostrarlo.","ISTAT, Censimento permanente della popolazione, tavola della condizione professionale, classe 15-24 anni, 390 comuni siciliani, 2018-2024 (manca il 2020). Numerosità di base di Bagheria: 2.882 ragazze di 15-24 anni nel 2024. Elaborazione: notebooks/genere.ipynb (data/processed/genere_mde.csv e genere_base_persone.csv)."
fig10_muro_recente,29,26,"Il muro si alza fra il 2001 e il 2011, e nel 2024 è ancora lì","Tre letture della stessa frattura, allineate sullo stesso asse del tempo: in alto a sinistra la posizione di Bagheria nella distribuzione dei 390 comuni siciliani, in percentile, su quattro indicatori del mercato del lavoro; sotto, la stessa frattura vista dall'istruzione con l'uscita precoce dalla scuola; a destra il tasso di occupazione femminile di Bagheria dentro il suo gruppo di dieci comuni gemelli, in punti percentuali. I primi due pannelli sono in percentile e il terzo in livello: sono unità diverse, e ciascuna si legge dentro il suo pannello. Fra il 1991 e il 2011 le donne di Bagheria entrano nel lavoro, ma il mercato non le assorbe: l'occupazione femminile scende al 12° percentile. Il censimento permanente mostra che dopo il 2011 è peggiorata ancora (8° percentile nel 2018) e che al 2024 ha recuperato solo in parte, al 17°. Fra il 2011 e il 2024 l'occupazione maschile risale dal 15° al 30° percentile, mentre la partecipazione femminile continua a scendere, dal 32° al 17°: la lettura del 2011, un mercato ristretto per tutti, al 2024 vale solo per gli uomini, che recuperano mentre le donne restano indietro. Rispetto alle gemelle strutturali lo scarto resta aperto: -1,7 punti nel 2011, e fra -2,1 e -3,1 in ogni anno dal 2018 al 2024. Nello stesso decennio peggiora anche l'istruzione, e in modo indipendente dal lavoro: l'uscita precoce dalla scuola passa dal 70° al 83° percentile. Due domini diversi, due indicatori diversi, la stessa datazione: il 2001-2011 è una frattura reale, non un artefatto della misura del lavoro. Per la proposal: la frattura è databile e resta aperta, e il pre-periodo del disegno di valutazione adesso è misurato invece che assunto.","l'asse del tempo non è in scala: il tratto 1991-2011 è compresso e il tratto 2018-2024 allungato, per dare spazio agli anni con più rilevazioni. Le pendenze si leggono dentro ciascuna epoca, mai fra un'epoca e l'altra. La striscia grigia verticale al centro di ogni pannello è lo stacco fra le due rilevazioni (universale a questionario i censimenti 1991-2011, campionaria sui registri il permanente 2018-2024): non è un'annata mancante, è un cambio di fonte, e nessuna linea lo attraversa. Il percentile è un rango calcolato dentro l'anno e assorbe quindi lo scarto di definizione fra le fonti; i livelli assoluti no, ed è la ragione per cui nel pannello destro le due epoche restano separate. Nei due pannelli di sinistra la riga orizzontale a 50 è la mediana regionale. Nel pannello in alto lo spessore è enfasi e non un dato: occupazione femminile (vermiglio) e maschile (blu) sono le due serie del finding, partecipazione e disoccupazione femminile restano grigie perché sono contesto. Su quelle due serie grigie va usata prudenza fra il 2019 e il 2021, dove il permanente cambia la definizione di «in cerca di occupazione» (a Bagheria la disoccupazione femminile cala di 15,5 punti, in Italia di 4,5); occupazione maschile e femminile non ne risentono. La striscia in basso ha verso opposto ai pannelli sopra, e per questo ha scala e asse propri: l'uscita precoce dalla scuola è un indicatore negativo, quindi più in alto significa peggio. Nel pannello di destra la banda grigia è l'intervallo fra il primo e il terzo quartile delle dieci gemelle, cioè la loro metà centrale, e non è un intervallo di confidenza; la linea grigia dentro la banda è la loro mediana e quella vermiglia è Bagheria. Gemelle = i dieci comuni più simili a Bagheria per dimensione, densità, struttura per età, stranieri, abitazioni e distanza da Palermo, appaiati con distanza di Mahalanobis su variabili che non sono esiti. Il differenziale educativo fra maschi e femmine non è in figura perché esiste solo fino al 2011: 8milaCensus lo calcola sulla popolazione di 6 anni e più, e il permanente non pubblica una classe 15 e più sull'istruzione.","ISTAT, 8milaCensus (censimenti 1991, 2001 e 2011) e Censimento permanente della popolazione (2018-2024), popolazione di 15 anni e più, 390 comuni ai confini del 2011; per la striscia, l'indicatore I5 di 8milaCensus, cioè la quota di 15-24enni con la sola licenza media e fuori da scuola e formazione. Elaborazione: notebooks/genere.ipynb (data/processed/genere_gap_madri.csv, genere_madri_recente.csv, genere_pretrend_gemelle.csv, genere_pretrend_gemelle_recente.csv e genere_frattura_istruzione.csv)."
fig11_per_1000,30,22,"Il diploma le ragazze lo raggiungono più dei ragazzi; il lavoro, la metà","Due misure sulla stessa popolazione di 15-24 anni, entrambe riportate a base 1.000 residenti dello stesso genere, 2024, su cinque territori: in alto quante persone hanno almeno il diploma, in basso quante lavorano. La base 1.000 è una normalizzazione e non un conteggio, e serve a rendere confrontabili territori di taglia diversissima. Ali a confronto sulla stessa riga: ragazze a sinistra della spina, ragazzi a destra, stessa scala nei due pannelli. A Bagheria su 1.000 ragazze 510 hanno almeno il diploma e 82 lavorano; su 1.000 coetanei, 462 e 165. La farfalla si rovescia fra i due pannelli: è la forbice del thread (il titolo c'è, il lavoro no). Il primato di Bagheria è nel rapporto, non nella distanza: i ragazzi al lavoro sono 2,0× le ragazze, il valore più alto del panel, ma in punti per mille l'ala si apre di più in Sicilia (99 contro 83): a Bagheria è basso il livello femminile, non solo la distanza. Le due quote vivono sulla stessa popolazione (il conteggio dei diplomi 9-24 è per costruzione quello 15-24, perché nessuno ha un diploma prima), e restano due misure affiancate: quante delle diplomate lavorino il censimento comunale non lo dice, e chi lavora può non avere il diploma (fig11b per il 18-24).","ogni riga è un territorio e la linea verticale scura al centro è la spina della farfalla, cioè lo zero. L'ala rosa verso sinistra è il valore femminile, quella blu verso destra il maschile: la coordinata è negativa a sinistra solo per costruire la farfalla, e l'asse riporta i valori assoluti. Le due ali partono entrambe dalla spina e condividono la base, quindi sono rispecchiate e non troncate, ed è ciò che rende corretto confrontarle a colpo d'occhio; ogni ala ha però il suo denominatore (1.000 ragazze a sinistra, 1.000 ragazzi a destra), così le due lunghezze restano confrontabili anche dove le due popolazioni non sono uguali. La scala orizzontale è la stessa nei due pannelli, apposta: che il lavoro sia una frazione del diploma è metà del finding, e due scale libere lo cancellerebbero. Il rovesciamento della forma fra il pannello di sopra e quello di sotto è la forbice. I due pannelli sono affiancati e non incatenati perché l'incrocio fra titolo di studio e condizione professionale non è pubblicato a livello comunale: chi lavora non è un sottoinsieme di chi ha il diploma, e non sono stadi di un percorso. L'attainment letto sulla fascia in cui il diploma è già raggiungibile (18-24) sta in fig11b. Vicinato = i cinque comuni più vicini per distanza fra i centroidi: conteggi sommati e poi le quote, non media dei cinque valori.","ISTAT, Censimento permanente della popolazione, tavola istruzione (fascia 9-24 anni), tavola della condizione professionale (classe 15-24 anni) e demografia per età singola per i denominatori, anno 2024. Elaborazione: notebooks/genere.ipynb (data/processed/genere_per_1000.csv)."
fig11b_attainment_18_24,22,18,"Sul 18-24 il vantaggio delle ragazze regge, il primato di Bagheria passa ad altri","Quota di residenti di 18-24 anni con almeno il diploma, in percentuale dei coetanei della stessa fascia e dello stesso genere, 2024, su cinque territori: è la fascia in cui il titolo è già raggiungibile, quindi chi non ha ancora finito la scuola non pesa sul denominatore come accade sul 9-24. Vale come controllo di robustezza del claim educativo. Il vantaggio femminile regge in tutti e cinque i territori, e a Bagheria vale +5,7 punti (72% contro 66%), il più ampio del panel. Ma sul livello passano avanti Sicilia e Italia. È il limite del claim educativo: a distinguere Bagheria è che il titolo resti fuori dal mercato del lavoro (fig11), più di quanto le ragazze studino.","ogni riga è un territorio e il segmento grigio unisce i due generi: la sua lunghezza è il divario. Il pallino rosa è il valore femminile, quello blu il maschile, e la cifra accanto a ciascuno è il suo valore, stampata all'esterno per non coprire il pallino. L'ordine delle righe è geografico, dal comune al paese, non per valore. Il valore è un limite superiore e non una stima puntuale, perché qualche qualifica professionale si consegue a 17 anni: la quota vera è al più quella disegnata. La fascia 18-24 è diversa sia dalla classe 15-24 su cui stanno le altre figure del thread sia dalla fascia 9-24 della serie storica di fig05b: le tre misure vanno lette una per volta. Quante delle diplomate lavorino da qui non si ricava, perché l'incrocio fra titolo di studio e condizione professionale non è pubblicato a livello comunale. Vicinato = i cinque comuni più vicini per distanza fra i centroidi: conteggi sommati e poi le quote, non media delle cinque quote.","ISTAT, Censimento permanente della popolazione, tavola istruzione, anno 2024. Elaborazione: notebooks/genere.ipynb (data/processed/genere_per_1000.csv)."
fig12_pendolarismo,24,21,"Le ragazze di Bagheria escono più dei coetanei per studiare, meno per lavorare","Quota di residenti che esce dal comune, in percentuale di chi si sposta ogni giorno per quel motivo, per genere e per motivo dello spostamento, 2019, su quattro territori: il pannello di sopra riguarda gli spostamenti per lavoro, quello di sotto gli spostamenti per studio. Il verso dello scarto cambia col motivo in tutti i territori: la particolarità di Bagheria è l'ampiezza, la maggiore del panel in entrambi i pannelli. 8,2 punti sul lavoro, il doppio della Sicilia (4,1), e 2,7 sullo studio contro 1,8. Il denominatore è già condizionato al motivo: chi si sposta per lavoro un lavoro ce l'ha. Lo scarto è quindi una misura indipendente sullo stesso passaggio, e sta in piedi da sola accanto al divario occupazionale di fig01 e fig05. Stabile sul 2018: 8,3 e 3,0 punti.","ogni riga è un territorio. Il pallino grande rosa è il valore femminile, quello piccolo blu il maschile: i diametri sono diversi apposta, così dove i due valori quasi coincidono si vede un anello e non un pallino solo. La freccia parte dal valore maschile e punta verso quello femminile, quindi il suo verso è la direzione dello scarto; si ferma prima del pallino di arrivo perché una punta sotto il pallino nasconderebbe proprio il verso. La cifra sopra la freccia è l'ampiezza dello scarto in punti percentuali, in valore assoluto. Bagheria è in vermiglio, gli altri territori in grigio. Palermo compare con valori bassissimi perché è un comune grande e quasi tutti gli spostamenti restano dentro il suo confine: su questa misura va letta come artefatto della geografia, non come un dato sui palermitani. La serie esiste solo per il 2018 e il 2019, quindi resta separata dal 2021-2024 delle altre figure del thread; il 2018 serve da controllo di stabilità, citato nel sottotitolo e non disegnato.","ISTAT, Censimento permanente della popolazione, tavola del pendolarismo, 2018-2019. La destinazione è «fuori comune» aggregata e la fonte non identifica il comune di arrivo: questa figura non misura il pendolarismo verso Palermo, che è invece l'oggetto di mob_fig01 su un'altra fonte. Contesto al 2011 (8milaCensus, 390 comuni siciliani): Bagheria sta al 25° percentile per mobilità fuori comune (indicatore M2), cioè si esce poco in assoluto; mob_fig04 mostra che quel percentile è un effetto della taglia del comune. Elaborazione: notebooks/genere.ipynb (data/processed/genere_pendolarismo.csv e genere_mobilita_2011.csv)."
fig13_tasso_occupazione_eta,26,19,Il ritardo di Bagheria sull'occupazione accompagna tutta la vita lavorativa,"Tasso di occupazione, cioè occupati in percentuale della popolazione della stessa classe d'età, dal 2018 al 2024, su quattro territori e su tutte e quattro le classi d'età pubblicate a livello comunale, maschi e femmine insieme (la stessa tavola aperta per genere sta in fig13b). Il tasso sta sulla popolazione della classe e non sulle sole forze di lavoro, quindi comprende studenti e inattivi: è la ragione per cui la classe 15-24 resta strutturalmente bassa in tutti i territori. In punti il divario con la Sicilia è più stretto sui giovani (-3,1 pp) e tocca il massimo sui 50-64 (-8,1 pp): il ritardo comincia al primo ingresso e prosegue per tutta la carriera. Sulla base bassa dei 15-24 però quei -3,1 pp sono il 20% dell'occupazione della classe: in termini relativi la più distante dalla Sicilia resta proprio il 15-24.","ogni pannello è una classe d'età, e la cifra nella sua intestazione è il divario di Bagheria rispetto alla Sicilia in punti percentuali nell'ultima annata. L'area vermiglio chiaro dentro ogni pannello è il cuneo fra Bagheria e la Sicilia: la sua altezza è la distanza fra le due linee, non un intervallo di confidenza. Bagheria è in vermiglio a tratto pieno perché è il soggetto, i tre riferimenti sono a tratto sottile. La striscia grigia verticale fra il 2019 e il 2021 occupa l'annata mancante: il 2020 manca alla fonte (sulla classe 15-24 non esiste nessuna riga, sulle altre solo il denominatore) e nessun valore è interpolato. Sull'asse orizzontale sono etichettate solo la prima annata, il 2021 e l'ultima, perché con quattro pannelli affiancati sei etichette si sovrappongono; le posizioni restano quelle di tutte le annate. Le quattro classi sono le uniche pubblicate a livello comunale dal censimento permanente: la fascia 15-34 del bando non è ricostruibile da qui, e il totale 15+ resta fuori perché somma le quattro classi invece di affiancarsi a loro.","ISTAT, Censimento permanente della popolazione, tavola della condizione professionale, 2018-2024. Elaborazione: pipeline/build.py (data/processed/tasso_occupazione_eta.csv, che contiene anche il dettaglio per genere)."
fig13b_occupazione_eta_genere,26,19,A Bagheria il tasso di occupazione maschile è il doppio di quello femminile già a 15-24 anni,"Tasso di occupazione per genere, cioè occupati in percentuale della popolazione della stessa classe d'età e dello stesso genere, dal 2018 al 2024, sulle quattro classi d'età pubblicate a livello comunale. Sul grafico stanno due territori, Bagheria a tratto pieno e Sicilia tratteggiata: con quattro territori le linee diventerebbero sedici e i pannelli illeggibili. Il tasso sta sulla popolazione della classe e non sulle sole forze di lavoro, quindi comprende studenti e inattivi, e per questo la classe 15-24 resta bassa per entrambi i generi. In punti il divario cresce con l'età (da 8,3 pp sui 15-24 a 33,9 pp sui 50-64), ma cresce ovunque. Quello che distingue Bagheria è il rapporto: 2,01× già a 15-24 contro 1,95× in Sicilia, ed è il più alto dei quattro territori in tutte e quattro le classi. Il divario c'è già a vent'anni, e in punti sembra piccolo solo perché a quell'età lavorano in pochi.","ci sono due codifiche indipendenti e vanno lette insieme: il colore è il genere (rosa le femmine, blu i maschi) e il tratto è il territorio (pieno Bagheria, tratteggiato Sicilia). Il rosa e il blu qui non stanno per un territorio, ed è la ragione per cui nessun territorio li usa nelle altre figure. Ogni pannello è una classe d'età, e la cifra nella sua intestazione è il divario fra maschi e femmine a Bagheria in punti percentuali nell'ultima annata. Il divario è dichiarato su due scale perché dicono cose diverse: in punti percentuali nell'intestazione di ogni pannello, in rapporto fra i due tassi nel sottotitolo, e il rapporto è la misura che non dipende dal livello generale della classe. La striscia grigia verticale fra il 2019 e il 2021 occupa l'annata mancante: il 2020 manca alla fonte e nessun valore è interpolato. Sull'asse orizzontale sono etichettate solo la prima annata, il 2021 e l'ultima; le posizioni restano quelle di tutte le annate.","ISTAT, Censimento permanente della popolazione, tavola della condizione professionale, 2018-2024. Elaborazione: pipeline/build.py (data/processed/tasso_occupazione_eta.csv; fig13 è la stessa tavola a generi uniti)."
mob_fig01_verso_palermo,30,21,"Bagheria ha un solo mercato esterno, e si chiama Palermo","Dove vanno i residenti di Bagheria che escono dal comune, per motivo dello spostamento: a sinistra chi esce per studiare (censimento 2011), a destra chi esce per lavorare (censimento permanente 2021). Ogni linea unisce Bagheria a un comune di destinazione, e la percentuale accanto a ciascuna meta è la quota di chi esce che va lì: è la risposta letterale alla domanda del bando sul pendolarismo, con il nome del comune di arrivo. Nove studenti su dieci che escono dal comune vanno a Palermo (91,1%), e due lavoratori su tre (65,1%). Il secondo comune di destinazione non supera il 7,3%: la direzione è una sola. Su entrambe le misure Bagheria sta oltre il 90° percentile dei 381 comuni siciliani non capoluogo per quota di chi esce diretta al proprio capoluogo di provincia.","spessore e opacità di ogni linea sono proporzionali al numero di persone, e la dimensione del pallino sulla destinazione lo è al numero di arrivi. Le linee sono rette fra i centroidi comunali e non percorsi reali: dicono quanti e verso dove, non per quale strada. Il riquadro è il corridoio Bagheria-Palermo, 65 per 36 km, e contiene le destinazioni che valgono il 90% del flusso; la quota rimasta fuori dal riquadro è annotata in basso a sinistra in ciascun pannello, invece di essere disegnata come una linea che esce dal bordo. Sono nominate le prime cinque destinazioni di ogni scena. Il punto vermiglio è Bagheria, origine di tutte le linee. Le due annate stanno una per pannello e non in serie: il 2011 conta chi si sposta giornalmente, il 2021 chi si reca al lavoro almeno tre giorni a settimana, e il 2021 copre il solo motivo lavoro. Si confronta la composizione, cioè dove vanno su cento che escono, mai quanti escono. La matrice non ha la dimensione dell'età, quindi il target 15-34 del bando non è isolabile su questa fonte; chi esce per studio è però quasi solo secondaria superiore e università, perché a Bagheria i cicli precedenti ci sono tutti.","ISTAT, Matrici del pendolarismo, censimento della popolazione 2011 (studio) e censimento permanente 2021 (lavoro), origine-destinazione comune per comune, su studio 2011: 1.706 persone; lavoro 2021: 4.808 persone. Confini: ISTAT, unità amministrative generalizzate al 01/01/2026, sistema di riferimento EPSG:32633 (WGS 84 / UTM 33N). Elaborazione: notebooks/mobilita.ipynb (data/processed/mob_flussi_bagheria.csv)."
mob_fig02_ribaltamento,28,22,"Le ragazze di Bagheria escono più dei coetanei per studiare, le donne molto meno per lavorare","Scarto fra femmine e maschi nella propensione a uscire dal comune, misurato separatamente per i due motivi dello spostamento: la quota di chi esce dal comune sul totale di chi si sposta quotidianamente per quel motivo, calcolata per genere, e riportata come femmine meno maschi in punti percentuali. A sinistra cinque territori sui due motivi, a destra Bagheria nella distribuzione dei 390 comuni siciliani del «ribaltamento», cioè lo scarto sullo studio meno lo scarto sul lavoro. Fra chi già si sposta per studiare escono dal comune 2,6 punti più femmine che maschi. Fra chi si sposta per lavorare, 12,1 punti meno donne che uomini. Il salto fra le due misure vale 14,7 punti a Bagheria, contro 6 in Sicilia e 6,5 in Italia: due volte e mezza. Il denominatore è già condizionato al motivo (chi si sposta per lavoro un lavoro ce l'ha), quindi è una misura indipendente sullo stesso passaggio, che sta in piedi da sola accanto al divario occupazionale. La stessa misura sul censimento permanente del 2018, cioè un'altra rilevazione sette anni dopo, dà per Bagheria +11,3 contro +5,6 siciliano.","nel pannello di sinistra ogni linea è un territorio e la sua pendenza è il finding: unisce lo scarto sullo studio a quello sul lavoro, e il cambio di segno è il ribaltamento. Bagheria è in vermiglio e a tratto spesso, gli altri quattro territori sono grigi perché servono a mostrare che il ribaltamento esiste ovunque e che quello che cambia è l'ampiezza. La riga orizzontale chiara è lo zero, cioè la parità fra i generi. Le etichette di fine linea sono scostate in verticale quel tanto che basta a non sovrapporsi: i punti stanno sul valore vero, le scritte no. Nel pannello di destra ogni barra conta i comuni con quel valore di ribaltamento; la riga grigia è la mediana dei 390 comuni e quella vermiglia è Bagheria, con il suo percentile. «5 comuni vicini» è l'aggregato di Santa Flavia, Ficarazzi, Villabate, Casteldaccia e Misilmeri. I 390 comuni sono presi ai confini del 2011, l'universo usato da tutti i thread del progetto, e la matrice non ha la dimensione dell'età: il target 15-34 del bando non è isolabile su questa fonte. Chi esce dal comune per studio è però quasi solo secondaria superiore e università, perché a Bagheria i cicli precedenti ci sono tutti.","ISTAT, Matrice del pendolarismo, censimento della popolazione 2011 (conteggio esaustivo su 11.153 pendolari a Bagheria: non è una stima campionaria), più il Censimento permanente della popolazione del 2018 per il controllo su una rilevazione indipendente. Elaborazione: notebooks/mobilita.ipynb (data/processed/mob_ribaltamento.csv, mob_ribaltamento_territori.csv, mob_ribaltamento_390.csv, mob_treno_390.csv per i denominatori e genere_pendolarismo.csv per il controllo)."
mob_fig03_treno_genere,30,26,"Fra chi esce da Bagheria, le donne prendono il treno quasi il doppio degli uomini","Tre letture della stessa popolazione, i residenti di Bagheria che escono dal comune: il pannello A dà la composizione per mezzo di trasporto, in percentuale degli spostamenti di ciascun genere, il pannello B la distribuzione per fascia oraria di uscita da casa, il pannello C la posizione di Bagheria nella distribuzione siciliana dell'uso del treno. Il pannello C è parte della lettura e non un'appendice: senza, il pannello A si leggerebbe come «serve più treno», mentre il treno a Bagheria c'è già più che quasi ovunque in Sicilia. Fra chi esce dal comune, il mezzo collettivo vale il 34,7% degli spostamenti delle donne e il 18,9% di quelli degli uomini; il solo treno il 31,5% contro il 16,4%. Gli uomini guidano: 79% su mezzo privato a motore, contro il 63,6%. Per le donne il servizio è il canale d'accesso più che una comodità: se l'orario non copre, l'accesso non c'è. Ma il pannello C sposta il vincolo altrove: di treno Bagheria ne usa già più del 98% dei comuni siciliani. Il divario di genere si apre altrove: nel passaggio dallo studio al lavoro (mob_fig02).","nei pannelli A e B il colore è il genere, rosa le donne e blu gli uomini, e le due barre affiancate della stessa riga sono i due generi sulla stessa voce. Nel pannello A la barra «di cui: treno» è staccata dalle altre perché è un sottoinsieme della classe «collettivo» e non una quinta classe: le quattro classi sommano a 100, la barra del treno no. Le classi seguono la convenzione di 8milaCensus, verificata ricostruendo gli indicatori M5, M6 e M7, e «collettivo» esclude l'autobus aziendale o scolastico, che è contato a parte. Nel pannello C ogni barra conta i comuni con quel valore, la riga vermiglia è Bagheria e il percentile è scritto accanto; restano fuori i 13 comuni su 390 dove escono meno di 100 persone al giorno, perché sotto quella soglia la quota è rumore. Il percentile mostrato è quello grezzo, e a parità di distanza dal capoluogo e di dimensione il residuo di Bagheria resta al 97°. Mezzo, orario di uscita e durata sono rilevati su campione nei comuni sopra i 20.000 abitanti, e Bagheria è uno di questi: i valori dei pannelli A e B sono stime, calibrate sui margini esatti dei record di tipo S. Della fascia oraria si conosce solo l'uscita di casa: del rientro la matrice non dice nulla, e l'ipotesi del carico di cura resta un'ipotesi non verificata da questi dati.","ISTAT, Matrice del pendolarismo, censimento della popolazione 2011, su 2.240 donne e 4.284 uomini che escono dal comune. Elaborazione: notebooks/mobilita.ipynb (data/processed/mob_mezzo_genere.csv, mob_orario_genere.csv e mob_treno_390.csv)."
mob_fig04_taglia_distanza,28,23,Bagheria si muove quanto un comune della sua taglia a quella distanza,"Quota di pendolari che esce dal comune per lavoro, in percentuale dei pendolari del comune, messa in relazione con la distanza dal capoluogo di provincia: il pannello A mostra tutti i comuni non capoluogo e le curve del valore atteso, il pannello B la posizione di Bagheria prima e dopo il controllo. La figura serve a togliere di mezzo un claim, non a stabilirne uno: dice che «Bagheria si muove poco» è una lettura sbagliata di un numero giusto. Il dato grezzo mette Bagheria al 36° percentile dei 381 comuni siciliani non capoluogo per quota di chi esce a lavorare. Sembra un'anomalia, e i vicini la rafforzano: Ficarazzi manda fuori il 75% dei suoi pendolari, Bagheria il 40%. Ma fuori comune si va per mancanza di lavoro dentro, e Bagheria è il comune più grande della corona: 11.974 pendolari contro i 3.167 di Ficarazzi. Controllando distanza e dimensione, che sono due variabili geografiche e non di comportamento, il residuo è di -1,9 punti e il percentile sale al 48°. La particolarità di Bagheria è chi si muove, e per quale motivo (mob_fig02 e mob_fig03).","nel pannello A ogni punto grigio è un comune e Bagheria è il punto vermiglio. Il diametro del punto è il numero di pendolari del comune, cioè proprio la variabile che spiega l'apparente anomalia: si vede a occhio che i comuni grandi stanno in basso. L'asse orizzontale è logaritmico perché il modello è nel logaritmo della distanza: così il valore atteso appare come la retta che è. Le due linee scure sono il valore atteso dal modello a due taglie fissate, e non una interpolazione dei punti: la distanza fra le due curve è quanto la sola taglia sposta l'atteso. Nel pannello B ogni barra conta i comuni, e le due righe vermiglie sono Bagheria prima del controllo (quota grezza) e dopo (residuo del modello): il salto fra le due posizioni è il finding. Il modello è una regressione lineare della quota di uscita sul logaritmo della distanza dal capoluogo e sul logaritmo del numero di pendolari (n = 381, R quadro = 0,31, errori standard HC3): serve a togliere di mezzo taglia e posizione, e sono due regressori geografici senza nessuna pretesa causale. La distanza è in linea d'aria fra i centroidi ISTAT (EPSG:32633): non è distanza stradale né tempo di viaggio, e per i comuni montani la sottostima. I nove capoluoghi restano fuori perché per loro la misura non è definita: è l'unica esclusione dai 381 comuni disegnati.","ISTAT, Matrice del pendolarismo, censimento permanente 2021, motivo lavoro, origine-destinazione comune per comune (conteggio esaustivo, non stima campionaria). Elaborazione: notebooks/mobilita.ipynb (data/processed/mob_taglia_distanza.csv e mob_curva_attesa.csv)."
