scaricato_il,file,url,bytes,sha256
2026-08-12T13:35:12+00:00,8milacensus_indicatori_sicilia_2026-08-12.csv,https://ottomilacensus.istat.it/fileadmin/download/19/confini/confini_19.csv,839616,94a5fcda71dd3f02e2e528f1859f5f459c956aea99b2c5c07732dd396abf5326
2026-08-12T13:35:13+00:00,8milacensus_indicatori_prov_reg_italia_2026-08-12.csv,https://ottomilacensus.istat.it/fileadmin/download/Province_Regioni_Italia_confini_2011.csv,192124,96232689c92ed236f6c97cb00f8963cc9509c846616aa1d97024231fae3ccf56
2026-08-12T13:35:13+00:00,8milacensus_codebook_2026-08-12.csv,https://ottomilacensus.istat.it/fileadmin/download/Descrizione_degli_indicatori_serie_confini_2011.csv,22521,5b8862f8909757178815190a17cabbdc2dfaa7fe2afdd16cdfccc4c54396f55a
2026-08-12T13:35:13+00:00,8milacensus_legenda_simboli_2026-08-12.csv,https://ottomilacensus.istat.it/fileadmin/download/Legenda_codici_e_simboli_indicatori_ai_confini_2011.csv,5815,b69bd8d4e5f9cfadbd29e43477fd6dcc0befac26b064b1c44713ca44e996abf2
2026-08-12T13:35:17+00:00,censpop_lavoro_eta_genere_2026-08-12.csv,"https://esploradati.istat.it/SDMXWS/rest/data/IT1,DF_DCSS_ISTR_LAV_PEN_2_TV_3,1.0/A.082006+082053+ITG1+IT......../ALL/?detail=full",405933,f2ce5afd9190f396b0fcdb63147ceccf3c62fe7e00d0dca742a1b56479555a3b
2026-08-12T13:35:23+00:00,censpop_istruzione_eta_genere_2026-08-12.csv,"https://esploradati.istat.it/SDMXWS/rest/data/IT1,DF_DCSS_ISTR_LAV_PEN_2_TV_1,1.0/A.082006+082053+ITG1+IT......../ALL/?detail=full",397607,0aebef6bbe89fcf40dd391c548e0a22c219c099468c3b0417b3b3593ff3fadc5
2026-08-12T13:35:28+00:00,censpop_popolazione_eta_singola_2026-08-12.csv,"https://esploradati.istat.it/SDMXWS/rest/data/IT1,DF_DCSS_POP_DEMCITMIG_SETA_1,1.0/A.082006+082053+ITG1+IT......./ALL/?detail=full",1664184,e7a6566bd719e596172e0b82600b6d734126f5b8eb41d896e403d8dfcde81b8e
2026-08-12T14:01:04+00:00,codelist_genere_2026-08-12.json,https://esploradati.istat.it/SDMXWS/rest/codelist/IT1/CL_SEXISTAT1/1.0,893,7b67761a54f90c653fda968e3993f3ce0c628766c2522f76d5db0de897095bfc
2026-08-12T14:01:04+00:00,codelist_condizione_2026-08-12.json,https://esploradati.istat.it/SDMXWS/rest/codelist/IT1/CL_FORZE_LAV/1.0,1361,8939dcf69e37d5d1bc32fe6e7a45d2303af0ccc9888fa35a58286ac04ed7bb5e
2026-08-12T14:01:04+00:00,codelist_titolo_studio_2026-08-12.json,https://esploradati.istat.it/SDMXWS/rest/codelist/IT1/CL_TITOLO_STUDIO/1.0,19648,828fbdce12e15de94824a3bed7651778081272bfc486491b30332d219b7ef61d
2026-08-12T14:01:04+00:00,codelist_cittadinanza_2026-08-12.json,https://esploradati.istat.it/SDMXWS/rest/codelist/IT1/CL_CITTADINANZA/1.0,1159,c3a7fdc16b78f1c1b74c12b81ef8c7a1b3637dee6af4f382a8ebe0c04cbda66b
2026-08-12T14:01:04+00:00,codelist_stato_civile_2026-08-12.json,https://esploradati.istat.it/SDMXWS/rest/codelist/IT1/CL_STATCIV2/1.0,10697,d673ca0e4e425ef25032a0d3c28f91baf4af758a6da863fd58f16682d529a758
2026-08-12T14:01:05+00:00,codelist_eta_2026-08-12.json,https://esploradati.istat.it/SDMXWS/rest/codelist/IT1/CL_ETA1/1.0,54308,c0569a165375ccc3b4ed44e616cf33a47913f933ab6ea79f57cae9139fbe6a57
2026-08-12T17:17:58+00:00,istat_confini_comuni_2026-08-12.zip,https://www.istat.it/storage/cartografia/confini_amministrativi/generalizzati/2026/Limiti01012026_g.zip,10450609,b011a590656c3a3ebc297fba80726a376aa843b6f164641cf6a4a990021a81d6
2026-08-25T15:33:52+00:00,censpop_lavoro_vicini_2026-08-25.csv,"https://esploradati.istat.it/SDMXWS/rest/data/IT1,DF_DCSS_ISTR_LAV_PEN_2_TV_3,1.0/A.082067+082035+082079+082023+082048......../ALL/?detail=full",509935,1c73c77932dd53a971c6fc7ecd0cb286d285f8a3b36ddf449ca40c17cf2a254d
2026-08-25T15:59:27+00:00,censpop_popolazione_vicini_2026-08-25.csv,"https://esploradati.istat.it/SDMXWS/rest/data/IT1,DF_DCSS_POP_DEMCITMIG_SETA_1,1.0/A.082067+082035+082079+082023+082048......./ALL/?detail=full",1781451,225e6b2fc2f156c7393d82d0e168f049be43addb121e1ebd7face3a62647304d
2026-08-25T16:16:22+00:00,censpop_istruzione_vicini_2026-08-25.csv,"https://esploradati.istat.it/SDMXWS/rest/data/IT1,DF_DCSS_ISTR_LAV_PEN_2_TV_1,1.0/A.082067+082035+082079+082023+082048......../ALL/?detail=full",494241,c1767f06e1410b59754b1c350605148e22237c06462f26e9892aa35f66e96c00
2026-08-25T19:10:11+00:00,censpop_lavoro_gemelle_2026-08-25.csv,"https://esploradati.istat.it/SDMXWS/rest/data/IT1,DF_DCSS_ISTR_LAV_PEN_2_TV_3,1.0/A.082070+082067+082020+082073+082048+082005+082071+081008+084028+084041......../ALL/?detail=full",1019573,8b921ba3c41511ea9b451bb78188833737e68354524db46c9d698f958d900d82
2026-08-25T19:11:26+00:00,censpop_demografia_classi_2026-08-25.csv,"https://esploradati.istat.it/SDMXWS/rest/data/IT1,DF_DCSS_POP_DEMCITMIG_TV_1,1.0/A.082006+082053+ITG1+IT......./ALL/?detail=full",279509,07415212fa4ea274a6000663787e93599082a5dce08a67b363b98857a9affc6b
2026-08-25T19:11:46+00:00,censpop_lavoro_15piu_sicilia_01_2026-08-25.csv,"https://esploradati.istat.it/SDMXWS/rest/data/IT1,DF_DCSS_ISTR_LAV_PEN_2_TV_3,1.0/A.081001+081002+081003+081004+081005+081006+081007+081008+081009+081010+081011+081012+081013+081014+081015+081016+081017+081018+081019+081020+081021+081022+081023+081024+082001+082002+082003+082004+082005+082006+082007+082008+082009...Y_GE15.TOTAL.ALL.../ALL/?detail=full",667624,f2a9bd5469a1814eaef781b75bfb5bd849fcc418ffa7db65f082fd63059c967d
2026-08-25T19:11:59+00:00,censpop_lavoro_15piu_sicilia_02_2026-08-25.csv,"https://esploradati.istat.it/SDMXWS/rest/data/IT1,DF_DCSS_ISTR_LAV_PEN_2_TV_3,1.0/A.082010+082011+082012+082013+082014+082015+082016+082017+082018+082019+082020+082021+082022+082023+082024+082025+082026+082027+082028+082029+082030+082031+082032+082033+082034+082035+082036+082037+082038+082039+082040+082041+082042...Y_GE15.TOTAL.ALL.../ALL/?detail=full",665207,9c181deaf762664392a44ac22baea7692822b171d9df1f71caa9e0282cd1dc1d
2026-08-25T19:12:18+00:00,censpop_lavoro_15piu_sicilia_03_2026-08-25.csv,"https://esploradati.istat.it/SDMXWS/rest/data/IT1,DF_DCSS_ISTR_LAV_PEN_2_TV_3,1.0/A.082043+082044+082045+082046+082047+082048+082049+082050+082051+082052+082053+082054+082055+082056+082057+082058+082059+082060+082061+082062+082063+082064+082065+082066+082067+082068+082069+082070+082071+082072+082073+082074+082075...Y_GE15.TOTAL.ALL.../ALL/?detail=full",665622,592720561a0ead3b053939d9023c6307fe254acf7068689ade90170a03e794c0
2026-08-25T19:12:38+00:00,censpop_lavoro_15piu_sicilia_04_2026-08-25.csv,"https://esploradati.istat.it/SDMXWS/rest/data/IT1,DF_DCSS_ISTR_LAV_PEN_2_TV_3,1.0/A.082076+082077+082078+082079+082080+082081+082082+083001+083002+083003+083004+083005+083006+083007+083008+083009+083010+083011+083012+083013+083014+083015+083016+083017+083018+083019+083020+083021+083022+083023+083024+083025+083026...Y_GE15.TOTAL.ALL.../ALL/?detail=full",664517,1c581cef8b807b98e3896a9f5e8705ddee57f2965a5a79b3d53d0d0482cfce91
2026-08-25T19:12:57+00:00,censpop_lavoro_15piu_sicilia_05_2026-08-25.csv,"https://esploradati.istat.it/SDMXWS/rest/data/IT1,DF_DCSS_ISTR_LAV_PEN_2_TV_3,1.0/A.083027+083028+083029+083030+083031+083032+083033+083034+083035+083036+083037+083038+083039+083040+083041+083042+083043+083044+083045+083046+083047+083048+083049+083050+083051+083052+083053+083054+083055+083056+083057+083058+083059...Y_GE15.TOTAL.ALL.../ALL/?detail=full",664625,0b91b8c166184ce36578d1da58c6a5dc1c8b2afd50c52407b5e207909dcad8c9
2026-08-25T19:13:16+00:00,censpop_lavoro_15piu_sicilia_06_2026-08-25.csv,"https://esploradati.istat.it/SDMXWS/rest/data/IT1,DF_DCSS_ISTR_LAV_PEN_2_TV_3,1.0/A.083060+083061+083062+083063+083064+083065+083066+083067+083068+083069+083070+083071+083072+083073+083074+083075+083076+083077+083078+083079+083080+083081+083082+083083+083084+083085+083086+083087+083088+083089+083090+083091+083092...Y_GE15.TOTAL.ALL.../ALL/?detail=full",664921,6fa984a06396bd9bd8596e526cf31d6ede693716a93884b4566305badf59f063
2026-08-25T19:13:38+00:00,censpop_lavoro_15piu_sicilia_07_2026-08-25.csv,"https://esploradati.istat.it/SDMXWS/rest/data/IT1,DF_DCSS_ISTR_LAV_PEN_2_TV_3,1.0/A.083093+083094+083095+083096+083097+083098+083099+083100+083101+083102+083103+083104+083105+083106+083107+083108+084001+084002+084003+084004+084005+084006+084007+084008+084009+084010+084011+084012+084013+084014+084015+084016+084017...Y_GE15.TOTAL.ALL.../ALL/?detail=full",665470,c78ab16d89feb8010ae719350e434b93a4ede7386a2291d30da229305095f612
2026-08-25T19:13:55+00:00,censpop_lavoro_15piu_sicilia_08_2026-08-25.csv,"https://esploradati.istat.it/SDMXWS/rest/data/IT1,DF_DCSS_ISTR_LAV_PEN_2_TV_3,1.0/A.084018+084019+084020+084021+084022+084023+084024+084025+084026+084027+084028+084029+084030+084031+084032+084033+084034+084035+084036+084037+084038+084039+084040+084041+084042+084043+085001+085002+085003+085004+085005+085006+085007...Y_GE15.TOTAL.ALL.../ALL/?detail=full",665656,a681ff9d45d55ee467dd08d79e48d707398f94dd523a5b78cf98631d896e3632
2026-08-25T19:14:15+00:00,censpop_lavoro_15piu_sicilia_09_2026-08-25.csv,"https://esploradati.istat.it/SDMXWS/rest/data/IT1,DF_DCSS_ISTR_LAV_PEN_2_TV_3,1.0/A.085008+085009+085010+085011+085012+085013+085014+085015+085016+085017+085018+085019+085020+085021+085022+086001+086002+086003+086004+086005+086006+086007+086008+086009+086010+086011+086012+086013+086014+086015+086016+086017+086018...Y_GE15.TOTAL.ALL.../ALL/?detail=full",665696,5f1fef4ce2867e54650f0f7178fdf6990cbec8690f63ec3dc0572dab1f57cfc9
2026-08-25T19:14:36+00:00,censpop_lavoro_15piu_sicilia_10_2026-08-25.csv,"https://esploradati.istat.it/SDMXWS/rest/data/IT1,DF_DCSS_ISTR_LAV_PEN_2_TV_3,1.0/A.086019+086020+087001+087002+087003+087004+087005+087006+087007+087008+087009+087010+087011+087012+087013+087014+087015+087016+087017+087018+087019+087020+087021+087022+087023+087024+087025+087026+087027+087028+087029+087030+087031...Y_GE15.TOTAL.ALL.../ALL/?detail=full",666565,158575f13757ac4ad804bc648fca1f23430ecc8afcbfcd86c1804eaff9d8ca8f
2026-08-25T19:14:57+00:00,censpop_lavoro_15piu_sicilia_11_2026-08-25.csv,"https://esploradati.istat.it/SDMXWS/rest/data/IT1,DF_DCSS_ISTR_LAV_PEN_2_TV_3,1.0/A.087032+087033+087034+087035+087036+087037+087038+087039+087040+087041+087042+087043+087044+087045+087046+087047+087048+087049+087050+087051+087052+087053+087054+087055+087056+087057+087058+088001+088002+088003+088004+088005+088006...Y_GE15.TOTAL.ALL.../ALL/?detail=full",666207,62c7c0a915041740026e85aa15cc59d7dc0e071f1b5dbfff3335a8b719cfee03
2026-08-25T19:15:16+00:00,censpop_lavoro_15piu_sicilia_12_2026-08-25.csv,"https://esploradati.istat.it/SDMXWS/rest/data/IT1,DF_DCSS_ISTR_LAV_PEN_2_TV_3,1.0/A.088007+088008+088009+088010+088011+088012+089001+089002+089003+089004+089005+089006+089007+089008+089009+089010+089011+089012+089013+089014+089015+089016+089017+089018+089019+089020+089021...Y_GE15.TOTAL.ALL.../ALL/?detail=full",545270,48d3abc447bb6bcd6bc33ebc0d4c099e080e89cf54fbaf994ca1f989a620b96d
2026-08-25T22:06:53+00:00,popres_stato_civile_eta_2026-08-26.csv,"https://esploradati.istat.it/SDMXWS/rest/data/IT1,22_289_DF_DCIS_POPRES1_26,1.0/A.082006+082053+ITG1+IT..../ALL/?detail=full",5129640,ae32a1f88e96d4e26eb0532a2d0c783be33a2ad73a1c50cfda3e045ca4a1016d
2026-08-25T22:06:54+00:00,codelist_stato_civile_2026-08-26.json,https://esploradati.istat.it/SDMXWS/rest/codelist/IT1/CL_STATCIV2/1.0,10697,7c90cb66fbee154d41b8f48c3359b9a06e902d61957496b1c6f72db7dce88f3c
2026-08-28T21:55:39+00:00,istat_matrice_pendolarismo_1991_2026-08-28.zip,https://www.istat.it/storage/cartografia/matrici_pendolarismo/matrici_pendolarismo_1991.zip,11366726,e00725e02f12ec663e32f7f60ed08b528702fbe77e6b99b22fd476b88ca9bdd9
2026-08-28T21:55:43+00:00,istat_matrice_pendolarismo_2001_2026-08-28.zip,https://www.istat.it/storage/cartografia/matrici_pendolarismo/matrici_pendolarismo_2001.zip,14501471,b5ff766afa5b43487e472ed92ebcd4a6cddbaf673f04a3d57c60618b68ed8b70
2026-08-28T21:56:18+00:00,istat_matrice_pendolarismo_2011_2026-08-28.zip,https://www.istat.it/storage/cartografia/matrici_pendolarismo/matrici_pendolarismo_2011.zip,36016150,36ab2a95a23c75f48019274d06506887e996c2833c9ac5e994f6ced175ad3586
2026-08-28T22:08:55+00:00,istat_matrice_pendolarismo_lavoro_2021_2026-08-29.zip,https://esploradati.istat.it/databrowser/DWL/PERMPOP/MATPEN/matrix_pendoLAVORO_2021.zip,1573552,78795a98d97f75d26f14c66495f798f1ff96a3555587771a52f97e7f96d7bc51
2026-08-28T22:08:55+00:00,istat_matrice_pendolarismo_lavoro_2021_leggimi_2026-08-29.doc,https://esploradati.istat.it/databrowser/DWL/PERMPOP/MATPEN/leggimi_file_matrix_pendoLAVORO_2021.doc,48128,7974cbfaf6d67fcdbe05dae350f5f7e0f69f35fcae80b111d6cb82f2c6457fda
